file,sha256,rows,balance_rows,motor_mode,end_reason,possible_capacity_cutoff,balance_elapsed_s,max_balance_gap_ms,measured_drift_peak_rad,tracking_within_2deg_percent,ramp_complete_s_after_engage,drift_at_ramp_rad,pre_ramp_peak_tracking_error_deg,pre_ramp_offset_at_peak_error_deg,post_ramp_peak_tracking_error_deg,post_ramp_offset_at_peak_error_deg,post_ramp_peak_s_after_engage
200hz_balanced_16s.csv,4b3fa9de82786dc6df735c25ef73a75f733946d96d9a806033d6917f71d19c32,1251,817,legacy/unspecified,unknown,False,16.318,24.0,nan,77.84577723378213,,,,,,,
200hz_base87_close_run.csv,854b69aa5ca593d08b62c6243f4bdd724341850aefa80ce97a8032ed53a6b605,1470,1036,legacy/unspecified,unknown,False,20.7,24.0,nan,35.32818532818533,,,,,,,
200hz_feedforward_test.csv,b4160ff7dabd24356479a6efdb12e934fc61ff009ae7ee5833f19413be3d33a1,463,463,legacy/unspecified,unknown,False,10.061,852.0,nan,0.0,,,,,,,
bal_20260409_220324.csv,eaee00f8df5c1113b5e8724cc9997d8672b07b7877da6119f631c164c6e9fba5,580,146,legacy/unspecified,unknown,False,2.904,23.0,26.97,50.0,,,,,,,
bal_20260409_221043.csv,7649316e2dcd86b810fa2214cfd546685bae5bd8155cb309f2ddecf37a2930b8,574,140,legacy/unspecified,unknown,False,2.779,22.0,23.48,39.285714285714285,,,,,,,
bal_20260409_221845.csv,a6b437cf50dbefb7b7823b512c9f16bcf4949bc70a7abbacc1c6b5a8362bc747,583,149,legacy/unspecified,unknown,False,2.959,23.0,29.64,47.651006711409394,,,,,,,
bal_20260409_222714.csv,151594bfed9ef4228e96c06a20b0e15f65306d0840358cf304336b5051f1a375,568,134,legacy/unspecified,unknown,False,2.66,23.0,22.38,51.492537313432834,,,,,,,
bal_20260409_223214.csv,064759126d49767d90741b3ef92dbebd1d6663dc2e95d142b3b0d7da49cb5dec,1500,1066,legacy/unspecified,unknown,False,21.299,24.0,7.92,86.39774859287054,,,,,,,
bal_20260409_224632.csv,4aa806cae81e6d65f6198bd526c1504003070ee433de3edadd518105f2c1fa88,1500,1066,legacy/unspecified,unknown,False,21.299,23.0,5.68,87.5234521575985,,,,,,,
bal_20260409_225509.csv,38f1728ce5f5cc1d3b4734d2999dc2816689be59cd8701bf63cb57bc26480f35,1499,1065,legacy/unspecified,unknown,False,21.279,23.0,2.74,90.4225352112676,,,,,,,
bal_20260409_225753.csv,fd523e1e62044a07e41acc5ac2a8519edcb56af74ab0d418c27f908ce4e19eff,960,526,legacy/unspecified,unknown,False,10.499,24.0,12.19,74.52471482889734,,,,,,,
bal_20260409_230538.csv,02a86ae89cd7de641723a2adccdb55491a0ae7ca21c997c1a79e363613239302,1327,893,legacy/unspecified,unknown,False,17.842,24.0,6.97,73.01231802911533,,,,,,,
bal_20260409_230938.csv,1aac571a6f060f6c5aefd444a7fe6c398bc0c9434326936b48a8a37f416c5ef7,2135,1701,legacy/unspecified,unknown,False,34.001,23.0,8.5,70.95825984714874,,,,,,,
bal_20260409_231344.csv,06564dd62cc1ff5c0aa8941554a8bc8a66894f17b5d95358ed1eb9cdaac69c73,2873,2439,legacy/unspecified,unknown,False,48.93,203.0,5.79,97.0479704797048,,,,,,,
bal_20260409_232108.csv,5da3ee16bc4bd5b19698ac55ccdfbd992186c1ce58f2e1757088e9cf3400bdc3,491,57,legacy/unspecified,unknown,False,1.12,22.0,27.05,12.280701754385966,,,,,,,
bal_20260409_232735.csv,b79f5ca73472b6aad7a6d1a8d0fd72d2c5c964b26d95b3d496edd500be002de0,1460,1026,legacy/unspecified,unknown,False,21.082,614.0,5.66,77.87524366471735,,,,,,,
bal_20260409_233040.csv,4e48740932543c2a7c48a7296188a88454cbbe59dc9aa946e3594c68395e45c9,1036,602,legacy/unspecified,unknown,False,12.02,23.0,9.3,73.421926910299,,,,,,,
bal_20260410_200016.csv,34ac63c6ac74abdef15e95773bb249610e6532af922e5b7537c59d26fe10cc76,1210,776,legacy/unspecified,unknown,False,15.502,23.0,12.27,55.28350515463917,,,,,,,
bal_20260410_200622.csv,d36c23789bd45b3a7de2f88554077400a18abc171200966d7822b6fbb2a73125,907,473,legacy/unspecified,unknown,False,9.44,23.0,13.96,54.96828752642706,0.621,-0.02,,,,,
bal_20260410_201026.csv,368fd3955567f4f57c52fbca8322f3227b7171154e91ac02a896692776f155cd,1582,1148,legacy/unspecified,unknown,False,22.94,22.0,15.03,68.20557491289199,5.821,-0.23,,,,,
bal_20260410_201448.csv,7e741abaf1091c69249d94fdda7a2474093137b577506446afc60dcff0b0f32a,718,284,legacy/unspecified,unknown,False,5.661,23.0,8.09,20.774647887323944,,,,,,,
bal_20260410_204824.csv,e926f0bf9db0eacaf558b79156d2af8c5e976470b4e02c65f763b2c9066514d6,1620,1186,legacy/unspecified,unknown,False,23.697,24.0,8.74,56.323777403035415,0.699,-0.3,,,,,
bal_20260410_205347.csv,f178608ddd51b8334fd0f9c4c3cc1f0f09a10990033ecec5af4e29e4e6afa0dd,1621,1187,legacy/unspecified,unknown,False,23.72,23.0,27.55,46.92502106149958,0.72,0.52,,,,,
bal_20260410_210127.csv,a6d9ab5f88f20c95478e2327b4a0df2e06f32e33123eeb80781776fd9051ff14,806,372,legacy/unspecified,unknown,False,7.418,22.0,9.24,14.78494623655914,0.22,0.16,,,,,
bal_20260410_210747.csv,a331b92b04f94ef1120153b1b1f7016ddf3651bbd59cec77fabd12fbc1d01b5c,1437,1003,legacy/unspecified,unknown,False,20.042,23.0,20.61,77.56729810568295,0.74,0.74,,,,,
bal_20260410_211316.csv,a6c33c830b0eaf1dbdb7f500036c0ed2b99bf552bff0e7f28859d5488453f525,2051,1617,legacy/unspecified,unknown,False,33.152,866.0,17.98,71.05751391465677,0.738,0.75,,,,,
bal_20260410_222145.csv,8019499caf2adf195a9ead2fd27b635d6d082ff09a8b116316ce564ea6d622af,2378,1944,legacy/unspecified,unknown,False,38.911,82.0,4.37,97.8395061728395,0.619,0.11,,,,,
bal_20260410_223145.csv,12f095f0609e61c946ff8b179b42dad64fd5ec591257bbb2a0d2159f9ee10ca4,2154,1720,legacy/unspecified,unknown,False,34.66,313.0,5.11,96.68604651162791,2.72,0.15,,,,,
bal_20260410_223740.csv,0a0f9472e1ac4021ddf19e2b20ce6c862608c00141ac1523dce8f932451ce230,2511,2077,legacy/unspecified,unknown,False,41.52,24.0,10.36,82.956186807896,0.841,0.96,,,,,
bal_20260410_224228.csv,3b2363f4a72811a011cf26167a6cf9c4b89f475b39b8fc757d4d14c70138587a,2957,2523,legacy/unspecified,unknown,False,50.44,24.0,11.62,92.54855330955212,0.6,-0.09,,,,,
bal_20260411_091031.csv,03862cdeff597065e6799a8dea0166a156dca83e10a78b0194579f04175fc998,820,386,legacy/unspecified,unknown,False,7.702,23.0,11.72,56.21761658031088,0.6,-0.07,,,,,
bal_20260411_092019.csv,bc577be683ccb67c66e0b5bb0ce2880bcd3117739bee5f5043c640c4fd3ae402,1012,578,legacy/unspecified,unknown,False,11.539,23.0,11.04,62.62975778546713,0.62,-0.06,,,,,
bal_20260411_092847.csv,c17dd69310bb6a61aed0e6fc5916ab4995a41656a488728ff43163ebeb564149,1465,1031,legacy/unspecified,unknown,False,20.6,23.0,12.36,71.09602327837051,3.16,0.0,,,,,
bal_20260411_093625.csv,cff5730b5e1757f37600323ddd82ed469e26287e29d96b6ae2fd9ff39257c54f,795,361,legacy/unspecified,unknown,False,7.199,23.0,10.28,67.59002770083103,5.059,0.0,,,,,
bal_20260411_093847.csv,048c9554314c2c097bb3e4d0d814e05850f149fd7d627466c28fb971b86ac2cd,1682,1248,legacy/unspecified,unknown,False,25.264,357.0,7.47,75.40064102564102,1.42,0.0,,,,,
bal_20260411_094120.csv,4075822e2b1b6e9d251629f6ca22242354c07d9bbd949b4e64db6a42ea400e39,1450,1016,legacy/unspecified,unknown,False,22.176,1749.0,10.88,64.0748031496063,1.701,0.0,,,,,
bal_20260411_221653.csv,9a23e7534ae00ca388741e39b5654145670ee876db40213225a0c0864432dd3e,2346,1912,legacy/unspecified,unknown,False,38.221,23.0,12.2,74.84309623430963,1.24,0.0,,,,,
bal_20260411_223410.csv,59b3445d14ae7113e3ffe1cc1d7651cb4cb7bdb28ccc4a055ab4f642761b776a,3000,2566,legacy/unspecified,unknown,True,51.299,23.0,7.33,84.87918939984411,3.321,0.0,,,,,
bal_20260411_224627.csv,05a14fa1cde2d0518f65369797692a5415bea58d9b339c8062ade0496f3ae7dc,1867,1433,legacy/unspecified,unknown,False,28.641,23.0,11.39,70.2721563154222,2.721,0.0,,,,,
bal_20260411_225322.csv,60fd3d39188201300cf30af3c3046b8f173fae5db2009be5ffd6c6d8b93ab5d4,1811,1377,legacy/unspecified,unknown,False,27.52,22.0,9.6,69.57153231663035,4.9,0.0,,,,,
bal_20260411_225612.csv,db5f8b45d49da54c14fed5283b5335dc3177022ee7f13c8cf3cac5b47bb00f8c,990,556,legacy/unspecified,unknown,False,11.102,23.0,8.84,63.84892086330935,1.92,0.0,,,,,
bal_20260412_163928.csv,75ecf73269541948b40b3b353a0f2e1d393b4ad7f166c3680568e86d4e0df21e,2236,1802,legacy/unspecified,unknown,False,36.02,23.0,7.11,95.61598224195339,2.519,0.0,,,,,
bal_20260412_164317.csv,4757887d98f31425746aa670024b8491b0013d516a6877a848dea6a057cb6990,1907,1473,legacy/unspecified,unknown,False,29.441,24.0,12.93,84.18194161575018,2.782,3.1,,,,,
bal_20260412_164912.csv,e7f5191cc5366b7cc157c12a80c3f2d69cbad88b26063a08d7b62d47eaa50a49,3000,2566,legacy/unspecified,unknown,True,52.569,1301.0,10.98,86.98363211223695,4.521,0.0,,,,,
bal_20260412_170823.csv,9e9fe3df87629ea5b96d3d15f1c19c676452792e4e1341d6570e1ecb1f2133df,662,228,legacy/unspecified,unknown,False,4.54,24.0,8.88,68.42105263157895,,,,,,,
bal_20260412_171517.csv,3c69128bbf5a9b785bfadf0563b8cc7306cffffd43ca529d4dbeb6caeaeaf5b5,1780,1346,legacy/unspecified,unknown,False,26.903,23.0,12.43,95.98811292719168,2.68,0.0,,,,,
bal_20260412_172103.csv,aad63bed35934dd2e756c344dd1ab9479e39624396bc46d02947fa7dfea2c04e,2945,2511,legacy/unspecified,unknown,False,50.201,24.0,11.12,86.81800079649543,2.44,0.0,,,,,
bal_20260412_173405.csv,eb2d4fdb99c24542822acadb2125decd544dd180143fafb3909b80295eb14338,453,19,legacy/unspecified,unknown,False,2.816,2483.0,5.06,15.789473684210526,,,,,,,
bal_20260412_174731.csv,f312f0ebe6a1ec90915b4b7503430374032884426ffac20c6b536d931c6abac4,3000,2566,legacy/unspecified,unknown,True,51.575,296.0,11.84,93.80358534684333,2.34,0.0,,,,,
bal_20260412_175422.csv,4aa1820bf944ba6028da994ca1450a1fca4b4ace2762391de8de009ed799d62c,3000,2566,legacy/unspecified,unknown,True,51.298,23.0,12.94,90.95869056897895,4.94,0.0,,,,,
bal_20260412_180129.csv,b88fff632d45ee62f8fc66d05df305cd7edc967745021b2edccb21cfa34f29e7,1003,569,legacy/unspecified,unknown,False,11.361,23.0,8.13,31.10720562390158,2.141,0.0,,,,,
bal_20260412_180748.csv,3f074ca72c96df1b1f310b48274cbc8d0902815b9ff7455737626c1f44d523ce,3000,2566,legacy/unspecified,unknown,True,51.3,23.0,8.12,88.6983632112237,2.2,0.0,,,,,
bal_20260412_183346.csv,3d2e4cd62b755da94ab8c9b80c31aede1f39f358439295e92d2889212689c2d9,1252,818,legacy/unspecified,unknown,False,17.809,1501.0,7.83,87.28606356968216,5.061,0.0,,,,,
bal_20260412_183812.csv,88f0762e1d4edc4ff8b640f6cbb19ce879fad9ffe7d982788b5cc1c1c88f0d85,2494,2060,legacy/unspecified,unknown,False,44.044,2895.0,28.32,94.12621359223301,2.541,0.0,,,,,
bal_20260412_184543.csv,223cf84cb8f451c42e3fa41f09a82f49cd6852ff337860e3eacf2d5a974d6aad,2263,1829,legacy/unspecified,unknown,False,36.559,24.0,8.98,99.28922908693275,2.36,0.0,,,,,
bal_20260412_184913.csv,d34c1000096d6260330425bf5e7e2e300a1fc3eb333ea91342fa86c8f85874b9,1782,1348,legacy/unspecified,unknown,False,26.939,23.0,6.9,98.51632047477744,2.6,0.0,,,,,
bal_20260412_185218.csv,917c6c5ce42c96c74ac60fe8ebb4f60f5a7b4cb3aaf88db19af19cabed2baed1,2174,1740,legacy/unspecified,unknown,False,34.78,23.0,5.03,99.94252873563218,2.5,0.0,,,,,
bal_20260412_185728.csv,5f3362e1d9a1d2b8e2e09a4f092b1a17b9e826439502d02319429b28fbb80005,2806,2372,legacy/unspecified,unknown,False,47.512,124.0,5.84,95.82630691399663,2.459,0.0,,,,,
bal_20260412_190131.csv,4ccc11a0efaa583100897e6e637a4f2d724d196d662629977307062643d4ba4c,2106,1672,legacy/unspecified,unknown,False,33.42,24.0,6.84,96.94976076555024,3.66,0.0,,,,,
bal_20260412_191828.csv,4f6d7db0fdc0e41aa52019d796e39cf16b83d8628fd6e53ba849027a6c74db91,3000,2566,legacy/unspecified,unknown,True,51.3,23.0,9.78,89.71161340607951,3.82,0.0,,,,,
bal_20260412_193312.csv,e4c1f0da95b89411d989046a9f2a6d78f5a477801845b6de01ae7c4f8e43f87e,1380,946,legacy/unspecified,unknown,False,18.899,23.0,8.29,91.86046511627907,3.5,0.0,,,,,
bal_20260412_193809.csv,00ad3fca797e11dad94b446e3d5c2c5d837d8df61c428308bac1c20917b8ccb4,2884,2450,legacy/unspecified,unknown,False,48.98,23.0,7.9,98.0,3.1,0.0,,,,,
bal_20260412_194229.csv,afdee4b63feb4a3008a802f39249227fc1ec024318ef547f8e3dd02479cafebd,2225,1791,legacy/unspecified,unknown,False,35.799,24.0,60.39,88.7213847012842,4.74,0.0,,,,,
bal_20260412_194831.csv,3d9be0a1cad1a3b66795cc91d387ec94a57a4b664c214400abca986204ef4c0d,1601,1167,legacy/unspecified,unknown,False,23.319,23.0,12.42,81.91945158526136,3.101,0.0,,,,,
bal_20260412_200050.csv,614d7c86776303d76916be330f2455317984919d2f0ad55a448aae84e3d3eb51,1407,973,legacy/unspecified,unknown,False,19.44,23.0,13.47,73.17574511819116,3.1,4.48,,,,,
bal_20260412_202206.csv,9e0adcc5b0297259f68b696a335ce7c08f1cee3706fd80548c6023de1b677e3a,1437,1003,legacy/unspecified,unknown,False,20.04,23.0,11.97,70.48853439680957,2.761,-2.88,,,,,
bal_20260412_202543.csv,6cd1697e89524c8d41a2564a104fa32134db6f272eb07915edc933c29934db35,1351,917,legacy/unspecified,unknown,False,18.674,389.0,10.46,89.0948745910578,2.4,6.4,,,,,
bal_20260412_215957.csv,054c099fffc2b9666ac972db134c8416c95b9f069c4a91ca05615c9c1e8155e2,1457,1023,legacy/unspecified,unknown,False,20.441,23.0,11.9,95.40566959921799,0.902,0.49,,,,,
bal_20260412_220427.csv,e137065466baaae9dfb40bfb6bde35b95bc136c9997e90401f04837c47d15031,2864,2430,legacy/unspecified,unknown,False,49.778,1231.0,11.38,95.47325102880659,2.601,2.69,,,,,
bal_20260412_220940.csv,725a15f9313aef6795b3519269e59984ae550ddab59616519165c84bb113fc05,636,202,legacy/unspecified,unknown,False,4.019,23.0,12.01,58.91089108910891,3.321,11.19,,,,,
bal_20260412_221620.csv,52c69f388d6265fbf849f5c0aff262a3f00637e579490cd3a97163acbb63f9e1,1322,879,legacy/unspecified,unknown,False,17.559,23.0,4.75,97.4971558589306,1.901,-3.01,,,,,
bal_20260412_222511.csv,63522a2fab70c7aee2fa345a0d4df4118970dea857aa7054cbeb562530c187d3,1501,1058,legacy/unspecified,unknown,False,24.323,3216.0,12.24,86.01134215500946,2.28,11.85,,,,,
bal_20260412_224607.csv,6654663b268c42fc2a5c52a1ce2b0985a18f38ef34462c738933c58388ffb3d8,1353,919,legacy/unspecified,unknown,False,18.359,23.0,11.89,87.48639825897715,2.14,9.63,,,,,
bal_20260412_224949.csv,1210fe4191499c0a004d964214c89491c8a63ea0754b741cdb2f6080aa8ec83a,1214,773,legacy/unspecified,unknown,False,19.692,4284.0,26.45,65.07115135834411,1.48,0.76,,,,,
bal_20260412_225413.csv,44ade74294ecd009e9cef29d7151f7f6bb63f298e4c2ef26a871cb56994c3278,1137,696,legacy/unspecified,unknown,False,13.899,22.0,11.78,81.46551724137932,2.261,9.5,,,,,
bal_20260412_225745.csv,c3e4ea3b788585d8383fa20e459d260d681d45843826f1668dffad416f3becb8,1435,994,legacy/unspecified,unknown,False,19.859,23.0,10.82,55.63380281690141,2.0,1.41,,,,,
bal_20260412_230134.csv,225c570ecbc74b03be0dfcb287acc39ce1cce6e6a62c4f171520adc24f95dcf0,2041,1600,legacy/unspecified,unknown,False,31.979,23.0,10.33,36.1875,2.619,5.75,,,,,
bal_20260412_230544.csv,8fac5b4e72b673632b9d1445a9a9d01e199422c4ba749ef5c10886e88edc95e9,1062,621,legacy/unspecified,unknown,False,14.114,1749.0,11.35,36.231884057971016,2.659,6.63,,,,,
bal_20260412_230929.csv,27d47e21e1d9fb7561a8524e9579d46858eb9f9e175f7f55f633216e81786d07,1582,1141,legacy/unspecified,unknown,False,22.8,23.0,10.28,62.40140227870289,2.159,10.0,,,,,
bal_20260702_151416.csv,4a78f5db54d780fac0f28341072260fea692863773680512a0dd9a5f084e8678,2638,2197,speed,unknown,False,46.759,2866.0,17.9,88.21119708693674,5.879,0.18,5.579999999999998,0.0,-3.970000000000013,-2.2871,7.239
bal_20260702_152107.csv,74fff08bcfbf114bcfab00a732e713a1b28bd221b897224e4f5c8ec8b55ade88,992,551,speed,unknown,False,12.778,1805.0,10.29,74.41016333938293,4.439,-4.5,-11.519999999999996,0.0,-6.36999999999999,-0.263,4.439
bal_20260702_154158.csv,694d577eefc73b38f60a184f9a01cc223a93602038ea118a1402560588fed8eb,441,0,speed,unknown,False,,,,,,,,,,,
bal_20260702_154823.csv,e5a003b108b6ab83a8f58acbc0489c312609408502c33f2f838aaa840ac643da,637,196,speed,unknown,False,4.524,650.0,6.76,63.775510204081634,3.183,-1.78,-2.469999999999999,0.0,-42.35000000000001,-1.7936,4.524
bal_20260702_155640.csv,a609eda206e2e5934efd25c11e9494cf2ac0ab79b9aa7abe384a47ed4c41a2c1,1376,935,speed,unknown,False,19.715,1060.0,11.62,71.44385026737967,3.216,5.69,30.950000000000003,0.0,-16.650000000000006,0.0,3.216
bal_20260702_161437.csv,068f5d598711c846fbc4d669102e2dd427b14d9e1b7f4437ae4e9c945546257e,3000,2559,speed,unknown,True,52.141,1007.0,13.37,72.52833137944509,3.16,0.11,1.0900000000000034,0.0,1.6400000000000006,0.5694,3.761
bal_20260702_164034.csv,0a861e25140a59da5361328f4df8abc3d6fbdcf9a2bc9538903fc6830c5aad02,1429,988,speed,unknown,False,21.976,2263.0,13.81,74.08906882591093,4.417,1.81,2.059999999999988,0.0,-3.730000000000004,-2.4131,4.557
bal_20260702_164837.csv,09de1d8546fe2932a5fcf13974215d3c3d71c91aef8b54166f1c6180b96d1281,2410,1969,speed,unknown,False,40.852,1519.0,19.25,81.76739461655663,3.713,12.0,7.199999999999989,0.0,4.569999999999993,0.32,3.713
bal_20260702_170714.csv,4b62b9898909ed55dade491ba28317bca531c8b5757e30f4b9187901d9429654,1664,1223,speed,unknown,False,24.799,385.0,5.38,91.00572363041701,2.939,4.1,2.6899999999999977,2.2881,2.049999999999997,2.4416,3.019
bal_20260702_171838.csv,3e928c9dec7ef2d6414fb2534f83d02f1674f2d3b1f50bf7abcb2ed7fb2cc806,3000,2559,speed,unknown,True,52.472,1338.0,10.01,91.7936694021102,3.912,4.7,1.75,2.2377,-1.1200000000000045,-1.1835,4.932
bal_20260702_172527.csv,f2588f622bc7065f3861284968ff51af40cb9cf2101b052f1a82472951aefafa,765,324,speed,unknown,False,14.45,6831.0,18.22,61.111111111111114,10.385,15.92,4.969999999999999,4.4082,-2.3299999999999983,-2.7421,11.425
bal_20260702_173132.csv,f86e1e465d3760db5c14648ce4e6ab1af3f716138d8de61c095fb12836f30a2b,765,324,speed,unknown,False,9.313,2022.0,25.18,60.49382716049383,4.763,8.68,4.230000000000004,2.9186,2.5600000000000023,2.9576,5.643
bal_20260702_173619.csv,bc14bc9e20ad3d7c40a2581470fcd030f3245ceec8e670f3ae98477e11e641e3,1440,999,speed,unknown,False,21.216,739.0,8.13,91.991991991992,3.949,8.13,4.769999999999996,4.0885,3.089999999999989,2.7016,4.611
bal_20260702_174401.csv,94a713ac6f9024a15ad4e43635a48b9cf749d2e1a0431d5fba172c681a1f2f83,3000,2559,speed,unknown,True,55.967,4840.0,9.84,83.97811645173896,8.487,9.18,3.219999999999999,3.451,-1.6899999999999977,-2.1849,8.967
bal_20260702_175240.csv,03951c329fb16d4e164166a7e9e8324a4a89e7535783e07c045172320eb5ff60,2499,2058,speed,unknown,False,41.765,658.0,26.71,87.36637512147716,4.444,10.28,4.510000000000005,4.3116,-2.4099999999999966,-0.7339,5.824
bal_20260702_222841.csv,ae5845421effed940ec76dc2080a098c40fa722eb03b77bdd9ea2dd9f0587b75,3000,2559,speed,unknown,True,52.472,1347.0,14.44,91.09026963657679,5.774,-7.58,-4.019999999999996,-5.1455,-5.179999999999993,-5.66,6.032
bal_20260702_223919.csv,772d9e10f4dcce262eae652d3b1ac2d278a3946170fdd5e2a58b7112bea2180b,3000,2559,speed,unknown,True,58.403,7276.0,5.98,93.20046893317702,10.003,-1.54,-2.0,-3.1519,-2.4299999999999926,-4.6276,10.443
bal_20260702_224649.csv,91baed0fcac9ded62e740000f861696532fb79b23a8e7c2341b7f867fbfc1f5c,3000,2559,speed,unknown,True,53.988,2464.0,15.45,91.59828057835092,6.669,-4.74,-6.319999999999993,-3.9574,-3.6199999999999903,-5.8594,7.929
bal_20260702_225359.csv,9b92891d7d75b45c8a5836930cb7d7b5e9161090e3ddabb6d3cda6b49408a0b0,2273,1832,speed,unknown,False,38.793,2207.0,16.24,31.16812227074236,5.494,12.12,3.8900000000000006,4.0906,6.0,1.5987,6.994
bal_20260702_225944.csv,e33f560ec88755e74565daf57f50d56e6595a2c2d9ef6400869a2e02e3042c18,1197,756,speed,unknown,False,17.421,1362.0,8.41,93.91534391534391,5.593,5.4,3.239999999999995,2.3919,-1.7600000000000051,-2.1585,7.093
bal_20260702_231038.csv,aeefa2411ef6b7c82bfbbcf1057cf623789b77d6a53dadc91386e83c7eeec567,3000,2559,speed,unknown,True,52.496,1369.0,8.96,76.08440797186401,3.096,-1.57,-5.670000000000002,-0.6045,6.599999999999994,2.4388,3.596
bal_20260702_232626.csv,d670dbd4f48ef69ba29287800ba191f855fe03dbc485c4abf1fde58887aca206,2463,2022,speed,unknown,False,42.569,2182.0,13.34,93.7190900098912,6.149,13.12,5.099999999999994,4.5732,0.8799999999999955,0.4503,6.189
bal_20260703_093643.csv,786000c4ac9580563dc187abf74958e5e1472c201eacc29ce9965eb10123d5ce,526,85,speed,unknown,False,2.288,431.0,4.19,63.529411764705884,,,-44.239999999999995,0.0,,,
bal_20260703_094448.csv,c0b7ed1eadf0179839edf637bcea6f681801cbef57a0b7b6102356a6e475f3fe,3000,2559,speed,unknown,True,52.482,1356.0,15.71,93.20046893317702,5.082,15.67,4.099999999999994,1.8599,-1.809999999999988,-1.4569,5.882
bal_20260703_095326.csv,3c031874cdf14c152a74dd0052e2c11c60e6e1b5f0188bb6051ce11297c6d8e4,3000,2559,speed,unknown,True,54.633,3506.0,16.02,70.49628761234857,6.233,15.54,7.679999999999993,0.1473,-1.1300000000000097,1.6608,7.273
bal_20260703_222223.csv,558fc61b08058f2d0246ae78a8a36f18b0d9e63b828e49d120ce8325eb048ad2,1590,1149,speed,unknown,False,23.404,449.0,11.34,87.46736292428199,2.422,10.79,4.6299999999999955,1.8923,2.950000000000003,2.4042,2.422
bal_20260703_222915.csv,bd8b1956c5233ea065827ef7239a92f901919c335e89672f0396d17b6bb47e8c,1598,1157,speed,unknown,False,23.121,25.0,23.62,90.40622299049265,1.462,0.31,0.4300000000000068,0.22,1.6599999999999966,1.1813,1.98
bal_20260703_223630.csv,82ae0801ceda8ad8bc1d9188afcfd4efdf7b5e8ea5fe0dbad0d3d9473d9a2f17,560,119,speed,unknown,False,2.36,25.0,19.9,46.21848739495798,1.839,7.32,6.970000000000013,0.5948,41.82,0.0055,2.36
bal_20260703_224227.csv,382a10112249329dfe1ef7b743b55f114ef5344fd790d651a6d9d681a64ba63c,664,223,speed,unknown,False,9.547,5113.0,10.13,78.9237668161435,3.266,9.1,10.010000000000005,0.0,1.940000000000012,1.6482,3.81
bal_20260703_224824.csv,d64885d0f1ae7fd8a374cdba6d12cd295511529219714827b84ca367a1fbef84,588,147,speed,unknown,False,4.939,961.0,18.03,70.74829931972789,2.16,6.7,4.810000000000002,1.7803,2.8700000000000045,1.6969,3.031
bal_20260703_231458.csv,5581a7e19d11e9b608c9b22e1d676cbbb554efe633e7974872cf4dedeb9c9083,3000,2559,speed,unknown,True,51.161,25.0,12.01,86.63540445486518,2.162,3.62,3.200000000000003,1.6775,4.679999999999993,3.8375,2.32
bal_20260703_233710.csv,76c75ef74db776410f75b6b5c475932ad56408ba99667b589b5abc6f97591943,3000,2559,speed,unknown,True,51.161,27.0,9.63,95.2715904650254,2.181,4.11,3.0600000000000023,1.6651,5.070000000000007,3.8251,2.34
latest_run.csv,036c1d08f6637d4ee9eae161097bde5090f06e91901b3a268298ca7244d8818e,1344,910,legacy/unspecified,unknown,False,21.299,3153.0,nan,96.7032967032967,,,,,,,
