t_ms,state,roll,roll_rate,setpoint,angle_err,motor_vel,integral,bl_pos,br_pos,bl_vel,br_vel,arm_l,arm_r
18,1,-0.02,-0.10,85.00,0.00,0.00,0.000,111.39,119.96,0.06,-0.03,-2.36,3.56
38,1,-0.03,-0.15,85.00,0.00,0.00,0.000,111.39,119.96,0.06,-0.00,-2.36,3.56
57,1,-0.01,0.10,85.00,0.00,0.00,0.000,111.39,119.96,-0.02,-0.00,-2.35,3.57
79,1,0.03,0.68,85.00,0.00,0.00,0.000,111.39,119.96,-0.02,-0.00,-2.34,3.58
99,1,0.16,2.32,85.00,0.00,0.00,0.000,111.39,119.96,-0.02,-0.00,-2.33,3.59
119,1,0.30,3.74,85.00,0.00,0.00,0.000,111.39,119.96,-0.02,-0.00,-2.32,3.60
138,1,0.42,4.31,85.00,0.00,0.00,0.000,111.39,119.96,-0.02,-0.00,-2.30,3.61
158,1,0.54,4.94,85.00,0.00,0.00,0.000,111.39,119.96,-0.02,-0.00,-2.29,3.62
177,1,0.64,5.30,85.00,0.00,0.00,0.000,111.39,119.96,-0.02,-0.00,-2.28,3.63
199,1,0.81,6.01,85.00,0.00,0.00,0.000,111.39,119.97,-0.02,0.06,-2.26,3.64
218,1,0.95,6.35,85.00,0.00,0.00,0.000,111.39,119.97,-0.03,0.06,-2.25,3.65
238,1,1.17,7.79,85.00,0.00,0.00,0.000,111.39,119.97,-0.03,0.06,-2.24,3.66
258,1,1.47,10.06,85.00,0.00,0.00,0.000,111.39,119.97,-0.03,0.06,-2.22,3.67
278,1,1.86,13.08,85.00,0.00,0.00,0.000,111.39,119.97,-0.03,0.06,-2.21,3.68
298,1,2.28,15.78,85.00,0.00,0.00,0.000,111.39,119.97,-0.03,0.06,-2.20,3.69
318,1,2.73,17.81,85.00,0.00,0.00,0.000,111.39,119.97,-0.03,0.06,-2.18,3.70
338,1,3.18,18.99,85.00,0.00,0.00,0.000,111.39,119.97,-0.03,0.06,-2.17,3.71
358,1,3.62,19.76,85.00,0.00,0.00,0.000,111.39,119.97,-0.03,0.04,-2.15,3.72
378,1,4.05,20.21,85.00,0.00,0.00,0.000,111.39,119.97,-0.01,0.04,-2.14,3.73
399,1,4.48,20.54,85.00,0.00,0.00,0.000,111.39,119.97,-0.01,0.04,-2.13,3.75
418,1,4.91,20.81,85.00,0.00,0.00,0.000,111.39,119.97,-0.01,0.04,-2.11,3.76
437,1,5.25,21.35,85.00,0.00,0.00,0.000,111.39,119.97,-0.01,0.04,-2.10,3.77
459,1,5.85,22.41,85.00,0.00,0.00,0.000,111.39,119.97,-0.01,0.04,-2.09,3.78
479,1,6.34,23.02,85.00,0.00,0.00,0.000,111.39,119.97,-0.01,0.04,-2.07,3.80
499,1,6.85,23.69,85.00,0.00,0.00,0.000,111.39,119.97,-0.01,0.04,-2.06,3.81
519,1,7.35,24.00,85.00,0.00,0.00,0.000,111.39,119.97,-0.01,0.04,-2.04,3.82
538,1,7.83,24.00,85.00,0.00,0.00,0.000,111.39,119.97,0.02,0.04,-2.03,3.83
557,1,8.20,24.12,85.00,0.00,0.00,0.000,111.39,119.97,0.02,0.04,-2.01,3.85
579,1,8.84,24.60,85.00,0.00,0.00,0.000,111.39,119.97,0.02,0.04,-2.00,3.86
599,1,9.34,24.79,85.00,0.00,0.00,0.000,111.39,119.97,0.02,0.04,-1.99,3.87
618,1,9.85,24.94,85.00,0.00,0.00,0.000,111.39,119.97,0.02,0.04,-1.97,3.89
638,1,10.37,25.31,85.00,0.00,0.00,0.000,111.39,119.97,0.02,0.04,-1.96,3.90
658,1,10.90,25.69,85.00,0.00,0.00,0.000,111.39,119.97,0.02,0.04,-1.94,3.91
678,1,11.42,25.80,85.00,0.00,0.00,0.000,111.39,119.97,0.02,-0.04,-1.93,3.93
698,1,11.96,26.02,85.00,0.00,0.00,0.000,111.39,119.97,0.01,-0.04,-1.92,3.94
719,1,12.49,26.10,85.00,0.00,0.00,0.000,111.39,119.97,0.01,-0.04,-1.90,3.95
738,1,13.00,25.97,85.00,0.00,0.00,0.000,111.39,119.97,0.01,-0.04,-1.89,3.97
758,1,13.53,26.13,85.00,0.00,0.00,0.000,111.39,119.97,0.01,-0.04,-1.87,3.98
778,1,14.06,26.29,85.00,0.00,0.00,0.000,111.39,119.97,0.01,-0.04,-1.86,3.99
799,1,14.59,26.33,85.00,0.00,0.00,0.000,111.39,119.97,0.01,-0.04,-1.85,4.01
817,1,15.01,26.61,85.00,0.00,0.00,0.000,111.39,119.97,0.01,-0.04,-1.83,4.02
839,1,15.70,27.01,85.00,0.00,0.00,0.000,111.39,119.97,0.01,0.03,-1.82,4.03
858,1,16.23,26.88,85.00,0.00,0.00,0.000,111.39,119.97,-0.02,0.03,-1.80,4.05
878,1,16.77,26.85,85.00,0.00,0.00,0.000,111.39,119.97,-0.02,0.03,-1.79,4.06
899,1,17.32,27.00,85.00,0.00,0.00,0.000,111.39,119.97,-0.02,0.03,-1.77,4.08
919,1,17.87,27.16,85.00,0.00,0.00,0.000,111.39,119.97,-0.02,0.03,-1.76,4.09
938,1,18.42,27.28,85.00,0.00,0.00,0.000,111.39,119.97,-0.02,0.03,-1.75,4.10
958,1,18.99,27.49,85.00,0.00,0.00,0.000,111.39,119.97,-0.02,0.03,-1.73,4.12
978,1,19.55,27.62,85.00,0.00,0.00,0.000,111.39,119.97,-0.02,0.03,-1.72,4.13
999,1,20.11,27.69,85.00,0.00,0.00,0.000,111.39,119.97,-0.02,0.02,-1.70,4.14
1018,1,20.67,27.78,85.00,0.00,0.00,0.000,111.40,119.97,-0.03,0.02,-1.69,4.16
1038,1,21.23,27.83,85.00,0.00,0.00,0.000,111.40,119.97,-0.03,0.02,-1.68,4.17
1058,1,21.78,27.75,85.00,0.00,0.00,0.000,111.40,119.97,-0.03,0.02,-1.66,4.19
1077,1,22.20,27.84,85.00,0.00,0.00,0.000,111.40,119.97,-0.03,0.02,-1.65,4.20
1099,1,22.93,28.25,85.00,0.00,0.00,0.000,111.40,119.97,-0.03,0.02,-1.63,4.21
1119,1,23.50,28.39,85.00,0.00,0.00,0.000,111.40,119.97,-0.03,0.02,-1.62,4.23
1138,1,24.09,28.62,85.00,0.00,0.00,0.000,111.40,119.97,-0.03,0.02,-1.60,4.24
1158,1,24.68,28.85,85.00,0.00,0.00,0.000,111.40,119.97,-0.03,-0.03,-1.59,4.26
1178,1,25.25,28.82,85.00,0.00,0.00,0.000,111.40,119.97,0.03,-0.03,-1.58,4.27
1197,1,25.69,28.79,85.00,0.00,0.00,0.000,111.40,119.97,0.03,-0.03,-1.56,4.28
1219,1,26.41,28.77,85.00,0.00,0.00,0.000,111.40,119.97,0.03,-0.03,-1.55,4.30
1239,1,26.99,28.83,85.00,0.00,0.00,0.000,111.40,119.97,0.03,-0.03,-1.53,4.31
1258,1,27.58,29.07,85.00,0.00,0.00,0.000,111.40,119.97,0.03,-0.03,-1.52,4.33
1278,1,28.18,29.24,85.00,0.00,0.00,0.000,111.40,119.97,0.03,-0.03,-1.51,4.34
1298,1,28.78,29.46,85.00,0.00,0.00,0.000,111.40,119.97,0.03,-0.03,-1.49,4.35
1319,1,29.36,29.29,85.00,0.00,0.00,0.000,111.40,119.97,0.03,-0.01,-1.48,4.37
1337,1,29.77,28.87,85.00,0.00,0.00,0.000,111.40,119.97,0.02,-0.01,-1.46,4.38
1359,1,30.40,27.26,85.00,0.00,0.00,0.000,111.40,119.97,0.02,-0.01,-1.45,4.39
1378,1,30.86,25.59,85.00,0.00,0.00,0.000,111.40,119.97,0.02,-0.01,-1.44,4.40
1398,1,31.26,23.78,85.00,0.00,0.00,0.000,111.40,119.97,0.02,-0.01,-1.42,4.41
1419,1,31.66,22.33,85.00,0.00,0.00,0.000,111.40,119.97,0.02,-0.01,-1.41,4.42
1438,1,32.04,21.28,85.00,0.00,0.00,0.000,111.40,119.97,0.02,-0.01,-1.39,4.43
1457,1,32.37,21.29,85.00,0.00,0.00,0.000,111.40,119.97,0.02,-0.01,-1.38,4.44
1479,1,32.88,21.16,85.00,0.00,0.00,0.000,111.40,119.97,0.02,-0.03,-1.37,4.45
1498,1,33.27,20.48,85.00,0.00,0.00,0.000,111.40,119.97,-0.01,-0.03,-1.35,4.46
1519,1,33.65,20.08,85.00,0.00,0.00,0.000,111.40,119.97,-0.01,-0.03,-1.34,4.47
1538,1,34.05,20.02,85.00,0.00,0.00,0.000,111.40,119.97,-0.01,-0.03,-1.32,4.48
1558,1,34.44,19.83,85.00,0.00,0.00,0.000,111.40,119.97,-0.01,-0.03,-1.31,4.49
1578,1,34.83,19.72,85.00,0.00,0.00,0.000,111.40,119.97,-0.01,-0.03,-1.29,4.50
1598,1,35.22,19.62,85.00,0.00,0.00,0.000,111.40,119.97,-0.01,-0.03,-1.28,4.50
1619,1,35.62,19.57,85.00,0.00,0.00,0.000,111.40,119.97,-0.01,-0.03,-1.27,4.51
1639,1,36.01,19.47,85.00,0.00,0.00,0.000,111.40,119.97,-0.01,-0.05,-1.25,4.52
1658,1,36.41,19.69,85.00,0.00,0.00,0.000,111.40,119.97,-0.02,-0.05,-1.24,4.53
1678,1,36.79,19.34,85.00,0.00,0.00,0.000,111.40,119.97,-0.02,-0.05,-1.22,4.54
1698,1,37.15,18.77,85.00,0.00,0.00,0.000,111.40,119.97,-0.02,-0.05,-1.21,4.55
1718,1,37.49,18.18,85.00,0.00,0.00,0.000,111.40,119.97,-0.02,-0.05,-1.20,4.56
1739,1,37.84,17.96,85.00,0.00,0.00,0.000,111.40,119.97,-0.02,-0.05,-1.18,4.56
1759,1,38.20,17.97,85.00,0.00,0.00,0.000,111.40,119.97,-0.02,-0.05,-1.17,4.57
1778,1,38.60,18.49,85.00,0.00,0.00,0.000,111.40,119.97,-0.02,-0.05,-1.16,4.58
1798,1,38.98,18.40,85.00,0.00,0.00,0.000,111.40,119.97,-0.02,-0.02,-1.14,4.59
1819,1,39.32,17.88,85.00,0.00,0.00,0.000,111.40,119.97,0.03,-0.02,-1.13,4.60
1838,1,39.57,17.53,85.00,0.00,0.00,0.000,111.40,119.97,0.03,-0.02,-1.12,4.61
1859,1,40.01,17.52,85.00,0.00,0.00,0.000,111.40,119.97,0.03,-0.02,-1.11,4.61
1879,1,40.37,17.55,85.00,0.00,0.00,0.000,111.40,119.97,0.03,-0.02,-1.09,4.62
1898,1,40.72,17.51,85.00,0.00,0.00,0.000,111.40,119.97,0.03,-0.02,-1.08,4.63
1919,1,41.06,17.21,85.00,0.00,0.00,0.000,111.40,119.97,0.03,-0.02,-1.07,4.64
1938,1,41.40,17.04,85.00,0.00,0.00,0.000,111.40,119.97,0.03,-0.02,-1.06,4.64
1958,1,41.73,16.78,85.00,0.00,0.00,0.000,111.40,119.97,0.03,-0.02,-1.04,4.65
1977,1,41.99,16.80,85.00,0.00,0.00,0.000,111.40,119.97,-0.02,-0.02,-1.03,4.66
1999,1,42.44,17.11,85.00,0.00,0.00,0.000,111.40,119.97,-0.02,-0.02,-1.02,4.67
2019,1,42.80,17.25,85.00,0.00,0.00,0.000,111.40,119.97,-0.02,-0.02,-1.01,4.67
2038,1,43.13,16.83,85.00,0.00,0.00,0.000,111.40,119.97,-0.02,-0.02,-1.00,4.68
2058,1,43.44,16.11,85.00,0.00,0.00,0.000,111.40,119.97,-0.02,-0.02,-0.99,4.69
2078,1,43.73,15.68,85.00,0.00,0.00,0.000,111.40,119.97,-0.02,-0.02,-0.97,4.70
2097,1,43.97,15.79,85.00,0.00,0.00,0.000,111.40,119.97,-0.02,-0.02,-0.96,4.70
2119,1,44.40,16.09,85.00,0.00,0.00,0.000,111.40,119.97,-0.02,0.08,-0.95,4.71
2138,1,44.74,16.16,85.00,0.00,0.00,0.000,111.40,119.97,-0.00,0.08,-0.94,4.72
2158,1,45.05,15.93,85.00,0.00,0.00,0.000,111.40,119.97,-0.00,0.08,-0.93,4.72
2178,1,45.35,15.55,85.00,0.00,0.00,0.000,111.40,119.97,-0.00,0.08,-0.92,4.73
2198,1,45.65,15.22,85.00,0.00,0.00,0.000,111.40,119.97,-0.00,0.08,-0.91,4.74
2218,1,45.95,15.05,85.00,0.00,0.00,0.000,111.40,119.97,-0.00,0.08,-0.89,4.74
2238,1,46.24,14.96,85.00,0.00,0.00,0.000,111.40,119.97,-0.00,0.08,-0.88,4.75
2258,1,46.56,15.13,85.00,0.00,0.00,0.000,111.40,119.97,-0.00,0.08,-0.87,4.76
2278,1,46.87,15.20,85.00,0.00,0.00,0.000,111.40,119.97,-0.00,-0.01,-0.86,4.76
2298,1,47.18,15.04,85.00,0.00,0.00,0.000,111.40,119.97,-0.00,-0.01,-0.85,4.77
2319,1,47.48,14.85,85.00,0.00,0.00,0.000,111.40,119.97,-0.00,-0.01,-0.84,4.78
2338,1,47.79,14.97,85.00,0.00,0.00,0.000,111.40,119.97,-0.00,-0.01,-0.83,4.78
2357,1,48.02,14.97,85.00,0.00,0.00,0.000,111.40,119.97,-0.00,-0.01,-0.82,4.79
2379,1,48.39,14.82,85.00,0.00,0.00,0.000,111.40,119.97,-0.00,-0.01,-0.81,4.79
2398,1,48.68,14.63,85.00,0.00,0.00,0.000,111.40,119.97,-0.00,-0.01,-0.80,4.80
2419,1,48.98,14.50,85.00,0.00,0.00,0.000,111.40,119.97,-0.00,-0.01,-0.79,4.81
2438,1,49.26,14.25,85.00,0.00,0.00,0.000,111.40,119.97,-0.00,-0.03,-0.78,4.81
2458,1,49.53,14.01,85.00,0.00,0.00,0.000,111.40,119.97,0.01,-0.03,-0.77,4.82
2477,1,49.74,13.90,85.00,0.00,0.00,0.000,111.40,119.97,0.01,-0.03,-0.76,4.82
2499,1,50.07,13.78,85.00,0.00,0.00,0.000,111.40,119.97,0.01,-0.03,-0.75,4.83
2519,1,50.35,13.80,85.00,0.00,0.00,0.000,111.40,119.97,0.01,-0.03,-0.74,4.84
2538,1,50.65,14.09,85.00,0.00,0.00,0.000,111.40,119.97,0.01,-0.03,-0.74,4.84
2558,1,50.95,14.12,85.00,0.00,0.00,0.000,111.40,119.97,0.01,-0.03,-0.73,4.85
2578,1,51.24,14.03,85.00,0.00,0.00,0.000,111.40,119.97,0.01,-0.03,-0.72,4.85
2598,1,51.52,13.84,85.00,0.00,0.00,0.000,111.40,119.97,0.01,0.04,-0.71,4.86
2618,1,51.78,13.29,85.00,0.00,0.00,0.000,111.40,119.97,0.03,0.04,-0.70,4.86
2639,1,52.03,12.84,85.00,0.00,0.00,0.000,111.40,119.97,0.03,0.04,-0.69,4.87
2658,1,52.27,12.63,85.00,0.00,0.00,0.000,111.40,119.97,0.03,0.04,-0.68,4.88
2678,1,52.52,12.65,85.00,0.00,0.00,0.000,111.40,119.97,0.03,0.04,-0.67,4.88
2698,1,52.79,13.03,85.00,0.00,0.00,0.000,111.40,119.97,0.03,0.04,-0.66,4.89
2719,1,53.07,13.35,85.00,0.00,0.00,0.000,111.40,119.97,0.03,0.04,-0.65,4.89
2737,1,53.29,13.51,85.00,0.00,0.00,0.000,111.40,119.97,0.03,0.04,-0.65,4.90
2759,1,53.65,13.45,85.00,0.00,0.00,0.000,111.40,119.97,0.03,-0.03,-0.64,4.90
2778,1,53.92,13.27,85.00,0.00,0.00,0.000,111.40,119.97,0.01,-0.03,-0.63,4.91
2798,1,54.17,12.91,85.00,0.00,0.00,0.000,111.40,119.97,0.01,-0.03,-0.62,4.91
2819,1,54.43,12.73,85.00,0.00,0.00,0.000,111.40,119.97,0.01,-0.03,-0.61,4.92
2838,1,54.67,12.49,85.00,0.00,0.00,0.000,111.40,119.97,0.01,-0.03,-0.60,4.92
2858,1,54.91,12.23,85.00,0.00,0.00,0.000,111.40,119.97,0.01,-0.03,-0.60,4.93
2878,1,55.14,11.99,85.00,0.00,0.00,0.000,111.40,119.97,0.01,-0.03,-0.59,4.93
2898,1,55.39,12.09,85.00,0.00,0.00,0.000,111.40,119.97,0.01,-0.03,-0.58,4.94
2919,1,55.64,12.15,85.00,0.00,0.00,0.000,111.40,119.97,0.01,-0.07,-0.57,4.94
2938,1,55.90,12.13,85.00,0.00,0.00,0.000,111.40,119.97,-0.03,-0.07,-0.57,4.95
2958,1,56.14,11.77,85.00,0.00,0.00,0.000,111.40,119.97,-0.03,-0.07,-0.56,4.95
2978,1,56.37,11.63,85.00,0.00,0.00,0.000,111.40,119.97,-0.03,-0.07,-0.55,4.96
2997,1,56.54,11.50,85.00,0.00,0.00,0.000,111.40,119.97,-0.03,-0.07,-0.54,4.96
3019,1,56.83,11.58,85.00,0.00,0.00,0.000,111.40,119.97,-0.03,-0.07,-0.54,4.97
3039,1,57.06,11.72,85.00,0.00,0.00,0.000,111.40,119.97,-0.03,-0.07,-0.53,4.97
3058,1,57.32,11.96,85.00,0.00,0.00,0.000,111.40,119.97,-0.03,-0.07,-0.52,4.97
3078,1,57.57,12.00,85.00,0.00,0.00,0.000,111.40,119.97,-0.03,-0.02,-0.51,4.98
3098,1,57.82,12.03,85.00,0.00,0.00,0.000,111.39,119.97,-0.03,-0.02,-0.51,4.98
3117,1,58.01,11.95,85.00,0.00,0.00,0.000,111.39,119.97,-0.03,-0.02,-0.50,4.99
3139,1,58.31,11.71,85.00,0.00,0.00,0.000,111.39,119.97,-0.03,-0.02,-0.49,4.99
3159,1,58.53,11.44,85.00,0.00,0.00,0.000,111.39,119.97,-0.03,-0.02,-0.49,5.00
3178,1,58.75,11.15,85.00,0.00,0.00,0.000,111.39,119.97,-0.03,-0.02,-0.48,5.00
3198,1,58.96,10.74,85.00,0.00,0.00,0.000,111.39,119.97,-0.03,-0.02,-0.47,5.00
3219,1,59.16,10.54,85.00,0.00,0.00,0.000,111.39,119.97,-0.03,-0.02,-0.47,5.01
3238,1,59.36,10.44,85.00,0.00,0.00,0.000,111.39,119.97,-0.03,0.02,-0.46,5.01
3257,1,59.53,10.49,85.00,0.00,0.00,0.000,111.39,119.97,-0.07,0.02,-0.45,5.02
3279,1,59.80,10.60,85.00,0.00,0.00,0.000,111.39,119.97,-0.07,0.02,-0.45,5.02
3298,1,60.03,10.81,85.00,0.00,0.00,0.000,111.39,119.97,-0.07,0.02,-0.44,5.03
3318,1,60.26,10.86,85.00,0.00,0.00,0.000,111.39,119.97,-0.07,0.02,-0.43,5.03
3339,1,60.48,10.66,85.00,0.00,0.00,0.000,111.39,119.97,-0.07,0.02,-0.43,5.03
3358,1,60.69,10.45,85.00,0.00,0.00,0.000,111.39,119.97,-0.07,0.02,-0.42,5.04
3377,1,60.84,10.24,85.00,0.00,0.00,0.000,111.39,119.97,-0.07,0.02,-0.42,5.04
3399,1,61.09,9.96,85.00,0.00,0.00,0.000,111.39,119.97,-0.07,0.04,-0.41,5.04
3418,1,61.28,9.87,85.00,0.00,0.00,0.000,111.39,119.97,-0.03,0.04,-0.40,5.05
3439,1,61.47,9.88,85.00,0.00,0.00,0.000,111.39,119.97,-0.03,0.04,-0.40,5.05
3458,1,61.69,10.11,85.00,0.00,0.00,0.000,111.39,119.97,-0.03,0.04,-0.39,5.06
3478,1,61.91,10.27,85.00,0.00,0.00,0.000,111.39,119.97,-0.03,0.04,-0.38,5.06
3498,1,62.14,10.53,85.00,0.00,0.00,0.000,111.39,119.97,-0.03,0.04,-0.38,5.06
3518,1,62.36,10.54,85.00,0.00,0.00,0.000,111.39,119.97,-0.03,0.04,-0.37,5.07
3539,1,62.58,10.58,85.00,0.00,0.00,0.000,111.39,119.97,-0.03,0.04,-0.37,5.07
3558,1,62.79,10.38,85.00,0.00,0.00,0.000,111.39,119.97,-0.03,-0.02,-0.36,5.07
3578,1,62.99,10.08,85.00,0.00,0.00,0.000,111.39,119.97,0.01,-0.02,-0.36,5.08
3598,1,63.17,9.57,85.00,0.00,0.00,0.000,111.39,119.97,0.01,-0.02,-0.35,5.08
3618,1,63.35,9.33,85.00,0.00,0.00,0.000,111.39,119.97,0.01,-0.02,-0.34,5.08
3638,1,63.53,9.05,85.00,0.00,0.00,0.000,111.39,119.97,0.01,-0.02,-0.34,5.09
3659,1,63.70,8.87,85.00,0.00,0.00,0.000,111.39,119.97,0.01,-0.02,-0.33,5.09
3679,1,63.87,8.73,85.00,0.00,0.00,0.000,111.39,119.97,0.01,-0.02,-0.33,5.09
3698,1,64.05,8.73,85.00,0.00,0.00,0.000,111.39,119.97,0.01,-0.02,-0.32,5.10
3718,1,64.23,8.88,85.00,0.00,0.00,0.000,111.39,119.97,0.01,0.03,-0.32,5.10
3739,1,64.42,9.13,85.00,0.00,0.00,0.000,111.39,119.97,0.09,0.03,-0.31,5.10
3757,1,64.56,9.26,85.00,0.00,0.00,0.000,111.39,119.97,0.09,0.03,-0.31,5.11
3779,1,64.83,9.66,85.00,0.00,0.00,0.000,111.39,119.97,0.09,0.03,-0.30,5.11
3799,1,65.04,9.76,85.00,0.00,0.00,0.000,111.39,119.97,0.09,0.03,-0.30,5.11
3818,1,65.25,9.75,85.00,0.00,0.00,0.000,111.39,119.97,0.09,0.03,-0.29,5.12
3839,1,65.44,9.52,85.00,0.00,0.00,0.000,111.39,119.97,0.09,0.03,-0.29,5.12
3858,1,65.62,9.13,85.00,0.00,0.00,0.000,111.39,119.97,0.09,0.03,-0.28,5.12
3878,1,65.78,8.72,85.00,0.00,0.00,0.000,111.39,119.97,0.09,-0.02,-0.28,5.13
3897,1,65.90,8.42,85.00,0.00,0.00,0.000,111.39,119.97,0.01,-0.02,-0.27,5.13
3919,1,66.09,8.10,85.00,0.00,0.00,0.000,111.39,119.97,0.01,-0.02,-0.27,5.13
3939,1,66.24,7.84,85.00,0.00,0.00,0.000,111.39,119.97,0.01,-0.02,-0.26,5.14
3958,1,66.39,7.79,85.00,0.00,0.00,0.000,111.39,119.97,0.01,-0.02,-0.26,5.14
3978,1,66.56,8.00,85.00,0.00,0.00,0.000,111.39,119.97,0.01,-0.02,-0.25,5.14
3998,1,66.74,8.26,85.00,0.00,0.00,0.000,111.39,119.97,0.01,-0.02,-0.25,5.14
4017,1,66.87,8.48,85.00,0.00,0.00,0.000,111.39,119.97,0.01,-0.02,-0.24,5.15
4039,1,67.11,8.79,85.00,0.00,0.00,0.000,111.39,119.97,0.01,-0.03,-0.24,5.15
4058,1,67.30,8.84,85.00,0.00,0.00,0.000,111.39,119.97,-0.00,-0.03,-0.23,5.15
4078,1,67.48,8.72,85.00,0.00,0.00,0.000,111.39,119.97,-0.00,-0.03,-0.23,5.16
4098,1,67.67,8.72,85.00,0.00,0.00,0.000,111.39,119.97,-0.00,-0.03,-0.22,5.16
4118,1,67.84,8.50,85.00,0.00,0.00,0.000,111.39,119.97,-0.00,-0.03,-0.22,5.16
4138,1,68.00,8.10,85.00,0.00,0.00,0.000,111.39,119.97,-0.00,-0.03,-0.21,5.16
4158,1,68.14,7.70,85.00,0.00,0.00,0.000,111.39,119.97,-0.00,-0.03,-0.21,5.17
4178,1,68.29,7.45,85.00,0.00,0.00,0.000,111.39,119.97,-0.00,-0.03,-0.21,5.17
4198,1,68.42,7.17,85.00,0.00,0.00,0.000,111.39,119.97,-0.00,-0.01,-0.20,5.17
4218,1,68.56,7.16,85.00,0.00,0.00,0.000,111.39,119.97,0.02,-0.01,-0.20,5.17
4239,1,68.70,7.10,85.00,0.00,0.00,0.000,111.39,119.97,0.02,-0.01,-0.19,5.18
4258,1,68.85,7.16,85.00,0.00,0.00,0.000,111.39,119.97,0.02,-0.01,-0.19,5.18
4277,1,68.97,7.25,85.00,0.00,0.00,0.000,111.39,119.97,0.02,-0.01,-0.19,5.18
4299,1,69.16,7.45,85.00,0.00,0.00,0.000,111.39,119.97,0.02,-0.01,-0.18,5.18
4319,1,69.32,7.55,85.00,0.00,0.00,0.000,111.39,119.97,0.02,-0.01,-0.18,5.19
4339,1,69.49,7.80,85.00,0.00,0.00,0.000,111.39,119.97,0.02,-0.01,-0.17,5.19
4358,1,69.65,7.98,85.00,0.00,0.00,0.000,111.39,119.97,0.02,0.05,-0.17,5.19
4378,1,69.83,8.05,85.00,0.00,0.00,0.000,111.39,119.97,-0.01,0.05,-0.16,5.20
4397,1,69.95,7.99,85.00,0.00,0.00,0.000,111.39,119.97,-0.01,0.05,-0.16,5.20
4419,1,70.15,7.82,85.00,0.00,0.00,0.000,111.39,119.97,-0.01,0.05,-0.16,5.20
4439,1,70.30,7.59,85.00,0.00,0.00,0.000,111.39,119.97,-0.01,0.05,-0.16,5.20
4458,1,70.44,7.29,85.00,0.00,0.00,0.000,111.39,119.97,-0.01,0.05,-0.15,5.20
4478,1,70.57,6.89,85.00,0.00,0.00,0.000,111.39,119.97,-0.01,0.05,-0.15,5.21
4498,1,70.69,6.48,85.00,0.00,0.00,0.000,111.39,119.97,-0.01,0.05,-0.14,5.21
4518,1,70.80,6.10,85.00,0.00,0.00,0.000,111.39,119.97,-0.01,0.03,-0.14,5.21
4538,1,70.91,5.90,85.00,0.00,0.00,0.000,111.39,119.97,0.03,0.03,-0.14,5.21
4559,1,71.02,5.78,85.00,0.00,0.00,0.000,111.39,119.97,0.03,0.03,-0.13,5.21
4578,1,71.13,5.80,85.00,0.00,0.00,0.000,111.39,119.97,0.03,0.03,-0.13,5.22
4598,1,71.25,6.01,85.00,0.00,0.00,0.000,111.39,119.97,0.03,0.03,-0.12,5.22
4618,1,71.40,6.33,85.00,0.00,0.00,0.000,111.39,119.97,0.03,0.03,-0.12,5.22
4639,1,71.55,6.73,85.00,0.00,0.00,0.000,111.39,119.97,0.03,0.03,-0.12,5.22
4657,1,71.67,7.05,85.00,0.00,0.00,0.000,111.39,119.97,0.03,0.03,-0.12,5.23
4679,1,71.88,7.40,85.00,0.00,0.00,0.000,111.39,119.97,0.03,-0.01,-0.11,5.23
4698,1,72.05,7.52,85.00,0.00,0.00,0.000,111.39,119.97,-0.00,-0.01,-0.11,5.23
4718,1,72.21,7.58,85.00,0.00,0.00,0.000,111.39,119.97,-0.00,-0.01,-0.11,5.23
4739,1,72.36,7.38,85.00,0.00,0.00,0.000,111.39,119.97,-0.00,-0.01,-0.10,5.24
4758,1,72.51,7.09,85.00,0.00,0.00,0.000,111.39,119.97,-0.00,-0.01,-0.10,5.24
4778,1,72.63,6.64,85.00,0.00,0.00,0.000,111.39,119.97,-0.00,-0.01,-0.10,5.24
4798,1,72.74,6.19,85.00,0.00,0.00,0.000,111.39,119.97,-0.00,-0.01,-0.10,5.24
4818,1,72.84,5.76,85.00,0.00,0.00,0.000,111.39,119.97,-0.00,-0.01,-0.09,5.24
4839,1,72.94,5.51,85.00,0.00,0.00,0.000,111.39,119.97,-0.00,0.01,-0.09,5.24
4858,1,73.04,5.34,85.00,0.00,0.00,0.000,111.39,119.97,0.03,0.01,-0.08,5.25
4878,1,73.14,5.26,85.00,0.00,0.00,0.000,111.39,119.97,0.03,0.01,-0.08,5.25
4898,1,73.25,5.33,85.00,0.00,0.00,0.000,111.39,119.97,0.03,0.01,-0.08,5.25
4917,1,73.34,5.42,85.00,0.00,0.00,0.000,111.39,119.97,0.03,0.01,-0.07,5.25
4939,1,73.49,5.54,85.00,0.00,0.00,0.000,111.39,119.97,0.03,0.01,-0.07,5.25
4959,1,73.61,5.63,85.00,0.00,0.00,0.000,111.39,119.97,0.03,0.01,-0.07,5.26
4978,1,73.73,5.65,85.00,0.00,0.00,0.000,111.39,119.97,0.03,0.01,-0.07,5.26
4998,1,73.85,5.61,85.00,0.00,0.00,0.000,111.39,119.97,0.03,-0.02,-0.06,5.26
5018,1,73.96,5.55,85.00,0.00,0.00,0.000,111.39,119.97,-0.02,-0.02,-0.06,5.26
5038,1,74.07,5.45,85.00,0.00,0.00,0.000,111.39,119.97,-0.02,-0.02,-0.06,5.26
5059,1,74.19,5.40,85.00,0.00,0.00,0.000,111.39,119.97,-0.02,-0.02,-0.06,5.26
5079,1,74.30,5.36,85.00,0.00,0.00,0.000,111.39,119.97,-0.02,-0.02,-0.05,5.27
5098,1,74.40,5.24,85.00,0.00,0.00,0.000,111.39,119.97,-0.02,-0.02,-0.05,5.27
5119,1,74.50,5.18,85.00,0.00,0.00,0.000,111.39,119.97,-0.02,-0.02,-0.05,5.27
5139,1,74.60,5.10,85.00,0.00,0.00,0.000,111.39,119.97,-0.02,-0.02,-0.05,5.27
5158,1,74.71,5.11,85.00,0.00,0.00,0.000,111.39,119.97,-0.02,0.07,-0.04,5.27
5177,1,74.79,5.24,85.00,0.00,0.00,0.000,111.40,119.97,-0.01,0.07,-0.04,5.28
5199,1,74.94,5.51,85.00,0.00,0.00,0.000,111.40,119.97,-0.01,0.07,-0.03,5.28
5218,1,75.06,5.73,85.00,0.00,0.00,0.000,111.40,119.97,-0.01,0.07,-0.03,5.28
5238,1,75.19,5.92,85.00,0.00,0.00,0.000,111.40,119.97,-0.01,0.07,-0.03,5.28
5259,1,75.32,5.98,85.00,0.00,0.00,0.000,111.40,119.97,-0.01,0.07,-0.03,5.28
5279,1,75.45,5.93,85.00,0.00,0.00,0.000,111.40,119.97,-0.01,0.07,-0.02,5.28
5297,1,75.53,5.75,85.00,0.00,0.00,0.000,111.40,119.97,-0.01,0.07,-0.02,5.29
5319,1,75.67,5.42,85.00,0.00,0.00,0.000,111.40,119.97,-0.01,-0.01,-0.02,5.29
5338,1,75.76,5.11,85.00,0.00,0.00,0.000,111.40,119.97,0.03,-0.01,-0.02,5.29
5359,1,75.86,4.84,85.00,0.00,0.00,0.000,111.40,119.97,0.03,-0.01,-0.02,5.29
5378,1,75.93,4.44,85.00,0.00,0.00,0.000,111.40,119.97,0.03,-0.01,-0.02,5.29
5398,1,76.01,4.15,85.00,0.00,0.00,0.000,111.40,119.97,0.03,-0.01,-0.01,5.29
5418,1,76.09,4.07,85.00,0.00,0.00,0.000,111.40,119.97,0.03,-0.01,-0.01,5.29
5438,1,76.16,3.98,85.00,0.00,0.00,0.000,111.40,119.97,0.03,-0.01,-0.01,5.29
5459,1,76.25,4.08,85.00,0.00,0.00,0.000,111.40,119.97,0.03,-0.01,-0.00,5.30
5478,1,76.34,4.26,85.00,0.00,0.00,0.000,111.40,119.97,0.03,-0.02,-0.00,5.30
5498,1,76.43,4.28,85.00,0.00,0.00,0.000,111.40,119.97,0.02,-0.02,0.00,5.30
5519,1,76.53,4.39,85.00,0.00,0.00,0.000,111.40,119.97,0.02,-0.02,0.00,5.30
5538,1,76.62,4.52,85.00,0.00,0.00,0.000,111.40,119.97,0.02,-0.02,0.01,5.30
5558,1,76.73,4.69,85.00,0.00,0.00,0.000,111.40,119.97,0.02,-0.02,0.01,5.30
5579,1,76.83,4.74,85.00,0.00,0.00,0.000,111.40,119.97,0.02,-0.02,0.01,5.30
5599,1,76.93,4.78,85.00,0.00,0.00,0.000,111.40,119.97,0.02,-0.02,0.01,5.31
5618,1,77.03,4.79,85.00,0.00,0.00,0.000,111.40,119.97,0.02,-0.02,0.02,5.31
5638,1,77.12,4.70,85.00,0.00,0.00,0.000,111.40,119.97,0.02,0.02,0.02,5.31
5659,1,77.22,4.63,85.00,0.00,0.00,0.000,111.39,119.97,0.00,0.02,0.02,5.31
5677,1,77.29,4.56,85.00,0.00,0.00,0.000,111.39,119.97,0.00,0.02,0.02,5.31
5699,1,77.40,4.36,85.00,0.00,0.00,0.000,111.39,119.97,0.00,0.02,0.02,5.31
5719,1,77.49,4.31,85.00,0.00,0.00,0.000,111.39,119.97,0.00,0.02,0.02,5.31
5738,1,77.57,4.18,85.00,0.00,0.00,0.000,111.39,119.97,0.00,0.02,0.03,5.32
5759,1,77.65,4.09,85.00,0.00,0.00,0.000,111.39,119.97,0.00,0.02,0.03,5.32
5778,1,77.74,4.05,85.00,0.00,0.00,0.000,111.39,119.97,0.00,0.02,0.03,5.32
5798,1,77.82,4.01,85.00,0.00,0.00,0.000,111.39,119.97,0.00,-0.01,0.03,5.32
5817,1,77.88,4.04,85.00,0.00,0.00,0.000,111.39,119.97,0.00,-0.01,0.03,5.32
5839,1,77.98,4.06,85.00,0.00,0.00,0.000,111.39,119.97,0.00,-0.01,0.03,5.32
5859,1,78.07,4.20,85.00,0.00,0.00,0.000,111.39,119.97,0.00,-0.01,0.04,5.32
5878,1,78.16,4.25,85.00,0.00,0.00,0.000,111.39,119.97,0.00,-0.01,0.04,5.32
5898,1,78.25,4.33,85.00,0.00,0.00,0.000,111.39,119.97,0.00,-0.01,0.04,5.33
5918,1,78.34,4.36,85.00,0.00,0.00,0.000,111.39,119.97,0.00,-0.01,0.04,5.33
5937,1,78.41,4.33,85.00,0.00,0.00,0.000,111.39,119.97,0.00,-0.01,0.05,5.33
5959,1,78.52,4.25,85.00,0.00,0.00,0.000,111.39,119.97,0.00,0.01,0.05,5.33
5978,1,78.61,4.31,85.00,0.00,0.00,0.000,111.39,119.97,0.01,0.01,0.05,5.33
5998,1,78.69,4.21,85.00,0.00,0.00,0.000,111.39,119.97,0.01,0.01,0.05,5.33
6018,1,78.77,4.08,85.00,0.00,0.00,0.000,111.39,119.97,0.01,0.01,0.06,5.33
6038,1,78.85,3.91,85.00,0.00,0.00,0.000,111.39,119.97,0.01,0.01,0.06,5.33
6058,1,78.92,3.83,85.00,0.00,0.00,0.000,111.39,119.97,0.01,0.01,0.06,5.33
6078,1,79.00,3.75,85.00,0.00,0.00,0.000,111.39,119.97,0.01,0.01,0.06,5.34
6098,1,79.06,3.52,85.00,0.00,0.00,0.000,111.39,119.97,0.01,0.01,0.06,5.34
6118,1,79.13,3.34,85.00,0.00,0.00,0.000,111.39,119.97,0.01,0.04,0.06,5.34
6138,1,79.20,3.31,85.00,0.00,0.00,0.000,111.39,119.97,0.01,0.04,0.06,5.34
6159,1,79.26,3.21,85.00,0.00,0.00,0.000,111.39,119.97,0.01,0.04,0.07,5.34
6178,1,79.33,3.23,85.00,0.00,0.00,0.000,111.39,119.97,0.01,0.04,0.07,5.34
6197,1,79.38,3.20,85.00,0.00,0.00,0.000,111.39,119.97,0.01,0.04,0.07,5.34
6219,1,79.46,3.09,85.00,0.00,0.00,0.000,111.39,119.97,0.01,0.04,0.07,5.34
6239,1,79.52,3.02,85.00,0.00,0.00,0.000,111.39,119.97,0.01,0.04,0.07,5.34
6259,1,79.59,3.14,85.00,0.00,0.00,0.000,111.39,119.97,0.01,0.04,0.07,5.34
6278,1,79.65,3.15,85.00,0.00,0.00,0.000,111.39,119.97,0.01,-0.02,0.07,5.35
6298,1,79.73,3.34,85.00,0.00,0.00,0.000,111.39,119.97,0.01,-0.02,0.07,5.35
6317,1,79.78,3.45,85.00,0.00,0.00,0.000,111.39,119.97,0.01,-0.02,0.08,5.35
6339,1,79.88,3.57,85.00,0.00,0.00,0.000,111.39,119.97,0.01,-0.02,0.08,5.35
6359,1,79.95,3.53,85.00,0.00,0.00,0.000,111.39,119.97,0.01,-0.02,0.08,5.35
6378,1,80.03,3.64,85.00,0.00,0.00,0.000,111.39,119.97,0.01,-0.02,0.08,5.35
6398,1,80.11,3.66,85.00,0.00,0.00,0.000,111.39,119.97,0.01,-0.02,0.08,5.35
6418,1,80.18,3.62,85.00,0.00,0.00,0.000,111.39,119.97,0.01,-0.02,0.08,5.35
6438,1,80.26,3.56,85.00,0.00,0.00,0.000,111.39,119.97,0.01,0.01,0.08,5.35
6458,1,80.33,3.50,85.00,0.00,0.00,0.000,111.39,119.97,-0.01,0.01,0.09,5.35
6479,1,80.39,3.33,85.00,0.00,0.00,0.000,111.39,119.97,-0.01,0.01,0.09,5.36
6498,1,80.46,3.39,85.00,0.00,0.00,0.000,111.39,119.97,-0.01,0.01,0.09,5.36
6518,1,80.53,3.42,85.00,0.00,0.00,0.000,111.39,119.97,-0.01,0.01,0.09,5.36
6538,1,80.60,3.37,85.00,0.00,0.00,0.000,111.39,119.97,-0.01,0.01,0.10,5.36
6559,1,80.67,3.39,85.00,0.00,0.00,0.000,111.39,119.97,-0.01,0.01,0.10,5.36
6577,1,80.72,3.33,85.00,0.00,0.00,0.000,111.39,119.97,-0.01,0.01,0.10,5.36
6599,1,80.81,3.35,85.00,0.00,0.00,0.000,111.39,119.97,-0.01,0.01,0.10,5.36
6618,1,80.87,3.22,85.00,0.00,0.00,0.000,111.39,119.97,-0.04,0.01,0.10,5.36
6638,1,80.94,3.22,85.00,0.00,0.00,0.000,111.39,119.97,-0.04,0.01,0.11,5.36
6659,1,81.00,3.14,85.00,0.00,0.00,0.000,111.39,119.97,-0.04,0.01,0.11,5.36
6678,1,81.06,3.06,85.00,0.00,0.00,0.000,111.39,119.97,-0.04,0.01,0.11,5.36
6698,1,81.12,3.00,85.00,0.00,0.00,0.000,111.39,119.97,-0.04,0.01,0.11,5.37
6718,1,81.17,2.92,85.00,0.00,0.00,0.000,111.39,119.97,-0.04,0.01,0.11,5.37
6738,1,81.22,2.79,85.00,0.00,0.00,0.000,111.39,119.97,-0.04,0.01,0.11,5.37
6759,1,81.28,2.76,85.00,0.00,0.00,0.000,111.39,119.97,-0.04,0.01,0.11,5.37
6778,1,81.33,2.69,85.00,0.00,0.00,0.000,111.39,119.97,-0.06,0.01,0.11,5.37
6798,1,81.39,2.67,85.00,0.00,0.00,0.000,111.39,119.97,-0.06,0.01,0.11,5.37
6818,1,81.45,2.71,85.00,0.00,0.00,0.000,111.39,119.97,-0.06,0.01,0.11,5.37
6837,1,81.48,2.67,85.00,0.00,0.00,0.000,111.39,119.97,-0.06,0.01,0.11,5.37
6859,1,81.56,2.67,85.00,0.00,0.00,0.000,111.39,119.97,-0.06,0.01,0.11,5.37
6879,1,81.61,2.68,85.00,0.00,0.00,0.000,111.39,119.97,-0.06,0.01,0.12,5.37
6898,1,81.67,2.71,85.00,0.00,0.00,0.000,111.39,119.97,-0.06,0.01,0.12,5.37
6918,1,81.73,2.68,85.00,0.00,0.00,0.000,111.39,119.97,-0.06,0.01,0.12,5.37
6938,1,81.78,2.73,85.00,0.00,0.00,0.000,111.39,119.97,0.03,0.01,0.12,5.37
6958,1,81.84,2.74,85.00,0.00,0.00,0.000,111.39,119.97,0.03,0.01,0.12,5.38
6979,1,81.90,2.77,85.00,0.00,0.00,0.000,111.39,119.97,0.03,0.01,0.12,5.38
6999,1,81.96,2.71,85.00,0.00,0.00,0.000,111.39,119.97,0.03,0.01,0.12,5.38
7018,1,82.01,2.69,85.00,0.00,0.00,0.000,111.39,119.97,0.03,0.01,0.12,5.38
7038,1,82.06,2.59,85.00,0.00,0.00,0.000,111.39,119.97,0.03,0.01,0.13,5.38
7059,1,82.11,2.52,85.00,0.00,0.00,0.000,111.39,119.97,0.03,0.01,0.13,5.38
7078,1,82.16,2.45,85.00,0.00,0.00,0.000,111.39,119.97,0.03,0.02,0.13,5.38
7097,1,82.19,2.42,85.00,0.00,0.00,0.000,111.39,119.97,0.02,0.02,0.13,5.38
7119,1,82.25,2.29,85.00,0.00,0.00,0.000,111.39,119.97,0.02,0.02,0.13,5.38
7138,1,82.29,2.27,85.00,0.00,0.00,0.000,111.39,119.97,0.02,0.02,0.13,5.38
7159,1,82.34,2.16,85.00,0.00,0.00,0.000,111.39,119.97,0.02,0.02,0.14,5.38
7178,1,82.38,2.27,85.00,0.00,0.00,0.000,111.39,119.97,0.02,0.02,0.14,5.38
7198,1,82.43,2.30,85.00,0.00,0.00,0.000,111.39,119.97,0.02,0.02,0.14,5.38
7217,1,82.47,2.36,85.00,0.00,0.00,0.000,111.39,119.97,0.02,0.02,0.14,5.38
7239,1,82.54,2.43,85.00,0.00,0.00,0.000,111.39,119.97,0.02,0.03,0.14,5.38
7258,1,82.59,2.47,85.00,0.00,0.00,0.000,111.39,119.97,0.01,0.03,0.14,5.39
7279,1,82.65,2.49,85.00,0.00,0.00,0.000,111.39,119.97,0.01,0.03,0.15,5.39
7298,1,82.70,2.48,85.00,0.00,0.00,0.000,111.39,119.97,0.01,0.03,0.15,5.39
7318,1,82.75,2.45,85.00,0.00,0.00,0.000,111.39,119.97,0.01,0.03,0.15,5.39
7338,1,82.80,2.45,85.00,0.00,0.00,0.000,111.39,119.97,0.01,0.03,0.15,5.39
7358,1,82.85,2.40,85.00,0.00,0.00,0.000,111.39,119.97,0.01,0.03,0.15,5.39
7379,1,82.90,2.40,85.00,0.00,0.00,0.000,111.39,119.97,0.01,0.03,0.15,5.39
7398,1,82.94,2.40,85.00,0.00,0.00,0.000,111.39,119.97,0.01,0.01,0.15,5.39
7418,1,82.99,2.32,85.00,0.00,0.00,0.000,111.39,119.97,0.04,0.01,0.15,5.39
7438,1,83.04,2.31,85.00,0.00,0.00,0.000,111.39,119.97,0.04,0.01,0.15,5.39
7458,1,83.08,2.32,85.00,0.00,0.00,0.000,111.39,119.97,0.04,0.01,0.15,5.39
7477,1,83.12,2.35,85.00,0.00,0.00,0.000,111.39,119.97,0.04,0.01,0.15,5.39
7499,1,83.18,2.38,85.00,0.00,0.00,0.000,111.39,119.97,0.04,0.01,0.15,5.39
7519,1,83.23,2.38,85.00,0.00,0.00,0.000,111.39,119.97,0.04,0.01,0.15,5.39
7538,1,83.29,2.46,85.00,0.00,0.00,0.000,111.39,119.97,0.04,0.01,0.15,5.39
7558,1,83.33,2.40,85.00,0.00,0.00,0.000,111.39,119.97,0.04,-0.07,0.15,5.40
7579,1,83.39,2.53,85.00,0.00,0.00,0.000,111.39,119.97,0.00,-0.07,0.16,5.40
7597,1,83.43,2.55,85.00,0.00,0.00,0.000,111.39,119.97,0.00,-0.07,0.16,5.40
7619,1,83.50,2.53,85.00,0.00,0.00,0.000,111.39,119.97,0.00,-0.07,0.16,5.40
7639,1,83.55,2.55,85.00,0.00,0.00,0.000,111.39,119.97,0.00,-0.07,0.16,5.40
7658,1,83.60,2.56,85.00,0.00,0.00,0.000,111.39,119.97,0.00,-0.07,0.16,5.40
7679,1,83.65,2.62,85.00,0.00,0.00,0.000,111.39,119.97,0.00,-0.07,0.16,5.40
7698,1,83.71,2.81,85.00,0.00,0.00,0.000,111.39,119.97,0.00,-0.07,0.16,5.40
7718,1,83.78,3.01,85.00,0.00,0.00,0.000,111.39,119.97,0.00,-0.02,0.16,5.40
7737,1,83.84,3.18,85.00,0.00,0.00,0.000,111.39,119.97,-0.01,-0.02,0.16,5.40
7759,1,83.93,3.40,85.00,0.00,0.00,0.000,111.39,119.97,-0.01,-0.02,0.16,5.40
7779,1,84.01,3.47,85.00,0.00,0.00,0.000,111.39,119.97,-0.01,-0.02,0.16,5.40
7798,1,84.08,3.49,85.00,0.00,0.00,0.000,111.39,119.97,-0.01,-0.02,0.16,5.40
7818,1,84.16,3.53,85.00,0.00,0.00,0.000,111.39,119.97,-0.01,-0.02,0.16,5.41
7838,1,84.23,3.55,85.00,0.00,0.00,0.000,111.39,119.97,-0.01,-0.02,0.16,5.41
7857,1,84.28,3.52,85.00,0.00,0.00,0.000,111.39,119.97,-0.01,-0.02,0.16,5.41
7879,1,84.37,3.48,85.00,0.00,0.00,0.000,111.39,119.97,-0.01,0.02,0.16,5.41
7898,1,84.45,3.47,85.00,0.00,0.00,0.000,111.39,119.97,0.02,0.02,0.16,5.41
7918,1,84.52,3.45,85.00,0.00,0.00,0.000,111.39,119.97,0.02,0.02,0.16,5.41
7938,1,84.58,3.37,85.00,0.00,0.00,0.000,111.39,119.97,0.02,0.02,0.16,5.41
7958,1,84.65,3.31,85.00,0.00,0.00,0.000,111.39,119.97,0.02,0.02,0.16,5.41
7978,1,84.71,3.28,85.00,0.00,0.00,0.000,111.39,119.97,0.02,0.02,0.16,5.41
7998,1,84.78,3.25,85.00,0.00,0.00,0.000,111.39,119.97,0.02,0.02,0.16,5.41
8018,1,84.84,3.12,85.00,0.00,0.00,0.000,111.39,119.97,0.02,0.02,0.16,5.41
8038,1,84.90,3.04,85.00,0.00,0.00,0.000,111.39,119.97,0.02,0.04,0.17,5.41
8058,1,84.96,2.96,85.00,0.00,0.00,0.000,111.39,119.97,0.01,0.04,0.17,5.41
8079,1,85.02,2.94,85.00,0.00,0.00,0.000,111.39,119.97,0.01,0.04,0.17,5.41
8098,1,85.07,2.92,85.00,0.00,0.00,0.000,111.39,119.97,0.01,0.04,0.17,5.42
8117,1,85.12,2.94,85.00,0.00,0.00,0.000,111.39,119.97,0.01,0.04,0.17,5.42
8139,1,85.20,3.04,85.00,0.00,0.00,0.000,111.39,119.97,0.01,0.04,0.17,5.42
8159,1,85.26,3.09,85.00,0.00,0.00,0.000,111.39,119.97,0.01,0.04,0.17,5.42
8179,1,85.32,3.11,85.00,0.00,0.00,0.000,111.39,119.97,0.01,0.04,0.17,5.42
8198,1,85.39,3.16,85.00,0.00,0.00,0.000,111.39,119.97,0.01,-0.05,0.17,5.42
8218,1,85.46,3.22,85.00,0.00,0.00,0.000,111.39,119.97,-0.02,-0.05,0.18,5.42
8237,1,85.51,3.24,85.00,0.00,0.00,0.000,111.39,119.97,-0.02,-0.05,0.18,5.42
8259,1,85.60,3.37,85.00,0.00,0.00,0.000,111.39,119.97,-0.02,-0.05,0.18,5.42
8279,1,85.67,3.46,85.00,0.00,0.00,0.000,111.39,119.97,-0.02,-0.05,0.18,5.42
8298,1,85.75,3.52,85.00,0.00,0.00,0.000,111.39,119.97,-0.02,-0.05,0.18,5.42
8318,1,85.82,3.59,85.00,0.00,0.00,0.000,111.39,119.97,-0.02,-0.05,0.18,5.42
8338,1,85.89,3.59,85.00,0.00,0.00,0.000,111.39,119.97,-0.02,-0.05,0.18,5.42
8358,1,85.97,3.63,85.00,0.00,0.00,0.000,111.39,119.97,-0.02,0.02,0.19,5.42
8378,1,86.05,3.63,85.00,0.00,0.00,0.000,111.39,119.97,0.01,0.02,0.19,5.42
8399,1,86.13,3.71,85.00,0.00,0.00,0.000,111.39,119.97,0.01,0.02,0.19,5.42
8418,1,86.20,3.62,85.00,0.00,0.00,0.000,111.39,119.97,0.01,0.02,0.19,5.43
8438,1,86.27,3.63,85.00,0.00,0.00,0.000,111.39,119.97,0.01,0.02,0.19,5.43
8458,1,86.35,3.58,85.00,0.00,0.00,0.000,111.39,119.97,0.01,0.02,0.19,5.43
8479,1,86.42,3.61,85.00,0.00,0.00,0.000,111.39,119.97,0.01,0.02,0.19,5.43
8497,1,86.48,3.65,85.00,0.00,0.00,0.000,111.39,119.97,0.01,0.02,0.19,5.43
8519,1,86.57,3.71,85.00,0.00,0.00,0.000,111.39,119.97,0.01,-0.01,0.19,5.43
8538,1,86.65,3.77,85.00,0.00,0.00,0.000,111.39,119.97,0.06,-0.01,0.19,5.43
8558,1,86.73,3.83,85.00,0.00,0.00,0.000,111.39,119.97,0.06,-0.01,0.19,5.43
8579,1,86.81,3.91,85.00,0.00,0.00,0.000,111.39,119.97,0.06,-0.01,0.20,5.43
8599,1,86.90,4.06,85.00,0.00,0.00,0.000,111.39,119.97,0.06,-0.01,0.20,5.43
8618,1,87.00,4.33,85.00,0.00,0.00,0.000,111.39,119.97,0.06,-0.01,0.20,5.43
8638,1,87.10,4.58,85.00,0.00,0.00,0.000,111.39,119.97,0.06,-0.01,0.20,5.43
8658,1,87.20,4.80,85.00,0.00,0.00,0.000,111.39,119.97,0.06,-0.01,0.20,5.43
8679,1,87.32,5.08,85.00,0.00,0.00,0.000,111.39,119.97,0.06,0.01,0.20,5.43
8699,2,87.44,5.50,87.44,0.00,0.00,-48.849,111.40,119.97,-0.01,0.01,0.20,5.43
8719,2,87.57,5.92,87.45,-0.13,-0.84,-48.901,111.39,119.97,0.03,-0.02,0.20,5.44
8739,2,87.71,6.16,87.45,-0.30,-1.04,-48.955,111.39,119.97,-0.03,-0.06,0.20,5.44
8758,2,87.76,5.56,87.45,-0.37,-1.04,-49.010,111.39,119.96,-0.12,-0.15,0.20,5.44
8779,2,87.63,1.98,87.45,-0.23,-0.47,-49.063,111.39,119.95,-0.48,-0.59,0.20,5.44
8799,2,87.52,-0.08,87.46,-0.13,-0.12,-49.113,111.37,119.94,-0.76,-0.49,0.20,5.44
8819,2,87.47,-0.40,87.46,-0.05,-0.00,-49.162,111.35,119.92,-0.48,-0.77,0.20,5.44
8839,2,87.60,1.87,87.46,-0.17,-0.39,-49.215,111.33,119.90,-0.41,-0.16,0.20,5.44
8859,2,87.85,4.87,87.46,-0.42,-1.00,-49.271,111.33,119.90,0.01,0.01,0.20,5.44
8879,2,88.03,6.24,87.47,-0.64,-1.39,-49.332,111.33,119.90,-0.05,-0.10,0.20,5.44
8899,2,88.11,5.59,87.47,-0.74,-1.42,-49.394,111.32,119.89,-0.34,-0.33,0.20,5.44
8919,2,88.12,4.13,87.47,-0.77,-1.26,-49.457,111.31,119.88,-0.44,-0.58,0.20,5.44
8939,2,87.99,1.20,87.48,-0.64,-0.79,-49.517,111.29,119.86,-0.87,-0.67,0.20,5.44
8959,2,87.87,-0.64,87.48,-0.51,-0.43,-49.574,111.26,119.83,-0.94,-1.11,0.20,5.44
8979,2,87.95,0.89,87.48,-0.56,-0.67,-49.633,111.23,119.80,-0.99,-0.86,0.20,5.44
8999,2,88.16,3.86,87.48,-0.77,-1.23,-49.696,111.21,119.78,-0.52,-0.40,0.20,5.44
9017,2,88.32,5.51,87.49,-0.96,-1.62,-49.762,111.20,119.77,-0.25,-0.32,0.20,5.44
9039,2,88.49,6.12,87.49,-1.15,-1.88,-49.832,111.19,119.76,-0.39,-0.55,0.20,5.44
9059,2,88.51,4.67,87.50,-1.23,-1.79,-49.903,111.17,119.74,-0.79,-0.68,0.20,5.44
9079,2,88.48,2.97,87.50,-1.19,-1.55,-49.972,111.14,119.71,-0.99,-1.04,0.20,5.44
9099,2,88.41,1.31,87.50,-1.11,-1.27,-50.000,111.11,119.68,-1.32,-1.10,0.20,5.44
9119,2,88.40,1.11,87.50,-1.10,-1.23,-50.000,111.07,119.64,-1.37,-1.14,0.20,5.44
9137,2,88.52,2.78,87.50,-1.22,-1.56,-50.000,111.03,119.61,-1.18,-1.00,0.20,5.44
9159,2,88.76,4.53,87.50,-1.46,-2.01,-50.000,111.01,119.58,-0.69,-0.88,0.20,5.44
9179,2,88.91,4.84,87.50,-1.69,-2.27,-50.000,110.99,119.55,-0.69,-0.93,0.20,5.44
9199,2,88.92,2.99,87.50,-1.71,-2.06,-50.000,110.96,119.53,-1.08,-0.74,0.20,5.44
9219,2,88.70,-1.08,87.50,-1.50,-1.37,-50.000,110.92,119.49,-1.43,-1.19,0.20,5.44
9239,2,88.49,-3.69,87.50,-1.28,-0.83,-50.000,110.88,119.45,-1.55,-1.44,0.20,5.44
9258,2,88.47,-2.67,87.50,-1.23,-0.86,-50.000,110.83,119.41,-1.37,-1.46,0.20,5.44
9279,2,88.66,1.27,87.50,-1.42,-1.58,-50.000,110.80,119.37,-1.00,-1.05,0.20,5.44
9299,2,88.97,4.72,87.50,-1.76,-2.32,-50.000,110.78,119.34,-0.40,-0.85,0.20,5.44
9319,2,89.14,5.18,87.50,-1.99,-2.61,-50.000,110.76,119.33,-0.53,-0.38,0.20,5.44
9339,2,89.01,1.29,87.50,-1.91,-2.06,-50.000,110.74,119.31,-0.91,-0.91,0.20,5.44
9359,2,88.74,-3.28,87.50,-1.63,-1.24,-50.000,110.70,119.27,-1.38,-1.43,0.20,5.44
9379,2,88.44,-6.06,87.50,-1.30,-0.58,-50.000,110.65,119.22,-1.72,-1.78,0.20,5.44
9398,2,88.30,-5.48,87.50,-1.14,-0.48,-50.000,110.60,119.17,-1.49,-1.70,0.20,5.44
9419,2,88.64,1.45,87.50,-1.46,-1.64,-50.000,110.56,119.13,-0.85,-1.12,0.20,5.44
9439,2,89.03,6.44,87.50,-1.90,-2.68,-50.000,110.55,119.11,-0.20,-0.53,0.20,5.44
9459,2,89.23,6.32,87.50,-2.17,-2.93,-50.000,110.54,119.10,-0.33,-0.62,0.20,5.44
9479,2,89.16,2.65,87.50,-2.16,-2.48,-50.000,110.52,119.08,-1.08,-0.75,0.20,5.44
9499,2,88.74,-4.24,87.50,-1.75,-1.24,-50.000,110.48,119.05,-1.69,-1.36,0.20,5.44
9519,2,88.33,-8.49,87.50,-1.29,-0.28,-50.000,110.42,119.00,-2.06,-1.76,0.20,5.44
9539,2,88.18,-7.45,87.50,-1.10,-0.21,-50.000,110.36,118.94,-1.71,-1.75,0.20,5.44
9559,2,88.36,-2.66,87.50,-1.26,-0.94,-50.000,110.32,118.90,-0.84,-1.28,0.20,5.44
9579,2,88.73,2.13,87.50,-1.65,-1.91,-50.000,110.31,118.88,-0.15,-0.34,0.20,5.44
9599,2,88.93,2.78,87.50,-1.92,-2.25,-50.000,110.30,118.87,-0.25,-0.18,0.20,5.44
9619,2,88.66,-2.78,87.50,-1.70,-1.37,-50.000,110.29,118.86,-0.54,-0.56,0.20,5.44
9639,2,88.20,-8.77,87.50,-1.24,-0.18,-50.000,110.26,118.84,-1.16,-0.91,0.20,5.44
9657,2,87.82,-11.63,87.50,-0.81,0.59,-50.000,110.23,118.80,-1.55,-1.14,0.20,5.44
9679,2,87.61,-8.67,87.50,-0.55,0.49,-50.000,110.18,118.76,-1.26,-1.08,0.20,5.44
9699,2,88.00,-0.46,87.50,-0.91,-0.85,-50.000,110.17,118.74,-0.02,-0.55,0.20,5.43
9719,2,88.40,4.69,87.50,-1.38,-1.94,-50.000,110.17,118.74,0.41,0.22,0.20,5.43
9739,2,88.50,3.58,87.50,-1.55,-1.98,-50.000,110.18,118.75,0.00,0.28,0.20,5.43
9759,2,88.37,-0.22,87.50,-1.46,-1.43,-50.000,110.17,118.75,-0.32,-0.26,0.20,5.43
9777,2,87.99,-5.82,87.50,-1.08,-0.38,-50.000,110.15,118.73,-0.97,-0.84,0.21,5.43
9800,2,87.37,-11.57,87.50,-0.41,0.98,-50.000,110.12,118.69,-1.25,-1.50,0.21,5.43
9819,2,87.22,-9.92,87.50,-0.20,0.99,-50.000,110.08,118.65,-1.02,-1.09,0.20,5.43
9839,2,87.34,-5.52,87.50,-0.29,0.37,-50.000,110.06,118.63,-0.04,-0.32,0.20,5.42
9859,2,87.64,-0.78,87.50,-0.61,-0.51,-50.000,110.07,118.64,0.46,0.44,0.20,5.42
9879,2,87.82,1.04,87.50,-0.84,-0.97,-50.000,110.09,118.65,0.60,0.45,0.19,5.42
9898,2,87.63,-2.20,87.50,-0.70,-0.43,-50.000,110.10,118.67,0.23,0.41,0.19,5.42
9919,2,87.32,-6.20,87.50,-0.38,0.36,-50.000,110.10,118.67,-0.23,-0.16,0.19,5.41
9939,2,86.90,-10.22,87.50,0.07,1.29,-50.000,110.09,118.66,-0.49,-0.49,0.19,5.41
9959,2,86.66,-10.57,87.50,0.36,1.63,-50.000,110.07,118.65,-0.34,-0.21,0.18,5.41
9979,2,86.70,-6.98,87.50,0.36,1.19,-50.000,110.07,118.65,0.15,0.10,0.18,5.40
9999,2,86.84,-3.11,87.50,0.21,0.58,-50.000,110.08,118.66,0.56,0.45,0.18,5.40
10019,2,87.07,0.91,87.50,-0.04,-0.15,-50.000,110.11,118.68,0.82,0.95,0.17,5.40
10038,2,87.16,1.82,87.50,-0.19,-0.45,-50.000,110.14,118.71,1.06,0.75,0.17,5.39
10059,2,86.87,-2.87,87.50,0.09,0.43,-50.000,110.16,118.73,0.30,0.58,0.17,5.39
10079,2,86.57,-6.30,87.50,0.41,1.16,-50.000,110.16,118.73,-0.09,-0.07,0.16,5.38
10099,2,86.42,-6.51,87.50,0.60,1.38,-50.000,110.15,118.73,-0.05,-0.02,0.16,5.38
10119,2,86.36,-5.23,87.50,0.68,1.31,-50.000,110.16,118.73,0.27,0.13,0.15,5.38
10139,2,86.49,-1.80,87.50,0.56,0.77,-50.000,110.17,118.74,0.67,0.44,0.15,5.37
10158,2,86.62,0.56,87.50,0.41,0.34,-50.000,110.19,118.76,0.77,0.95,0.15,5.37
10179,2,86.75,2.16,87.50,0.25,-0.00,-50.000,110.22,118.79,0.93,0.84,0.14,5.37
10200,2,86.70,0.88,87.50,0.28,0.17,-50.000,110.24,118.82,0.61,0.56,0.14,5.36
10219,2,86.51,-1.92,87.50,0.46,0.69,-50.000,110.26,118.82,0.24,0.13,0.14,5.36
10239,2,86.37,-3.30,87.50,0.63,1.03,-50.000,110.26,118.83,0.02,0.03,0.13,5.36
10259,2,86.33,-2.79,87.50,0.69,1.03,-50.000,110.26,118.83,0.15,0.26,0.13,5.35
10279,2,86.37,-1.34,87.50,0.66,0.82,-50.000,110.27,118.84,0.32,0.51,0.12,5.35
10298,2,86.47,0.58,87.50,0.56,0.49,-50.000,110.28,118.86,0.70,0.38,0.12,5.34
10319,2,86.58,2.02,87.50,0.44,0.20,-50.000,110.30,118.87,0.77,0.54,0.11,5.34
10339,2,86.65,2.41,87.50,0.35,0.06,-50.000,110.32,118.89,0.63,0.53,0.11,5.34
10359,2,86.62,1.38,87.50,0.36,0.20,-50.000,110.34,118.90,0.28,0.47,0.10,5.33
10379,2,86.55,0.03,87.50,0.43,0.43,-50.000,110.34,118.92,-0.02,0.31,0.10,5.33
10399,2,86.49,-0.84,87.50,0.50,0.61,-50.000,110.34,118.92,0.08,0.04,0.10,5.33
10417,2,86.46,-1.00,87.50,0.54,0.66,-50.000,110.35,118.92,0.22,0.10,0.09,5.32
10439,2,86.51,0.23,87.50,0.49,0.46,-50.000,110.36,118.93,0.36,0.16,0.09,5.32
10459,2,86.56,0.97,87.50,0.45,0.33,-50.000,110.37,118.94,0.39,0.26,0.09,5.32
10479,2,86.62,1.47,87.50,0.38,0.20,-50.000,110.38,118.94,0.37,0.33,0.08,5.31
10499,2,86.65,1.68,87.50,0.33,0.13,-50.000,110.39,118.96,0.19,0.34,0.08,5.31
10519,2,86.71,2.00,87.50,0.28,0.04,-50.000,110.39,118.97,0.22,0.38,0.08,5.30
10538,2,86.68,1.13,87.50,0.28,0.12,-50.000,110.40,118.98,0.33,0.16,0.07,5.30
10559,2,86.67,0.78,87.50,0.30,0.21,-50.000,110.41,118.98,0.14,0.11,0.07,5.29
10579,2,86.70,1.08,87.50,0.28,0.15,-50.000,110.41,118.98,0.06,0.01,0.06,5.29
10599,2,86.73,1.34,87.50,0.24,0.08,-50.000,110.41,118.98,0.14,0.19,0.06,5.29
10619,2,86.75,1.32,87.50,0.22,0.06,-50.000,110.42,118.99,0.06,0.17,0.05,5.28
10639,2,86.76,1.22,87.50,0.20,0.05,-50.000,110.42,118.99,0.16,0.01,0.05,5.28
10659,2,86.78,1.29,87.50,0.18,0.02,-50.000,110.42,118.99,0.03,0.05,0.05,5.28
10678,2,86.82,1.46,87.50,0.15,-0.03,-50.000,110.42,118.99,0.04,0.06,0.04,5.27
10699,2,86.86,1.77,87.50,0.09,-0.12,-50.000,110.42,119.00,0.05,0.06,0.04,5.27
10719,2,86.90,2.02,87.50,0.04,-0.20,-50.000,110.42,119.00,0.03,-0.01,0.04,5.26
10739,2,86.96,2.37,87.50,-0.02,-0.31,-50.000,110.42,119.00,-0.03,-0.01,0.03,5.26
10759,2,87.01,2.55,87.50,-0.08,-0.39,-50.000,110.42,119.00,-0.09,-0.06,0.03,5.26
10779,2,87.03,2.24,87.50,-0.12,-0.39,-50.000,110.42,118.99,-0.05,-0.08,0.02,5.25
10798,2,87.03,1.63,87.50,-0.12,-0.32,-50.000,110.42,118.99,-0.17,-0.23,0.02,5.25
10819,2,87.01,0.89,87.50,-0.10,-0.21,-50.000,110.41,118.98,-0.34,-0.32,0.01,5.24
10839,2,87.04,1.19,87.50,-0.13,-0.27,-50.000,110.40,118.97,-0.35,-0.16,0.01,5.24
10859,2,87.09,1.60,87.50,-0.18,-0.38,-50.000,110.39,118.97,-0.18,-0.14,0.01,5.24
10879,2,87.13,1.76,87.50,-0.23,-0.44,-50.000,110.39,118.96,-0.16,-0.27,0.00,5.23
10899,2,87.18,2.14,87.50,-0.30,-0.56,-50.000,110.38,118.95,-0.18,-0.34,0.00,5.23
10919,2,87.24,2.43,87.50,-0.37,-0.66,-50.000,110.38,118.94,-0.12,-0.30,-0.00,5.22
10937,2,87.29,2.46,87.50,-0.43,-0.72,-50.000,110.38,118.94,-0.17,-0.19,-0.01,5.22
10959,2,87.28,1.17,87.50,-0.42,-0.56,-50.000,110.36,118.93,-0.48,-0.12,-0.01,5.22
10979,2,87.25,-0.08,87.50,-0.41,-0.40,-50.000,110.35,118.92,-0.60,-0.31,-0.01,5.21
10999,2,87.19,-1.39,87.50,-0.34,-0.17,-50.000,110.34,118.91,-0.28,-0.44,-0.02,5.21
11019,2,87.04,-3.29,87.50,-0.19,0.20,-50.000,110.33,118.90,-0.23,-0.47,-0.02,5.20
11039,2,86.95,-3.94,87.50,-0.08,0.39,-50.000,110.32,118.89,-0.44,-0.26,-0.03,5.20
11057,2,86.94,-3.37,87.50,-0.06,0.35,-50.000,110.31,118.88,-0.25,-0.15,-0.03,5.19
11079,2,86.93,-2.68,87.50,-0.06,0.26,-50.000,110.31,118.88,0.04,0.00,-0.04,5.19
11099,2,86.94,-2.08,87.50,-0.06,0.19,-50.000,110.31,118.88,0.24,0.07,-0.04,5.19
11119,2,86.94,-1.83,87.50,-0.07,0.15,-50.000,110.32,118.89,0.25,0.21,-0.04,5.18
11139,2,86.85,-2.49,87.50,0.01,0.31,-50.000,110.32,118.89,0.16,0.20,-0.05,5.18
11159,2,86.77,-2.84,87.50,0.09,0.43,-50.000,110.33,118.90,0.12,0.14,-0.05,5.17
11178,2,86.74,-2.50,87.50,0.13,0.44,-50.000,110.33,118.90,0.16,0.16,-0.06,5.17
11199,2,86.69,-2.45,87.50,0.19,0.48,-50.000,110.34,118.91,0.12,0.20,-0.06,5.17
11219,2,86.67,-1.83,87.50,0.20,0.42,-50.000,110.34,118.92,0.08,0.24,-0.06,5.16
11239,2,86.68,-1.10,87.50,0.19,0.32,-50.000,110.35,118.92,0.25,0.36,-0.07,5.16
11259,2,86.69,-0.69,87.50,0.18,0.26,-50.000,110.36,118.93,0.38,0.12,-0.07,5.15
11279,2,86.69,-0.42,87.50,0.17,0.22,-50.000,110.37,118.94,0.41,0.14,-0.08,5.15
11298,2,86.66,-0.65,87.50,0.19,0.26,-50.000,110.38,118.94,0.23,0.18,-0.08,5.15
11319,2,86.67,-0.28,87.50,0.19,0.22,-50.000,110.38,118.95,0.02,0.33,-0.09,5.14
11339,2,86.71,0.43,87.50,0.15,0.10,-50.000,110.38,118.96,0.02,0.33,-0.09,5.14
11359,2,86.74,0.83,87.50,0.11,0.01,-50.000,110.39,118.96,0.19,0.28,-0.09,5.14
11379,2,86.76,0.89,87.50,0.09,-0.02,-50.000,110.39,118.97,0.33,0.12,-0.10,5.13
11399,2,86.74,0.55,87.50,0.09,0.03,-50.000,110.40,118.97,0.17,0.10,-0.10,5.13
11419,2,86.73,0.26,87.50,0.11,0.08,-50.000,110.40,118.97,0.05,0.06,-0.11,5.12
11438,2,86.73,0.25,87.50,0.11,0.08,-50.000,110.40,118.97,0.03,0.05,-0.11,5.12
11459,2,86.73,0.34,87.50,0.10,0.06,-50.000,110.40,118.97,0.02,0.03,-0.11,5.11
11479,2,86.76,0.72,87.50,0.07,-0.01,-50.000,110.40,118.98,0.07,0.03,-0.12,5.11
11499,2,86.80,1.22,87.50,0.02,-0.12,-50.000,110.40,118.98,0.10,0.05,-0.12,5.11
11519,2,86.85,1.63,87.50,-0.03,-0.23,-50.000,110.41,118.98,0.08,0.01,-0.13,5.10
11539,2,86.89,1.78,87.50,-0.08,-0.29,-50.000,110.41,118.98,0.02,-0.03,-0.13,5.10
11559,2,86.92,1.81,87.50,-0.12,-0.34,-50.000,110.41,118.98,-0.05,-0.03,-0.13,5.10
11577,2,86.92,1.56,87.50,-0.13,-0.32,-50.000,110.40,118.98,-0.10,-0.08,-0.14,5.09
11599,2,86.90,0.78,87.50,-0.11,-0.21,-50.000,110.40,118.97,-0.24,-0.15,-0.14,5.09
11619,2,86.90,0.60,87.50,-0.12,-0.19,-50.000,110.39,118.97,-0.33,-0.22,-0.14,5.08
11639,2,86.92,0.89,87.50,-0.14,-0.25,-50.000,110.38,118.96,-0.14,-0.38,-0.15,5.08
11659,2,86.99,1.61,87.50,-0.21,-0.40,-50.000,110.38,118.95,-0.04,-0.23,-0.15,5.07
11679,2,87.05,2.01,87.50,-0.28,-0.53,-50.000,110.38,118.94,-0.12,-0.19,-0.16,5.07
11697,2,87.07,1.68,87.50,-0.32,-0.52,-50.000,110.38,118.94,-0.26,-0.12,-0.16,5.07
11720,2,87.07,0.70,87.50,-0.32,-0.40,-50.000,110.37,118.94,-0.40,-0.13,-0.17,5.06
11739,2,87.03,-0.57,87.50,-0.29,-0.22,-50.000,110.35,118.93,-0.33,-0.23,-0.17,5.06
11759,2,86.95,-2.01,87.50,-0.20,0.04,-50.000,110.35,118.92,-0.18,-0.28,-0.17,5.05
11779,2,86.85,-3.14,87.50,-0.10,0.28,-50.000,110.34,118.91,-0.16,-0.34,-0.18,5.05
11799,2,86.76,-4.02,87.50,0.00,0.49,-50.000,110.34,118.91,-0.11,-0.15,-0.18,5.05
11818,2,86.65,-4.75,87.50,0.12,0.69,-50.000,110.33,118.90,-0.08,0.01,-0.18,5.04
11839,2,86.57,-4.79,87.50,0.21,0.78,-50.000,110.33,118.91,0.04,0.11,-0.19,5.04
11859,2,86.52,-4.43,87.50,0.27,0.80,-50.000,110.34,118.91,0.25,0.24,-0.19,5.03
11879,2,86.48,-4.08,87.50,0.32,0.81,-50.000,110.35,118.92,0.34,0.42,-0.20,5.03
11899,2,86.40,-4.11,87.50,0.40,0.89,-50.000,110.36,118.93,0.53,0.39,-0.20,5.03
11919,2,86.33,-3.90,87.50,0.47,0.94,-50.000,110.37,118.94,0.66,0.37,-0.21,5.02
11939,2,86.30,-3.07,87.50,0.51,0.88,-50.000,110.39,118.96,0.55,0.43,-0.21,5.02
11958,2,86.30,-2.28,87.50,0.51,0.78,-50.000,110.41,118.97,0.57,0.70,-0.21,5.01
11979,2,86.30,-1.36,87.50,0.51,0.67,-50.000,110.43,119.00,0.39,0.88,-0.22,5.01
11999,2,86.28,-1.28,87.50,0.53,0.68,-50.000,110.44,119.02,0.54,0.55,-0.22,5.01
12019,2,86.20,-1.97,87.50,0.60,0.84,-50.000,110.46,119.03,0.61,0.46,-0.22,5.00
12039,2,86.15,-2.11,87.50,0.67,0.92,-50.000,110.47,119.04,0.44,0.37,-0.23,5.00
12059,2,86.15,-1.31,87.50,0.67,0.83,-50.000,110.49,119.06,0.61,0.43,-0.23,5.00
12078,2,86.17,-0.50,87.50,0.66,0.76,-50.000,110.51,119.07,0.42,0.66,-0.23,4.99
12099,2,86.22,0.33,87.50,0.60,0.56,-50.000,110.52,119.09,0.50,0.76,-0.24,4.99
12120,2,86.22,0.18,87.50,0.59,0.57,-50.000,110.54,119.11,0.58,0.51,-0.24,4.98
12139,2,86.20,-0.06,87.50,0.61,0.62,-50.000,110.55,119.13,0.43,0.44,-0.25,4.98
12159,2,86.17,-0.33,87.50,0.64,0.68,-50.000,110.57,119.14,0.52,0.35,-0.25,4.97
12179,2,86.13,-0.71,87.50,0.69,0.77,-50.000,110.58,119.15,0.36,0.37,-0.26,4.97
12199,2,86.13,-0.37,87.50,0.69,0.74,-50.000,110.59,119.16,0.28,0.52,-0.26,4.97
12218,2,86.16,0.08,87.50,0.67,0.66,-50.000,110.60,119.18,0.44,0.61,-0.26,4.96
12239,2,86.14,-0.15,87.50,0.68,0.70,-50.000,110.62,119.19,0.65,0.36,-0.27,4.96
12259,2,86.16,0.33,87.50,0.66,0.63,-50.000,110.63,119.20,0.43,0.35,-0.27,4.96
12279,2,86.21,0.98,87.50,0.62,0.50,-50.000,110.65,119.21,0.60,0.54,-0.27,4.95
12299,2,86.20,0.80,87.50,0.62,0.52,-50.000,110.66,119.23,0.48,0.54,-0.28,4.95
12319,2,86.20,0.66,87.50,0.62,0.54,-50.000,110.67,119.25,0.19,0.59,-0.28,4.94
12337,2,86.19,0.42,87.50,0.63,0.58,-50.000,110.68,119.26,0.38,0.20,-0.29,4.94
12359,2,86.22,0.84,87.50,0.60,0.50,-50.000,110.69,119.27,0.56,0.19,-0.29,4.93
12379,2,86.20,0.47,87.50,0.63,0.58,-50.000,110.71,119.27,0.37,0.21,-0.30,4.93
12399,2,86.25,1.17,87.50,0.58,0.44,-50.000,110.72,119.28,0.28,0.38,-0.30,4.93
12419,2,86.36,2.46,87.50,0.47,0.17,-50.000,110.73,119.30,0.28,0.65,-0.30,4.92
12439,2,86.42,2.62,87.50,0.39,0.08,-50.000,110.74,119.32,0.53,0.57,-0.31,4.92
12458,2,86.32,0.45,87.50,0.47,0.36,-50.000,110.75,119.33,0.25,0.24,-0.31,4.92
12479,2,86.30,0.09,87.50,0.52,0.51,-50.000,110.76,119.33,0.05,-0.06,-0.32,4.91
12499,2,86.35,0.94,87.50,0.48,0.36,-50.000,110.76,119.33,0.22,0.14,-0.32,4.91
12519,2,86.40,1.30,87.50,0.43,0.27,-50.000,110.77,119.34,0.29,0.20,-0.32,4.90
12539,2,86.47,2.05,87.50,0.35,0.10,-50.000,110.78,119.34,0.31,0.14,-0.33,4.90
12559,2,86.53,2.35,87.50,0.28,0.00,-50.000,110.79,119.35,0.19,0.21,-0.33,4.89
12579,2,86.56,2.13,87.50,0.25,-0.01,-50.000,110.79,119.36,0.07,0.28,-0.34,4.89
12597,2,86.59,2.14,87.50,0.21,-0.04,-50.000,110.79,119.36,0.03,0.18,-0.34,4.89
12621,2,86.62,1.89,87.50,0.18,-0.05,-50.000,110.79,119.37,0.08,0.10,-0.35,4.88
12637,2,86.63,1.73,87.50,0.16,-0.04,-50.000,110.80,119.37,0.07,-0.04,-0.35,4.88
12659,2,86.67,1.73,87.50,0.12,-0.08,-50.000,110.80,119.37,0.00,0.00,-0.35,4.88
12679,2,86.70,1.83,87.50,0.08,-0.14,-50.000,110.80,119.37,-0.04,-0.02,-0.36,4.87
12699,2,86.74,1.92,87.50,0.04,-0.19,-50.000,110.80,119.37,-0.00,-0.02,-0.36,4.87
12719,2,86.78,1.92,87.50,0.00,-0.23,-50.000,110.80,119.37,-0.05,-0.06,-0.36,4.86
12739,2,86.81,1.89,87.50,-0.04,-0.27,-50.000,110.79,119.36,-0.07,-0.11,-0.37,4.86
12759,2,86.86,2.08,87.50,-0.09,-0.34,-50.000,110.79,119.36,-0.07,-0.13,-0.37,4.86
12779,2,86.90,2.17,87.50,-0.14,-0.40,-50.000,110.79,119.36,-0.07,-0.14,-0.38,4.85
12799,2,86.93,1.94,87.50,-0.18,-0.41,-50.000,110.78,119.35,-0.13,-0.20,-0.38,4.85
12819,2,86.96,1.95,87.50,-0.22,-0.45,-50.000,110.78,119.34,-0.26,-0.27,-0.38,4.84
12839,2,87.02,2.26,87.50,-0.28,-0.55,-50.000,110.77,119.34,-0.36,-0.09,-0.39,4.84
12857,2,87.05,2.07,87.50,-0.32,-0.56,-50.000,110.76,119.34,-0.29,-0.16,-0.39,4.84
12879,2,87.08,1.58,87.50,-0.35,-0.54,-50.000,110.75,119.33,-0.30,-0.29,-0.40,4.83
12899,2,87.06,0.47,87.50,-0.34,-0.40,-50.000,110.74,119.32,-0.12,-0.41,-0.40,4.83
12919,2,87.00,-0.87,87.50,-0.28,-0.17,-50.000,110.74,119.30,-0.29,-0.46,-0.40,4.82
12939,2,86.88,-3.09,87.50,-0.15,0.22,-50.000,110.72,119.29,-0.55,-0.21,-0.41,4.82
12959,2,86.78,-4.19,87.50,-0.04,0.46,-50.000,110.71,119.29,-0.48,-0.32,-0.41,4.82
12977,2,86.72,-4.33,87.50,0.03,0.55,-50.000,110.70,119.28,-0.00,-0.30,-0.41,4.81
12999,2,86.65,-4.30,87.50,0.11,0.63,-50.000,110.71,119.27,0.06,-0.02,-0.42,4.81
13019,2,86.64,-3.39,87.50,0.13,0.54,-50.000,110.71,119.28,0.11,0.19,-0.42,4.80
13039,2,86.67,-2.39,87.50,0.10,0.39,-50.000,110.72,119.29,0.27,0.49,-0.43,4.80
13059,2,86.65,-2.21,87.50,0.11,0.38,-50.000,110.73,119.30,0.48,0.46,-0.43,4.79
13079,2,86.54,-3.39,87.50,0.22,0.63,-50.000,110.74,119.32,0.47,0.30,-0.44,4.79
13098,2,86.36,-5.10,87.50,0.36,0.94,-50.000,110.75,119.32,0.11,0.18,-0.44,4.79
13119,2,86.25,-5.35,87.50,0.54,1.18,-50.000,110.76,119.33,0.21,0.25,-0.44,4.78
13139,2,86.14,-5.53,87.50,0.67,1.33,-50.000,110.77,119.34,0.48,0.29,-0.45,4.78
13159,2,86.07,-4.96,87.50,0.75,1.35,-50.000,110.78,119.35,0.71,0.41,-0.45,4.78
13179,2,86.16,-2.17,87.50,0.67,0.93,-50.000,110.80,119.37,0.80,0.75,-0.46,4.77
13199,2,86.27,-0.06,87.50,0.56,0.57,-50.000,110.83,119.39,0.91,1.02,-0.46,4.77
13219,2,86.29,0.28,87.50,0.52,0.49,-50.000,110.85,119.43,0.81,0.93,-0.46,4.76
13238,2,86.20,-1.05,87.50,0.60,0.73,-50.000,110.88,119.45,0.49,0.79,-0.47,4.76
13259,2,86.09,-2.16,87.50,0.71,0.97,-50.000,110.89,119.46,0.46,0.14,-0.47,4.75
13279,2,86.02,-2.49,87.50,0.81,1.11,-50.000,110.90,119.47,0.61,0.27,-0.48,4.75
13299,2,86.03,-1.36,87.50,0.81,0.98,-50.000,110.92,119.48,0.34,0.50,-0.48,4.75
13319,2,86.07,-0.05,87.50,0.77,0.78,-50.000,110.93,119.50,0.52,0.66,-0.49,4.74
13339,2,86.16,1.79,87.50,0.68,0.47,-50.000,110.95,119.52,0.55,0.61,-0.49,4.74
13358,2,86.26,3.42,87.50,0.57,0.16,-50.000,110.97,119.54,0.84,0.67,-0.49,4.74
13379,2,86.41,5.04,87.50,0.40,-0.20,-50.000,110.99,119.56,0.69,0.66,-0.50,4.73
13399,2,86.49,5.41,87.50,0.30,-0.35,-50.000,111.01,119.57,0.32,0.51,-0.50,4.73
13419,2,86.55,5.56,87.50,0.22,-0.44,-50.000,111.01,119.58,0.10,0.07,-0.50,4.72
13439,2,86.68,6.47,87.50,0.09,-0.69,-50.000,111.01,119.58,0.02,-0.13,-0.51,4.72
13459,2,86.85,7.57,87.50,-0.10,-1.01,-50.000,111.01,119.58,-0.06,-0.15,-0.51,4.71
13479,2,87.00,8.03,87.50,-0.27,-1.24,-50.000,111.00,119.57,-0.32,-0.18,-0.52,4.71
13497,2,87.17,8.92,87.50,-0.46,-1.53,-50.000,110.99,119.56,-0.44,-0.41,-0.52,4.71
13519,2,87.39,9.02,87.50,-0.68,-1.77,-50.000,110.98,119.55,-0.46,-0.59,-0.53,4.70
13539,2,87.44,7.23,87.50,-0.80,-1.67,-50.000,110.96,119.53,-0.80,-0.60,-0.53,4.70
13559,2,87.45,5.06,87.50,-0.80,-1.41,-50.000,110.93,119.50,-1.00,-1.22,-0.53,4.69
13579,2,87.41,1.99,87.50,-0.76,-1.00,-50.000,110.89,119.47,-1.14,-1.20,-0.54,4.69
13599,2,87.33,-0.91,87.50,-0.67,-0.56,-50.000,110.86,119.43,-1.04,-1.08,-0.54,4.69
13617,2,87.31,-2.43,87.50,-0.64,-0.34,-50.000,110.83,119.40,-0.84,-0.91,-0.54,4.68
13640,2,87.12,-6.16,87.50,-0.43,0.31,-50.000,110.81,119.38,-0.56,-0.69,-0.55,4.68
13659,2,86.87,-8.56,87.50,-0.17,0.86,-50.000,110.79,119.36,-0.50,-0.43,-0.55,4.67
13679,2,86.67,-9.55,87.50,0.07,1.22,-50.000,110.78,119.35,-0.16,-0.32,-0.56,4.67
13699,2,86.53,-8.84,87.50,0.23,1.29,-50.000,110.78,119.35,0.08,0.10,-0.56,4.67
13719,2,86.50,-6.70,87.50,0.28,1.09,-50.000,110.79,119.35,0.23,0.33,-0.57,4.66
13738,2,86.65,-2.77,87.50,0.14,0.47,-50.000,110.80,119.37,0.64,0.84,-0.57,4.66
13759,2,86.75,-0.55,87.50,0.01,0.08,-50.000,110.83,119.40,1.01,1.02,-0.58,4.65
13779,2,86.67,-1.49,87.50,0.06,0.24,-50.000,110.85,119.43,0.92,0.59,-0.58,4.65
13799,2,86.48,-3.74,87.50,0.25,0.69,-50.000,110.87,119.44,0.17,0.18,-0.58,4.65
13819,2,86.36,-4.53,87.50,0.39,0.93,-50.000,110.87,119.44,0.02,-0.04,-0.59,4.64
13839,2,86.31,-3.98,87.50,0.47,0.94,-50.000,110.87,119.44,0.24,0.31,-0.59,4.64
13859,2,86.34,-2.35,87.50,0.44,0.73,-50.000,110.88,119.46,0.40,0.55,-0.59,4.63
13878,2,86.38,-1.12,87.50,0.40,0.53,-50.000,110.90,119.47,0.64,0.52,-0.60,4.63
13899,2,86.46,0.57,87.50,0.30,0.23,-50.000,110.92,119.49,0.64,0.70,-0.60,4.63
13920,2,86.44,0.19,87.50,0.33,0.30,-50.000,110.94,119.51,0.58,0.24,-0.60,4.62
13939,2,86.36,-0.67,87.50,0.39,0.47,-50.000,110.95,119.51,0.11,0.23,-0.61,4.62
13959,2,86.33,-0.60,87.50,0.43,0.50,-50.000,110.95,119.52,0.10,0.22,-0.61,4.61
13979,2,86.43,1.27,87.50,0.34,0.19,-50.000,110.96,119.53,0.25,0.35,-0.62,4.61
13998,2,86.52,2.59,87.50,0.24,-0.07,-50.000,110.97,119.54,0.42,0.43,-0.62,4.61
14019,2,86.63,3.70,87.50,0.11,-0.33,-50.000,110.98,119.55,0.47,0.24,-0.63,4.60
14040,2,86.70,4.07,87.50,0.02,-0.47,-50.000,110.99,119.55,0.09,0.14,-0.63,4.60
14057,2,86.76,4.45,87.50,-0.05,-0.58,-50.000,110.99,119.56,-0.01,0.12,-0.63,4.60
14079,2,86.84,4.41,87.50,-0.13,-0.66,-50.000,110.98,119.56,-0.13,-0.16,-0.64,4.59
14099,2,86.86,3.76,87.50,-0.17,-0.62,-50.000,110.98,119.55,-0.29,-0.37,-0.64,4.59
14119,2,86.92,3.79,87.50,-0.23,-0.69,-50.000,110.97,119.54,-0.38,-0.32,-0.64,4.58
14138,2,87.02,4.21,87.50,-0.33,-0.84,-50.000,110.95,119.53,-0.42,-0.41,-0.65,4.58
14159,2,87.09,4.24,87.50,-0.42,-0.93,-50.000,110.94,119.51,-0.28,-0.57,-0.65,4.57
14179,2,87.25,5.19,87.50,-0.59,-1.21,-50.000,110.93,119.50,-0.40,-0.40,-0.66,4.57
14199,2,87.36,5.33,87.50,-0.72,-1.36,-50.000,110.92,119.49,-0.50,-0.36,-0.66,4.57
14219,2,87.37,3.92,87.50,-0.75,-1.23,-50.000,110.90,119.47,-0.67,-0.52,-0.67,4.56
14239,2,87.35,2.50,87.50,-0.74,-1.04,-50.000,110.88,119.45,-0.90,-0.62,-0.67,4.56
14257,2,87.30,1.31,87.50,-0.69,-0.85,-50.000,110.85,119.43,-0.67,-1.09,-0.67,4.56
14279,2,87.33,1.34,87.50,-0.70,-0.86,-50.000,110.83,119.40,-0.84,-0.97,-0.68,4.55
14299,2,87.46,2.11,87.50,-0.85,-1.11,-50.000,110.81,119.37,-0.79,-0.62,-0.68,4.55
14319,2,87.54,1.72,87.50,-0.95,-1.16,-50.000,110.79,119.36,-0.65,-0.56,-0.69,4.54
14339,2,87.42,-1.47,87.50,-0.84,-0.67,-50.000,110.77,119.34,-0.73,-0.66,-0.69,4.54
14359,2,87.26,-4.25,87.50,-0.67,-0.16,-50.000,110.75,119.32,-0.81,-0.63,-0.69,4.53
14378,2,86.97,-7.27,87.50,-0.44,0.36,-50.000,110.73,119.30,-0.59,-0.89,-0.70,4.53
14399,2,86.78,-8.14,87.50,-0.14,0.84,-50.000,110.71,119.28,-0.65,-0.61,-0.70,4.53
14419,2,86.77,-5.93,87.50,-0.11,0.61,-50.000,110.70,119.27,-0.06,-0.33,-0.71,4.52
14439,2,86.80,-3.84,87.50,-0.14,0.33,-50.000,110.71,119.27,0.09,0.18,-0.71,4.52
14459,2,86.89,-1.42,87.50,-0.24,-0.07,-50.000,110.71,119.28,0.23,0.37,-0.72,4.51
14479,2,86.96,-0.00,87.50,-0.33,-0.33,-50.000,110.72,119.29,0.34,0.63,-0.72,4.51
14499,2,86.90,-0.70,87.50,-0.29,-0.20,-50.000,110.73,119.31,0.34,0.24,-0.72,4.51
14518,2,86.79,-1.91,87.50,-0.21,-0.03,-50.000,110.74,119.31,-0.04,-0.14,-0.73,4.50
14540,2,86.65,-3.31,87.50,-0.04,0.36,-50.000,110.73,119.31,-0.13,-0.19,-0.73,4.50
14559,2,86.53,-3.98,87.50,0.10,0.57,-50.000,110.73,119.30,-0.21,-0.10,-0.73,4.49
14579,2,86.50,-3.29,87.50,0.14,0.54,-50.000,110.73,119.30,-0.06,0.04,-0.74,4.49
14599,2,86.53,-1.90,87.50,0.11,0.34,-50.000,110.73,119.30,0.13,0.11,-0.74,4.49
14619,2,86.63,0.08,87.50,0.01,0.01,-50.000,110.74,119.31,0.52,0.23,-0.75,4.48
14639,2,86.66,0.60,87.50,-0.04,-0.11,-50.000,110.75,119.32,0.25,0.37,-0.75,4.48
14659,2,86.65,0.27,87.50,-0.04,-0.07,-50.000,110.75,119.33,0.03,0.22,-0.76,4.47
14679,2,86.61,-0.33,87.50,-0.00,0.04,-50.000,110.76,119.33,0.10,0.03,-0.76,4.47
14699,2,86.54,-1.26,87.50,0.07,0.22,-50.000,110.76,119.33,0.06,-0.05,-0.76,4.47
14719,2,86.50,-1.44,87.50,0.12,0.29,-50.000,110.76,119.33,-0.01,-0.13,-0.77,4.46
14739,2,86.50,-0.92,87.50,0.12,0.23,-50.000,110.76,119.33,0.07,0.04,-0.77,4.46
14759,2,86.52,-0.34,87.50,0.10,0.14,-50.000,110.76,119.33,0.10,0.14,-0.77,4.46
14777,2,86.53,-0.13,87.50,0.09,0.11,-50.000,110.77,119.34,0.20,0.13,-0.78,4.45
14799,2,86.55,0.27,87.50,0.06,0.03,-50.000,110.77,119.34,0.16,0.03,-0.78,4.45
14819,2,86.57,0.53,87.50,0.04,-0.02,-50.000,110.78,119.34,0.17,0.07,-0.79,4.44
14839,2,86.58,0.49,87.50,0.03,-0.03,-50.000,110.78,119.34,0.11,0.05,-0.79,4.44
14859,2,86.58,0.41,87.50,0.02,-0.03,-50.000,110.78,119.35,-0.01,0.09,-0.80,4.43
14880,2,86.58,0.32,87.50,0.02,-0.02,-50.000,110.78,119.35,0.02,0.06,-0.80,4.43
14897,2,86.58,0.24,87.50,0.02,-0.01,-50.000,110.78,119.35,-0.02,-0.04,-0.80,4.43
14919,2,86.58,0.24,87.50,0.02,-0.01,-50.000,110.78,119.35,-0.03,0.01,-0.81,4.42
14939,2,86.59,0.39,87.50,0.00,-0.04,-50.000,110.78,119.35,0.01,-0.00,-0.81,4.42
14959,2,86.60,0.50,87.50,-0.01,-0.07,-50.000,110.78,119.35,0.00,-0.04,-0.81,4.41
14979,2,86.61,0.55,87.50,-0.03,-0.09,-50.000,110.78,119.35,-0.07,-0.03,-0.82,4.41
14999,2,86.62,0.55,87.50,-0.03,-0.10,-50.000,110.78,119.35,-0.04,-0.01,-0.82,4.41
15018,2,86.62,0.48,87.50,-0.04,-0.10,-50.000,110.78,119.35,-0.07,-0.03,-0.83,4.40
15039,2,86.63,0.40,87.50,-0.05,-0.10,-50.000,110.77,119.35,-0.13,-0.03,-0.83,4.40
15059,2,86.64,0.50,87.50,-0.07,-0.13,-50.000,110.77,119.34,-0.06,-0.05,-0.84,4.39
15079,2,86.67,0.69,87.50,-0.09,-0.18,-50.000,110.77,119.34,-0.02,-0.06,-0.84,4.39
15099,2,86.68,0.64,87.50,-0.11,-0.18,-50.000,110.77,119.34,0.00,-0.05,-0.85,4.39
15119,2,86.69,0.63,87.50,-0.12,-0.20,-50.000,110.77,119.34,-0.05,-0.04,-0.85,4.38
15139,2,86.69,0.52,87.50,-0.13,-0.20,-50.000,110.76,119.34,-0.12,-0.08,-0.85,4.38
15158,2,86.69,0.33,87.50,-0.13,-0.17,-50.000,110.76,119.34,-0.13,-0.09,-0.86,4.37
15179,2,86.69,0.16,87.50,-0.13,-0.15,-50.000,110.76,119.33,-0.17,-0.14,-0.86,4.37
15199,2,86.69,0.19,87.50,-0.14,-0.16,-50.000,110.75,119.33,-0.10,-0.15,-0.86,4.37
15219,2,86.71,0.44,87.50,-0.16,-0.22,-50.000,110.75,119.32,0.00,-0.15,-0.87,4.36
15239,2,86.74,0.65,87.50,-0.19,-0.27,-50.000,110.75,119.32,-0.08,-0.12,-0.87,4.36
15259,2,86.74,0.37,87.50,-0.20,-0.24,-50.000,110.75,119.32,-0.10,-0.06,-0.88,4.35
15278,2,86.73,0.10,87.50,-0.19,-0.20,-50.000,110.74,119.31,-0.19,-0.15,-0.88,4.35
15299,2,86.68,-0.61,87.50,-0.14,-0.07,-50.000,110.73,119.31,-0.22,-0.17,-0.89,4.34
15319,2,86.67,-0.50,87.50,-0.14,-0.08,-50.000,110.73,119.30,-0.23,-0.17,-0.89,4.34
15338,2,86.70,-0.00,87.50,-0.15,-0.14,-50.000,110.72,119.30,-0.13,-0.06,-0.89,4.34
15360,2,86.73,0.35,87.50,-0.20,-0.24,-50.000,110.72,119.30,-0.04,-0.09,-0.90,4.33
15379,2,86.73,0.33,87.50,-0.21,-0.25,-50.000,110.72,119.29,-0.03,-0.16,-0.90,4.33
15399,2,86.71,-0.10,87.50,-0.19,-0.18,-50.000,110.72,119.29,-0.15,-0.16,-0.90,4.33
15417,2,86.68,-0.56,87.50,-0.17,-0.10,-50.000,110.71,119.28,-0.21,-0.31,-0.91,4.32
15440,2,86.70,-0.12,87.50,-0.18,-0.17,-50.000,110.71,119.27,-0.10,-0.23,-0.91,4.32
15459,2,86.73,0.31,87.50,-0.22,-0.25,-50.000,110.71,119.27,-0.08,-0.03,-0.91,4.31
15479,2,86.75,0.44,87.50,-0.24,-0.30,-50.000,110.71,119.27,-0.08,-0.01,-0.92,4.31
15499,2,86.74,0.06,87.50,-0.24,-0.24,-50.000,110.70,119.27,-0.14,-0.09,-0.92,4.30
15519,2,86.72,-0.26,87.50,-0.22,-0.19,-50.000,110.70,119.26,-0.21,-0.15,-0.93,4.30
15537,2,86.71,-0.41,87.50,-0.21,-0.16,-50.000,110.69,119.26,-0.22,-0.09,-0.93,4.30
15560,2,86.69,-0.58,87.50,-0.19,-0.12,-50.000,110.68,119.26,-0.19,-0.05,-0.94,4.29
15579,2,86.67,-0.63,87.50,-0.18,-0.11,-50.000,110.68,119.26,-0.16,-0.10,-0.94,4.29
15599,2,86.68,-0.50,87.50,-0.19,-0.13,-50.000,110.68,119.25,-0.08,-0.07,-0.94,4.29
15619,2,86.68,-0.29,87.50,-0.19,-0.16,-50.000,110.67,119.25,-0.04,-0.10,-0.95,4.28
15639,2,86.67,-0.37,87.50,-0.19,-0.14,-50.000,110.67,119.25,-0.09,-0.09,-0.95,4.28
15658,2,86.66,-0.40,87.50,-0.18,-0.13,-50.000,110.67,119.24,-0.11,-0.17,-0.95,4.27
15679,2,86.65,-0.39,87.50,-0.17,-0.13,-50.000,110.67,119.24,-0.10,-0.12,-0.96,4.27
15699,2,86.64,-0.50,87.50,-0.17,-0.11,-50.000,110.67,119.24,-0.09,-0.11,-0.96,4.26
15719,2,86.62,-0.67,87.50,-0.15,-0.07,-50.000,110.66,119.23,-0.07,-0.09,-0.97,4.26
15739,2,86.60,-0.96,87.50,-0.12,-0.01,-50.000,110.66,119.23,-0.10,-0.12,-0.97,4.26
15759,2,86.58,-1.04,87.50,-0.10,0.02,-50.000,110.66,119.23,-0.11,-0.06,-0.98,4.25
15779,2,86.57,-0.86,87.50,-0.10,0.00,-50.000,110.65,119.22,-0.07,-0.05,-0.98,4.25
15798,2,86.57,-0.71,87.50,-0.10,-0.02,-50.000,110.65,119.22,-0.02,0.01,-0.98,4.24
15819,2,86.57,-0.59,87.50,-0.10,-0.03,-50.000,110.65,119.22,-0.01,0.03,-0.99,4.24
15839,2,86.56,-0.56,87.50,-0.10,-0.03,-50.000,110.65,119.22,-0.05,-0.00,-0.99,4.24
15859,2,86.55,-0.62,87.50,-0.09,-0.02,-50.000,110.65,119.22,-0.03,0.00,-1.00,4.23
15879,2,86.54,-0.71,87.50,-0.08,0.00,-50.000,110.65,119.22,0.03,-0.02,-1.00,4.23
15899,2,86.51,-0.89,87.50,-0.06,0.05,-50.000,110.65,119.22,0.00,-0.02,-1.00,4.22
15918,2,86.49,-0.97,87.50,-0.03,0.08,-50.000,110.65,119.22,-0.03,-0.04,-1.01,4.22
15939,2,86.47,-0.93,87.50,-0.02,0.10,-50.000,110.65,119.22,0.01,-0.00,-1.01,4.22
15959,2,86.46,-0.94,87.50,-0.00,0.11,-50.000,110.65,119.22,-0.04,0.01,-1.02,4.21
15979,2,86.45,-0.91,87.50,0.01,0.12,-50.000,110.65,119.22,0.03,-0.01,-1.02,4.21
15999,2,86.44,-0.75,87.50,0.01,0.10,-50.000,110.65,119.22,0.08,0.08,-1.03,4.20
16019,2,86.44,-0.62,87.50,0.01,0.09,-50.000,110.66,119.23,0.13,0.11,-1.03,4.20
16039,2,86.43,-0.58,87.50,0.02,0.09,-50.000,110.66,119.23,0.15,0.07,-1.03,4.20
16058,2,86.41,-0.74,87.50,0.03,0.12,-50.000,110.66,119.23,0.09,0.08,-1.04,4.19
16079,2,86.39,-0.83,87.50,0.05,0.15,-50.000,110.66,119.23,0.01,0.08,-1.04,4.19
16099,2,86.38,-0.81,87.50,0.07,0.17,-50.000,110.66,119.23,0.03,0.08,-1.04,4.18
16119,2,86.35,-0.89,87.50,0.09,0.20,-50.000,110.66,119.24,0.09,0.08,-1.05,4.18
16139,2,86.35,-0.69,87.50,0.10,0.18,-50.000,110.67,119.24,0.08,0.06,-1.05,4.18
16159,2,86.36,-0.42,87.50,0.09,0.14,-50.000,110.67,119.24,0.08,0.16,-1.06,4.17
16177,2,86.36,-0.34,87.50,0.09,0.13,-50.000,110.67,119.25,0.17,0.14,-1.06,4.17
16199,2,86.35,-0.28,87.50,0.09,0.12,-50.000,110.68,119.25,0.10,0.05,-1.07,4.16
16219,2,86.34,-0.40,87.50,0.10,0.15,-50.000,110.68,119.25,0.15,0.06,-1.07,4.16
16239,2,86.32,-0.64,87.50,0.12,0.19,-50.000,110.69,119.25,0.09,0.07,-1.07,4.16
16259,2,86.31,-0.66,87.50,0.13,0.21,-50.000,110.69,119.26,0.01,0.05,-1.08,4.15
16279,2,86.30,-0.52,87.50,0.14,0.20,-50.000,110.69,119.26,0.08,0.10,-1.08,4.15
16298,2,86.32,-0.15,87.50,0.13,0.16,-50.000,110.69,119.26,0.15,0.08,-1.08,4.15
16319,2,86.32,0.02,87.50,0.11,0.11,-50.000,110.70,119.26,0.16,0.18,-1.09,4.14
16339,2,86.33,0.07,87.50,0.11,0.10,-50.000,110.70,119.27,0.09,0.18,-1.09,4.14
16359,2,86.32,-0.05,87.50,0.11,0.12,-50.000,110.70,119.27,0.04,0.14,-1.10,4.13
16379,2,86.31,-0.21,87.50,0.12,0.15,-50.000,110.71,119.28,0.05,0.12,-1.10,4.13
16399,2,86.30,-0.23,87.50,0.13,0.16,-50.000,110.71,119.28,0.07,0.08,-1.11,4.12
16419,2,86.32,0.07,87.50,0.11,0.10,-50.000,110.71,119.28,0.08,0.09,-1.11,4.12
16438,2,86.34,0.34,87.50,0.09,0.05,-50.000,110.71,119.29,0.12,0.14,-1.11,4.12
16459,2,86.34,0.20,87.50,0.08,0.06,-50.000,110.72,119.29,0.10,0.19,-1.12,4.11
16479,2,86.32,-0.16,87.50,0.10,0.12,-50.000,110.72,119.29,0.08,0.06,-1.12,4.11
16499,2,86.30,-0.35,87.50,0.12,0.16,-50.000,110.72,119.29,0.05,-0.03,-1.13,4.11
16519,2,86.30,-0.37,87.50,0.13,0.17,-50.000,110.72,119.29,0.07,0.01,-1.13,4.10
16539,2,86.31,-0.19,87.50,0.12,0.14,-50.000,110.72,119.30,0.01,0.06,-1.13,4.10
16558,2,86.32,0.15,87.50,0.10,0.08,-50.000,110.73,119.30,0.13,0.06,-1.14,4.09
16579,2,86.35,0.48,87.50,0.07,0.01,-50.000,110.73,119.30,0.16,0.09,-1.14,4.09
16599,2,86.37,0.57,87.50,0.04,-0.03,-50.000,110.74,119.30,0.17,0.06,-1.15,4.08
16619,2,86.36,0.38,87.50,0.04,-0.00,-50.000,110.74,119.31,-0.00,0.05,-1.15,4.08
16639,2,86.36,0.20,87.50,0.05,0.02,-50.000,110.74,119.31,-0.03,0.06,-1.16,4.08
16659,2,86.35,0.02,87.50,0.06,0.05,-50.000,110.74,119.31,-0.01,0.03,-1.16,4.07
16679,2,86.34,-0.07,87.50,0.07,0.07,-50.000,110.74,119.31,-0.03,-0.06,-1.16,4.07
16697,2,86.34,0.01,87.50,0.06,0.06,-50.000,110.74,119.31,-0.03,-0.01,-1.17,4.07
16719,2,86.37,0.38,87.50,0.03,-0.01,-50.000,110.74,119.31,-0.02,0.08,-1.17,4.06
16739,2,86.39,0.61,87.50,0.01,-0.07,-50.000,110.74,119.31,0.05,0.07,-1.17,4.06
16759,2,86.41,0.67,87.50,-0.01,-0.09,-50.000,110.74,119.31,0.09,0.09,-1.18,4.05
16779,2,86.42,0.73,87.50,-0.04,-0.12,-50.000,110.74,119.31,-0.01,-0.01,-1.18,4.05
16799,2,86.44,0.74,87.50,-0.05,-0.14,-50.000,110.74,119.31,-0.02,-0.04,-1.19,4.04
16817,2,86.44,0.60,87.50,-0.06,-0.13,-50.000,110.74,119.31,-0.04,-0.04,-1.19,4.04
16839,2,86.42,0.13,87.50,-0.04,-0.05,-50.000,110.74,119.31,-0.09,-0.03,-1.19,4.04
16859,2,86.40,-0.13,87.50,-0.03,-0.01,-50.000,110.73,119.30,-0.12,-0.10,-1.20,4.03
16881,2,86.40,-0.09,87.50,-0.02,-0.01,-50.000,110.73,119.30,-0.18,-0.12,-1.20,4.03
16897,2,86.42,0.27,87.50,-0.04,-0.08,-50.000,110.73,119.30,-0.12,-0.04,-1.21,4.03
16919,2,86.46,0.65,87.50,-0.09,-0.16,-50.000,110.73,119.30,-0.03,-0.02,-1.21,4.02
16938,2,86.47,0.70,87.50,-0.10,-0.18,-50.000,110.73,119.30,-0.00,-0.03,-1.22,4.02
16959,2,86.47,0.36,87.50,-0.11,-0.15,-50.000,110.73,119.30,-0.05,-0.09,-1.22,4.01
16979,2,86.46,0.25,87.50,-0.11,-0.14,-50.000,110.72,119.30,-0.11,-0.06,-1.22,4.01
16999,2,86.46,0.05,87.50,-0.10,-0.11,-50.000,110.72,119.29,-0.11,-0.11,-1.23,4.01
17019,2,86.43,-0.38,87.50,-0.07,-0.03,-50.000,110.72,119.29,-0.12,-0.14,-1.23,4.00
17039,2,86.41,-0.54,87.50,-0.05,0.01,-50.000,110.71,119.28,-0.09,-0.20,-1.24,4.00
17059,2,86.45,0.10,87.50,-0.09,-0.10,-50.000,110.71,119.28,0.04,-0.13,-1.24,3.99
17078,2,86.48,0.45,87.50,-0.13,-0.18,-50.000,110.71,119.28,-0.04,0.05,-1.25,3.99
17099,2,86.48,0.44,87.50,-0.14,-0.20,-50.000,110.71,119.28,-0.02,-0.01,-1.25,3.98
17119,2,86.49,0.39,87.50,-0.15,-0.20,-50.000,110.71,119.28,-0.01,-0.00,-1.25,3.98
17139,2,86.47,-0.16,87.50,-0.13,-0.11,-50.000,110.71,119.28,-0.03,-0.07,-1.26,3.98
17159,2,86.43,-0.64,87.50,-0.10,-0.02,-50.000,110.71,119.27,-0.07,-0.14,-1.26,3.97
17179,2,86.41,-0.92,87.50,-0.07,0.04,-50.000,110.70,119.27,-0.12,-0.12,-1.26,3.97
17198,2,86.40,-0.89,87.50,-0.06,0.06,-50.000,110.70,119.27,-0.06,-0.09,-1.27,3.97
17219,2,86.40,-0.66,87.50,-0.06,0.02,-50.000,110.70,119.26,0.00,0.01,-1.27,3.96
17239,2,86.40,-0.38,87.50,-0.07,-0.02,-50.000,110.69,119.27,-0.05,0.03,-1.28,3.96
17259,2,86.41,-0.24,87.50,-0.08,-0.05,-50.000,110.70,119.27,0.02,0.01,-1.28,3.95
17279,2,86.41,-0.24,87.50,-0.08,-0.05,-50.000,110.70,119.27,0.06,-0.01,-1.29,3.95
17299,2,86.40,-0.28,87.50,-0.08,-0.05,-50.000,110.70,119.27,-0.02,0.04,-1.29,3.95
17319,2,86.39,-0.47,87.50,-0.07,-0.01,-50.000,110.69,119.27,0.01,-0.02,-1.29,3.94
17337,2,86.37,-0.64,87.50,-0.05,0.02,-50.000,110.69,119.27,-0.01,0.00,-1.30,3.94
17360,2,86.35,-0.86,87.50,-0.03,0.08,-50.000,110.69,119.26,-0.01,0.00,-1.30,3.93
17379,2,86.33,-0.85,87.50,-0.01,0.09,-50.000,110.69,119.26,-0.01,-0.07,-1.30,3.93
17399,2,86.32,-0.86,87.50,0.00,0.10,-50.000,110.69,119.26,0.03,0.01,-1.31,3.93
17419,2,86.31,-0.87,87.50,0.01,0.12,-50.000,110.69,119.26,0.02,0.01,-1.31,3.92
17439,2,86.30,-0.81,87.50,0.02,0.12,-50.000,110.69,119.26,0.10,-0.00,-1.32,3.92
17457,2,86.30,-0.55,87.50,0.02,0.08,-50.000,110.70,119.27,0.09,0.02,-1.32,3.91
17480,2,86.30,-0.50,87.50,0.02,0.08,-50.000,110.70,119.27,0.13,0.11,-1.32,3.91
17499,2,86.28,-0.63,87.50,0.04,0.11,-50.000,110.70,119.27,0.11,0.08,-1.33,3.91
17519,2,86.26,-0.74,87.50,0.05,0.14,-50.000,110.70,119.27,0.01,0.03,-1.33,3.90
17539,2,86.25,-0.71,87.50,0.06,0.15,-50.000,110.70,119.27,0.05,0.07,-1.34,3.90
17559,2,86.24,-0.74,87.50,0.07,0.16,-50.000,110.71,119.28,0.01,0.04,-1.34,3.89
17578,2,86.24,-0.57,87.50,0.07,0.15,-50.000,110.71,119.28,0.01,0.09,-1.35,3.89
17599,2,86.25,-0.34,87.50,0.06,0.11,-50.000,110.71,119.28,0.10,0.13,-1.35,3.89
17619,2,86.26,-0.05,87.50,0.04,0.05,-50.000,110.71,119.29,0.09,0.17,-1.35,3.88
17639,2,86.26,-0.15,87.50,0.04,0.06,-50.000,110.71,119.29,0.14,0.12,-1.36,3.88
17659,2,86.23,-0.56,87.50,0.07,0.14,-50.000,110.72,119.29,0.11,-0.01,-1.36,3.87
17679,2,86.20,-0.81,87.50,0.10,0.20,-50.000,110.72,119.29,0.10,-0.00,-1.36,3.87
17699,2,86.17,-0.94,87.50,0.13,0.24,-50.000,110.72,119.30,0.05,0.06,-1.37,3.87
17717,2,86.16,-0.85,87.50,0.14,0.24,-50.000,110.72,119.30,0.05,0.08,-1.37,3.86
17739,2,86.18,-0.32,87.50,0.12,0.16,-50.000,110.73,119.30,0.10,0.12,-1.38,3.86
17759,2,86.22,0.25,87.50,0.09,0.06,-50.000,110.73,119.30,0.18,0.14,-1.38,3.85
17779,2,86.22,0.19,87.50,0.08,0.06,-50.000,110.74,119.31,0.23,0.13,-1.39,3.85
17799,2,86.20,-0.06,87.50,0.09,0.10,-50.000,110.74,119.31,0.05,0.11,-1.39,3.85
17819,2,86.19,-0.27,87.50,0.11,0.14,-50.000,110.74,119.31,-0.05,0.08,-1.39,3.84
17838,2,86.17,-0.36,87.50,0.12,0.16,-50.000,110.74,119.32,0.05,0.04,-1.40,3.84
17859,2,86.16,-0.34,87.50,0.13,0.17,-50.000,110.75,119.32,0.04,-0.02,-1.40,3.83
17880,2,86.17,-0.14,87.50,0.13,0.15,-50.000,110.75,119.32,0.02,0.06,-1.40,3.83
17899,2,86.18,0.16,87.50,0.11,0.09,-50.000,110.75,119.32,0.05,0.13,-1.41,3.83
17919,2,86.20,0.43,87.50,0.09,0.04,-50.000,110.75,119.33,0.14,0.12,-1.41,3.82
17939,2,86.21,0.45,87.50,0.07,0.02,-50.000,110.76,119.33,0.11,0.07,-1.42,3.82
17959,2,86.22,0.43,87.50,0.06,0.00,-50.000,110.76,119.33,0.10,0.02,-1.42,3.81
17978,2,86.22,0.31,87.50,0.06,0.02,-50.000,110.76,119.33,0.00,0.05,-1.43,3.81
17999,2,86.22,0.07,87.50,0.06,0.05,-50.000,110.76,119.33,-0.02,0.03,-1.43,3.81
18019,2,86.21,0.09,87.50,0.06,0.05,-50.000,110.76,119.33,-0.00,0.03,-1.44,3.80
18039,2,86.21,0.13,87.50,0.06,0.05,-50.000,110.76,119.33,0.03,0.06,-1.44,3.80
18059,2,86.22,0.22,87.50,0.05,0.02,-50.000,110.76,119.33,0.03,0.01,-1.44,3.79
18079,2,86.23,0.32,87.50,0.04,-0.00,-50.000,110.76,119.33,0.01,0.04,-1.45,3.79
18097,2,86.25,0.38,87.50,0.02,-0.02,-50.000,110.77,119.33,-0.02,0.01,-1.45,3.79
18119,2,86.26,0.49,87.50,0.00,-0.06,-50.000,110.77,119.34,0.01,0.02,-1.45,3.78
18139,2,86.28,0.53,87.50,-0.01,-0.08,-50.000,110.77,119.34,0.04,-0.00,-1.46,3.78
18159,2,86.29,0.59,87.50,-0.03,-0.10,-50.000,110.77,119.34,-0.01,-0.00,-1.46,3.77
18179,2,86.30,0.64,87.50,-0.05,-0.13,-50.000,110.77,119.34,0.00,0.03,-1.47,3.77
18199,2,86.31,0.53,87.50,-0.06,-0.12,-50.000,110.77,119.34,0.02,-0.01,-1.47,3.76
18218,2,86.31,0.30,87.50,-0.06,-0.10,-50.000,110.76,119.33,-0.08,-0.11,-1.48,3.76
18239,2,86.29,0.04,87.50,-0.04,-0.05,-50.000,110.76,119.33,-0.09,-0.09,-1.48,3.76
18259,2,86.28,-0.22,87.50,-0.03,-0.00,-50.000,110.76,119.33,-0.12,-0.04,-1.48,3.75
18279,2,86.28,-0.13,87.50,-0.03,-0.02,-50.000,110.76,119.33,-0.06,-0.08,-1.49,3.75
18299,2,86.29,0.10,87.50,-0.05,-0.06,-50.000,110.75,119.33,-0.01,-0.01,-1.49,3.75
18319,2,86.31,0.27,87.50,-0.07,-0.10,-50.000,110.75,119.33,-0.04,-0.03,-1.49,3.74
18339,2,86.32,0.36,87.50,-0.08,-0.13,-50.000,110.75,119.33,-0.03,0.02,-1.50,3.74
18358,2,86.32,0.31,87.50,-0.09,-0.13,-50.000,110.75,119.32,-0.04,-0.06,-1.50,3.73
18379,2,86.32,0.04,87.50,-0.09,-0.10,-50.000,110.75,119.32,-0.02,-0.07,-1.51,3.73
18399,2,86.32,-0.09,87.50,-0.09,-0.08,-50.000,110.75,119.32,-0.04,-0.05,-1.51,3.72
18419,2,86.31,-0.21,87.50,-0.08,-0.06,-50.000,110.75,119.32,-0.05,-0.04,-1.52,3.72
18439,2,86.30,-0.34,87.50,-0.08,-0.04,-50.000,110.75,119.32,-0.05,-0.05,-1.52,3.72
18459,2,86.30,-0.36,87.50,-0.07,-0.03,-50.000,110.74,119.31,-0.07,-0.04,-1.53,3.71
18478,2,86.28,-0.42,87.50,-0.06,-0.01,-50.000,110.74,119.31,-0.01,-0.05,-1.53,3.71
18499,2,86.28,-0.46,87.50,-0.06,-0.00,-50.000,110.74,119.31,-0.07,-0.01,-1.53,3.71
18519,2,86.28,-0.46,87.50,-0.06,-0.00,-50.000,110.74,119.31,-0.04,-0.03,-1.53,3.70
18539,2,86.28,-0.35,87.50,-0.06,-0.02,-50.000,110.74,119.31,0.00,-0.00,-1.54,3.70
18559,2,86.28,-0.28,87.50,-0.06,-0.03,-50.000,110.74,119.31,-0.03,0.05,-1.54,3.69
18579,2,86.27,-0.28,87.50,-0.06,-0.03,-50.000,110.74,119.31,-0.01,-0.01,-1.55,3.69
18599,2,86.26,-0.42,87.50,-0.05,-0.00,-50.000,110.74,119.31,-0.03,0.01,-1.55,3.68
18617,2,86.25,-0.53,87.50,-0.04,0.02,-50.000,110.74,119.31,-0.02,-0.02,-1.56,3.68
18639,2,86.23,-0.73,87.50,-0.03,0.06,-50.000,110.74,119.31,-0.01,-0.05,-1.56,3.68
18659,2,86.22,-0.76,87.50,-0.01,0.08,-50.000,110.74,119.31,0.01,-0.01,-1.56,3.67
18679,2,86.20,-0.79,87.50,0.01,0.10,-50.000,110.74,119.31,0.01,0.04,-1.57,3.67
18699,2,86.19,-0.82,87.50,0.02,0.12,-50.000,110.74,119.31,0.06,0.04,-1.57,3.66
18719,2,86.18,-0.71,87.50,0.02,0.11,-50.000,110.74,119.31,0.08,0.02,-1.58,3.66
18737,2,86.19,-0.51,87.50,0.01,0.08,-50.000,110.74,119.31,0.03,0.07,-1.58,3.66
18759,2,86.19,-0.43,87.50,0.01,0.07,-50.000,110.74,119.31,0.07,0.06,-1.58,3.65
18779,2,86.17,-0.61,87.50,0.04,0.11,-50.000,110.74,119.32,0.04,0.05,-1.59,3.65
18799,2,86.15,-0.65,87.50,0.05,0.13,-50.000,110.75,119.32,0.01,-0.01,-1.59,3.64
18819,2,86.13,-0.74,87.50,0.07,0.16,-50.000,110.75,119.32,0.06,0.04,-1.60,3.64
18839,2,86.13,-0.73,87.50,0.07,0.16,-50.000,110.75,119.32,0.00,0.07,-1.60,3.64
18858,2,86.13,-0.57,87.50,0.07,0.15,-50.000,110.75,119.32,0.06,0.12,-1.60,3.63
18879,2,86.13,-0.39,87.50,0.07,0.11,-50.000,110.75,119.33,0.11,0.08,-1.61,3.63
18899,2,86.14,-0.25,87.50,0.06,0.09,-50.000,110.76,119.33,0.14,0.12,-1.61,3.62
18919,2,86.13,-0.26,87.50,0.06,0.09,-50.000,110.76,119.33,0.20,0.12,-1.62,3.62
18939,2,86.11,-0.46,87.50,0.08,0.13,-50.000,110.76,119.33,0.08,0.04,-1.62,3.62
18959,2,86.09,-0.64,87.50,0.10,0.18,-50.000,110.77,119.33,0.09,0.03,-1.62,3.61
18979,2,86.09,-0.53,87.50,0.11,0.17,-50.000,110.77,119.34,0.04,0.10,-1.63,3.61
18998,2,86.09,-0.39,87.50,0.11,0.15,-50.000,110.77,119.34,0.06,0.10,-1.63,3.60
19019,2,86.11,0.04,87.50,0.08,0.08,-50.000,110.77,119.34,0.12,0.09,-1.63,3.60
19039,2,86.13,0.28,87.50,0.06,0.03,-50.000,110.78,119.34,0.22,0.06,-1.64,3.60
19059,2,86.11,0.05,87.50,0.07,0.06,-50.000,110.78,119.35,0.12,0.13,-1.64,3.59
19079,2,86.10,-0.09,87.50,0.08,0.09,-50.000,110.78,119.35,0.02,0.11,-1.65,3.59
19099,2,86.10,-0.16,87.50,0.09,0.10,-50.000,110.78,119.35,0.02,0.10,-1.65,3.58
19118,2,86.09,-0.28,87.50,0.09,0.12,-50.000,110.78,119.35,0.02,0.00,-1.66,3.58
19139,2,86.08,-0.28,87.50,0.10,0.13,-50.000,110.78,119.35,0.02,0.03,-1.66,3.58
19159,2,86.09,-0.15,87.50,0.09,0.11,-50.000,110.79,119.36,-0.01,0.05,-1.66,3.57
19179,2,86.10,0.14,87.50,0.08,0.06,-50.000,110.79,119.36,0.01,0.12,-1.67,3.57
19199,2,86.12,0.41,87.50,0.06,0.01,-50.000,110.79,119.36,0.14,0.10,-1.67,3.57
19219,2,86.14,0.61,87.50,0.03,-0.04,-50.000,110.79,119.37,0.06,0.11,-1.68,3.56
19239,2,86.15,0.63,87.50,0.02,-0.06,-50.000,110.79,119.37,0.08,0.13,-1.68,3.56
19257,2,86.14,0.40,87.50,0.02,-0.03,-50.000,110.79,119.37,0.04,0.09,-1.68,3.56
19280,2,86.14,0.13,87.50,0.03,0.01,-50.000,110.79,119.37,0.02,0.05,-1.69,3.56
19299,2,86.13,-0.08,87.50,0.03,0.04,-50.000,110.79,119.37,0.03,-0.01,-1.69,3.56
19319,2,86.12,-0.23,87.50,0.04,0.07,-50.000,110.79,119.37,-0.00,-0.05,-1.70,3.56
19339,2,86.11,-0.19,87.50,0.05,0.07,-50.000,110.79,119.37,0.04,-0.01,-1.70,3.56
19359,2,86.12,-0.09,87.50,0.04,0.05,-50.000,110.79,119.37,0.04,-0.01,-1.71,3.56
19377,2,86.13,0.05,87.50,0.03,0.03,-50.000,110.80,119.37,-0.00,-0.01,-1.71,3.56
19399,2,86.15,0.30,87.50,0.01,-0.03,-50.000,110.80,119.37,0.08,0.05,-1.71,3.56
19419,2,86.16,0.37,87.50,-0.01,-0.05,-50.000,110.80,119.37,0.00,0.08,-1.72,3.56
19439,2,86.16,0.31,87.50,-0.01,-0.05,-50.000,110.80,119.37,-0.02,0.01,-1.72,3.56
19459,2,86.16,0.08,87.50,-0.01,-0.02,-50.000,110.80,119.37,0.01,-0.03,-1.72,3.56
19479,2,86.15,-0.11,87.50,-0.00,0.01,-50.000,110.80,119.37,-0.03,-0.02,-1.73,3.56
19498,2,86.14,-0.28,87.50,0.01,0.04,-50.000,110.80,119.37,-0.02,-0.02,-1.73,3.56
19519,2,86.13,-0.40,87.50,0.02,0.06,-50.000,110.80,119.37,-0.02,-0.05,-1.74,3.56
19539,2,86.13,-0.41,87.50,0.02,0.07,-50.000,110.80,119.37,-0.01,-0.06,-1.74,3.56
19559,2,86.12,-0.46,87.50,0.03,0.08,-50.000,110.80,119.37,0.03,-0.02,-1.75,3.56
19579,2,86.12,-0.38,87.50,0.03,0.07,-50.000,110.80,119.37,0.04,0.02,-1.75,3.56
19599,2,86.12,-0.29,87.50,0.02,0.06,-50.000,110.80,119.37,-0.01,0.02,-1.75,3.56
19619,2,86.13,-0.12,87.50,0.01,0.03,-50.000,110.80,119.37,0.05,0.10,-1.76,3.56
19637,2,86.13,-0.04,87.50,0.00,0.01,-50.000,110.80,119.37,0.06,0.05,-1.76,3.56
19659,2,86.13,-0.15,87.50,0.01,0.03,-50.000,110.80,119.38,0.04,0.01,-1.76,3.56
19679,2,86.11,-0.39,87.50,0.02,0.07,-50.000,110.81,119.38,0.07,0.01,-1.77,3.56
19699,2,86.09,-0.62,87.50,0.05,0.12,-50.000,110.81,119.38,0.03,0.02,-1.77,3.56
19719,2,86.07,-0.71,87.50,0.07,0.15,-50.000,110.81,119.38,0.01,0.02,-1.78,3.56
19739,2,86.06,-0.64,87.50,0.07,0.15,-50.000,110.81,119.38,0.12,0.04,-1.78,3.56
19758,2,86.06,-0.60,87.50,0.07,0.15,-50.000,110.81,119.38,0.01,0.08,-1.79,3.56
19779,2,86.05,-0.59,87.50,0.08,0.15,-50.000,110.81,119.38,0.06,0.08,-1.79,3.56
19800,2,86.05,-0.57,87.50,0.09,0.15,-50.000,110.81,119.38,0.10,0.09,-1.80,3.56
19819,2,86.05,-0.44,87.50,0.08,0.14,-50.000,110.82,119.39,0.14,0.09,-1.80,3.56
19839,2,86.04,-0.52,87.50,0.09,0.16,-50.000,110.82,119.39,0.16,0.16,-1.80,3.56
19859,2,86.00,-0.86,87.50,0.13,0.23,-50.000,110.82,119.40,0.06,0.17,-1.81,3.56
19879,2,85.97,-1.13,87.50,0.16,0.30,-50.000,110.83,119.40,0.10,0.08,-1.81,3.56
19898,2,85.94,-1.42,87.50,0.20,0.37,-50.000,110.83,119.40,0.04,0.04,-1.81,3.56
19919,2,85.92,-1.29,87.50,0.22,0.37,-50.000,110.83,119.40,0.07,0.11,-1.82,3.56
19939,2,85.94,-0.79,87.50,0.21,0.30,-50.000,110.83,119.41,0.18,0.13,-1.82,3.56
19959,2,85.95,-0.52,87.50,0.20,0.26,-50.000,110.84,119.41,0.29,0.24,-1.83,3.56
19979,2,85.90,-1.00,87.50,0.23,0.35,-50.000,110.85,119.42,0.23,0.14,-1.83,3.56
19999,2,85.87,-1.20,87.50,0.27,0.41,-50.000,110.86,119.42,0.15,0.14,-1.83,3.56
20017,2,85.85,-1.28,87.50,0.29,0.45,-50.000,110.86,119.43,0.18,0.18,-1.84,3.56
20039,2,85.85,-0.89,87.50,0.29,0.40,-50.000,110.87,119.43,0.15,0.37,-1.84,3.56
20059,2,85.86,-0.51,87.50,0.30,0.36,-50.000,110.87,119.45,0.19,0.39,-1.85,3.56
20079,2,85.86,-0.30,87.50,0.29,0.32,-50.000,110.88,119.46,0.26,0.36,-1.85,3.56
20099,2,85.86,-0.32,87.50,0.29,0.33,-50.000,110.89,119.46,0.39,0.18,-1.85,3.56
20119,2,85.82,-0.81,87.50,0.32,0.42,-50.000,110.90,119.47,0.39,0.20,-1.86,3.56
20138,2,85.77,-1.36,87.50,0.37,0.53,-50.000,110.91,119.48,0.10,0.30,-1.86,3.56
20159,2,85.72,-1.67,87.50,0.43,0.63,-50.000,110.91,119.49,0.10,0.38,-1.87,3.56
20179,2,85.67,-2.07,87.50,0.50,0.75,-50.000,110.92,119.50,0.22,0.25,-1.87,3.56
20199,2,85.66,-1.60,87.50,0.52,0.71,-50.000,110.93,119.50,0.46,0.06,-1.87,3.56
20219,2,85.62,-1.69,87.50,0.56,0.76,-50.000,110.95,119.51,0.67,0.26,-1.88,3.56
20239,2,85.63,-0.98,87.50,0.55,0.67,-50.000,110.96,119.52,0.20,0.49,-1.88,3.56
20259,2,85.73,0.98,87.50,0.45,0.33,-50.000,110.97,119.54,0.44,0.76,-1.89,3.56
20278,2,85.82,2.11,87.50,0.36,0.13,-50.000,110.98,119.56,0.68,0.58,-1.89,3.56
20299,2,85.88,2.86,87.50,0.28,-0.06,-50.000,111.00,119.57,0.48,0.45,-1.89,3.56
20319,2,85.88,2.59,87.50,0.26,-0.05,-50.000,111.01,119.58,0.36,0.28,-1.90,3.56
20339,2,85.91,2.41,87.50,0.23,-0.06,-50.000,111.01,119.58,-0.04,-0.02,-1.90,3.56
20359,2,85.95,2.57,87.50,0.20,-0.11,-50.000,111.01,119.58,0.02,-0.04,-1.91,3.56
20379,2,86.03,3.41,87.50,0.10,-0.31,-50.000,111.01,119.58,-0.01,-0.03,-1.91,3.56
20398,2,86.14,4.19,87.50,-0.01,-0.51,-50.000,111.01,119.58,-0.03,-0.01,-1.91,3.56
20419,2,86.25,4.82,87.50,-0.13,-0.71,-50.000,111.01,119.58,-0.05,-0.01,-1.92,3.56
20439,2,86.35,5.04,87.50,-0.25,-0.85,-50.000,111.01,119.58,-0.21,-0.08,-1.92,3.56
20459,2,86.35,3.88,87.50,-0.27,-0.74,-50.000,111.00,119.58,-0.37,-0.19,-1.93,3.56
20479,2,86.39,3.36,87.50,-0.31,-0.72,-50.000,110.99,119.56,-0.39,-0.53,-1.93,3.56
20499,2,86.41,2.75,87.50,-0.33,-0.66,-50.000,110.98,119.55,-0.38,-0.47,-1.94,3.56
20519,2,86.42,2.16,87.50,-0.34,-0.60,-50.000,110.96,119.54,-0.55,-0.37,-1.94,3.56
20537,2,86.46,2.12,87.50,-0.39,-0.64,-50.000,110.95,119.52,-0.47,-0.58,-1.94,3.56
20559,2,86.57,2.74,87.50,-0.50,-0.83,-50.000,110.93,119.50,-0.37,-0.73,-1.94,3.56
20579,2,86.64,2.87,87.50,-0.60,-0.94,-50.000,110.92,119.49,-0.30,-0.37,-1.95,3.56
20599,2,86.70,2.66,87.50,-0.66,-0.98,-50.000,110.91,119.48,-0.50,-0.30,-1.95,3.56
20619,2,86.63,0.96,87.50,-0.60,-0.72,-50.000,110.90,119.47,-0.61,-0.55,-1.96,3.56
20639,2,86.59,0.00,87.50,-0.56,-0.56,-50.000,110.88,119.45,-0.76,-0.49,-1.96,3.56
20657,2,86.51,-1.15,87.50,-0.48,-0.34,-50.000,110.86,119.43,-0.42,-0.90,-1.97,3.56
20679,2,86.51,-0.78,87.50,-0.47,-0.37,-50.000,110.84,119.41,-0.52,-0.46,-1.97,3.56
20699,2,86.66,1.40,87.50,-0.62,-0.79,-50.000,110.83,119.40,-0.34,-0.14,-1.98,3.56
20719,2,86.72,1.61,87.50,-0.70,-0.89,-50.000,110.82,119.40,-0.20,-0.02,-1.98,3.56
20739,2,86.59,-0.76,87.50,-0.59,-0.50,-50.000,110.81,119.39,-0.44,-0.45,-1.98,3.56
20759,2,86.48,-2.27,87.50,-0.48,-0.20,-50.000,110.80,119.37,-0.59,-0.41,-1.99,3.56
20778,2,86.43,-2.66,87.50,-0.43,-0.12,-50.000,110.78,119.35,-0.28,-0.63,-1.99,3.56
20799,2,86.47,-1.65,87.50,-0.45,-0.25,-50.000,110.77,119.34,-0.33,-0.28,-1.99,3.56
20819,2,86.53,-0.64,87.50,-0.50,-0.43,-50.000,110.76,119.33,-0.20,-0.06,-2.00,3.56
20839,2,86.53,-0.65,87.50,-0.52,-0.44,-50.000,110.76,119.33,-0.19,-0.02,-2.00,3.56
20859,2,86.49,-1.19,87.50,-0.49,-0.35,-50.000,110.75,119.33,-0.23,-0.18,-2.01,3.56
20880,2,86.44,-1.73,87.50,-0.44,-0.24,-50.000,110.75,119.32,-0.06,-0.29,-2.01,3.56
20898,2,86.33,-3.00,87.50,-0.33,0.03,-50.000,110.74,119.31,-0.22,-0.31,-2.02,3.56
20917,2,86.25,-3.76,87.50,-0.24,0.21,-50.000,110.73,119.30,-0.38,-0.17,-2.02,3.56
20939,2,86.19,-3.56,87.50,-0.18,0.25,-50.000,110.72,119.30,-0.34,-0.12,-2.02,3.56
20959,2,86.16,-3.23,87.50,-0.13,0.25,-50.000,110.72,119.30,0.01,0.00,-2.03,3.56
20979,2,86.13,-2.98,87.50,-0.11,0.25,-50.000,110.72,119.30,0.08,-0.08,-2.03,3.56
20999,2,86.09,-2.86,87.50,-0.07,0.27,-50.000,110.73,119.30,0.14,0.05,-2.03,3.56
21019,2,86.05,-2.92,87.50,-0.03,0.32,-50.000,110.73,119.30,0.20,0.15,-2.04,3.56
21037,2,86.01,-3.04,87.50,0.02,0.38,-50.000,110.74,119.31,0.27,0.15,-2.04,3.56
21059,2,85.89,-3.86,87.50,0.13,0.59,-50.000,110.74,119.31,0.13,0.19,-2.05,3.56
21079,2,85.79,-4.30,87.50,0.25,0.76,-50.000,110.75,119.32,0.14,0.28,-2.05,3.56
21099,2,85.73,-4.24,87.50,0.32,0.82,-50.000,110.75,119.33,0.23,0.27,-2.06,3.56
21119,2,85.65,-4.40,87.50,0.40,0.93,-50.000,110.76,119.34,0.38,0.31,-2.06,3.56
21139,2,85.59,-4.33,87.50,0.47,0.99,-50.000,110.78,119.34,0.54,0.28,-2.06,3.56
21159,2,85.52,-4.31,87.50,0.55,1.07,-50.000,110.79,119.36,0.47,0.54,-2.07,3.56
21177,2,85.50,-3.81,87.50,0.57,1.03,-50.000,110.81,119.37,0.49,0.77,-2.07,3.56
21200,2,85.43,-3.68,87.50,0.64,1.08,-50.000,110.83,119.40,0.69,0.90,-2.07,3.56
21219,2,85.29,-4.85,87.50,0.81,1.39,-50.000,110.84,119.42,0.68,0.69,-2.08,3.56
21239,2,85.13,-5.80,87.50,0.97,1.67,-50.000,110.87,119.44,0.78,0.54,-2.08,3.56
21259,2,85.07,-5.41,87.50,1.06,1.70,-50.000,110.89,119.45,0.77,0.62,-2.09,3.56
21279,2,85.05,-4.45,87.50,1.09,1.63,-50.000,110.91,119.48,0.84,0.94,-2.09,3.56
21298,2,84.97,-4.41,87.50,1.18,1.71,-49.999,110.94,119.51,1.10,0.97,-2.09,3.56
21319,2,84.89,-4.15,87.50,1.27,1.77,-49.997,110.97,119.55,1.05,1.08,-2.10,3.56
21339,2,84.86,-3.12,87.50,1.31,1.69,-49.994,111.01,119.58,1.12,1.14,-2.10,3.56
21359,2,84.83,-2.48,87.50,1.36,1.65,-49.991,111.04,119.61,1.05,1.07,-2.11,3.56
21379,2,84.74,-2.49,87.50,1.44,1.74,-49.986,111.08,119.64,1.10,1.14,-2.11,3.56
21399,2,84.65,-2.64,87.50,1.55,1.86,-49.979,111.11,119.68,1.17,1.08,-2.12,3.56
21418,2,84.65,-1.97,87.50,1.56,1.81,-49.972,111.14,119.71,1.09,1.17,-2.12,3.56
21439,2,84.68,-0.99,87.50,1.55,1.67,-49.965,111.17,119.75,1.18,1.18,-2.12,3.56
21459,2,84.73,0.26,87.50,1.50,1.47,-49.960,111.21,119.78,1.09,1.17,-2.13,3.56
21479,2,84.81,1.51,87.50,1.42,1.24,-49.956,111.25,119.82,1.12,1.24,-2.13,3.56
21499,2,84.88,2.36,87.50,1.34,1.06,-49.954,111.28,119.85,1.01,1.13,-2.13,3.56
21519,2,84.95,2.84,87.50,1.27,0.93,-49.953,111.31,119.88,1.03,1.08,-2.14,3.56
21539,2,84.99,2.51,87.50,1.24,0.94,-49.953,111.34,119.91,0.94,0.78,-2.14,3.56
21558,2,84.98,1.66,87.50,1.24,1.01,-49.952,111.37,119.94,0.57,0.79,-2.15,3.56
21579,2,84.97,1.07,87.50,1.27,1.14,-49.952,111.38,119.96,0.71,0.55,-2.15,3.56
21599,2,84.96,0.63,87.50,1.29,1.21,-49.951,111.40,119.98,0.58,0.68,-2.16,3.56
21619,2,84.97,0.52,87.50,1.29,1.23,-49.950,111.43,120.00,0.80,0.49,-2.16,3.56
21639,2,85.01,0.91,87.50,1.26,1.15,-49.950,111.45,120.02,0.61,0.79,-2.16,3.56
21659,2,85.09,1.90,87.50,1.18,0.96,-49.952,111.47,120.04,0.87,0.75,-2.17,3.56
21678,2,85.14,2.29,87.50,1.13,0.85,-49.955,111.50,120.07,0.80,0.96,-2.17,3.56
21699,2,85.12,1.37,87.50,1.14,0.98,-49.957,111.52,120.09,0.71,0.68,-2.18,3.56
21720,2,85.11,0.84,87.50,1.19,1.08,-49.959,111.54,120.11,0.64,0.63,-2.18,3.56
21737,2,85.06,0.01,87.50,1.24,1.24,-49.961,111.56,120.13,0.60,0.63,-2.19,3.56
21759,2,85.03,-0.57,87.50,1.26,1.33,-49.961,111.58,120.16,0.63,0.48,-2.19,3.56
21779,2,85.01,-0.69,87.50,1.32,1.41,-49.961,111.60,120.17,0.69,0.67,-2.19,3.56
21799,2,85.07,0.13,87.50,1.27,1.26,-49.963,111.62,120.19,0.79,0.94,-2.20,3.56
21818,2,85.10,0.54,87.50,1.24,1.17,-49.965,111.65,120.22,0.87,1.07,-2.20,3.56
21839,2,85.07,-0.11,87.50,1.27,1.28,-49.966,111.68,120.25,0.96,0.84,-2.20,3.56
21859,2,85.04,-0.69,87.50,1.31,1.39,-49.967,111.70,120.28,0.82,0.81,-2.21,3.56
21879,2,85.01,-1.03,87.50,1.36,1.48,-49.967,111.73,120.30,0.71,0.87,-2.21,3.56
21899,2,84.93,-1.91,87.50,1.46,1.69,-49.966,111.75,120.32,0.93,0.63,-2.22,3.56
21919,2,84.90,-1.80,87.50,1.50,1.72,-49.964,111.78,120.35,0.81,0.94,-2.22,3.56
21937,2,84.93,-0.88,87.50,1.49,1.60,-49.963,111.81,120.38,1.00,1.10,-2.22,3.56
21959,2,84.97,-0.04,87.50,1.43,1.44,-49.962,111.84,120.41,1.21,0.97,-2.23,3.56
21979,2,85.01,0.32,87.50,1.44,1.40,-49.962,111.87,120.44,1.09,1.06,-2.23,3.56
21999,2,84.99,-0.21,87.50,1.45,1.47,-49.962,111.90,120.48,1.07,1.17,-2.24,3.56
22019,2,84.92,-1.31,87.50,1.53,1.69,-49.960,111.94,120.51,0.83,0.99,-2.24,3.56
22039,2,84.86,-1.93,87.50,1.61,1.84,-49.958,111.96,120.53,1.03,0.95,-2.25,3.56
22058,2,84.80,-2.56,87.50,1.68,1.96,-49.953,111.99,120.56,1.01,0.82,-2.25,3.56
22079,2,84.80,-2.13,87.50,1.71,1.97,-49.950,112.02,120.59,0.98,1.08,-2.25,3.56
22099,2,84.82,-1.53,87.50,1.71,1.89,-49.946,112.06,120.63,1.17,1.23,-2.26,3.56
22119,2,84.82,-1.34,87.50,1.71,1.88,-49.942,112.10,120.67,1.19,1.34,-2.26,3.56
22139,2,84.76,-2.32,87.50,1.79,2.06,-49.938,112.13,120.71,1.22,1.37,-2.26,3.56
22159,2,84.66,-3.70,87.50,1.91,2.36,-49.931,112.17,120.75,1.16,1.24,-2.27,3.56
22179,2,84.51,-5.31,87.50,2.08,2.72,-49.921,112.21,120.78,1.31,1.20,-2.27,3.56
22198,2,84.36,-6.60,87.50,2.24,3.00,-49.908,112.25,120.82,1.41,1.24,-2.28,3.56
22220,2,84.24,-7.24,87.49,2.43,3.30,-49.893,112.29,120.86,1.53,1.46,-2.28,3.56
22239,2,84.12,-7.80,87.49,2.59,3.53,-49.876,112.34,120.91,1.71,1.68,-2.29,3.56
22259,2,83.96,-8.91,87.49,2.78,3.85,-49.855,112.40,120.97,1.93,2.04,-2.29,3.56
22279,2,83.73,-10.72,87.49,3.05,4.34,-49.829,112.46,121.04,2.03,2.23,-2.29,3.56
22299,2,83.35,-13.88,87.49,3.48,5.14,-49.796,112.53,121.11,2.32,2.14,-2.30,3.56
22319,2,82.99,-15.85,87.49,3.91,5.81,-49.756,112.60,121.17,2.48,2.10,-2.30,3.56
22339,2,82.82,-14.39,87.49,4.15,5.88,-49.713,112.68,121.24,2.80,2.48,-2.30,3.56
22359,2,82.73,-12.13,87.48,4.29,5.74,-49.667,112.77,121.33,3.36,3.49,-2.31,3.56
22379,2,82.65,-10.54,87.48,4.40,5.67,-49.620,112.88,121.44,3.60,4.08,-2.31,3.56
22399,2,82.47,-10.93,87.48,4.62,5.93,-49.570,112.99,121.57,3.68,3.99,-2.32,3.56
22419,2,82.15,-12.99,87.48,4.98,6.54,-49.513,113.11,121.68,3.79,3.64,-2.32,3.56
22439,2,81.79,-15.11,87.47,5.41,7.22,-49.449,113.23,121.79,3.87,3.51,-2.32,3.56
22457,2,81.54,-15.99,87.47,5.74,7.65,-49.379,113.34,121.90,3.89,3.88,-2.33,3.56
22479,2,81.20,-16.01,87.47,6.05,7.97,-49.303,113.46,122.02,4.12,4.24,-2.33,3.56
22499,2,81.01,-14.94,87.46,6.51,8.31,-49.224,113.59,122.15,4.53,4.62,-2.34,3.56
22519,2,80.80,-14.38,87.46,6.69,8.42,-49.140,113.74,122.31,4.99,5.14,-2.34,3.56
22539,2,80.53,-14.90,87.45,7.02,8.81,-49.050,113.90,122.46,5.24,5.15,-2.34,3.56
22559,2,80.23,-15.79,87.45,7.40,9.29,-48.955,114.06,122.62,5.44,5.34,-2.35,3.56
22577,2,79.94,-17.18,87.44,7.77,9.83,-48.854,114.23,122.79,5.52,5.51,-2.35,3.56
22599,2,79.47,-18.77,87.44,8.19,10.45,-48.743,114.40,122.96,5.61,5.71,-2.35,3.56
22619,2,79.13,-19.22,87.43,8.90,11.20,-48.626,114.57,123.13,5.98,6.10,-2.35,3.56
22639,2,78.81,-19.29,87.43,9.20,11.52,-48.502,114.76,123.33,6.39,6.40,-2.36,3.56
22659,2,78.49,-19.38,87.42,9.61,11.94,-48.372,114.96,123.53,6.84,6.88,-2.36,3.56
22679,2,78.14,-19.98,87.41,10.06,12.46,-48.235,115.18,123.74,7.28,7.13,-2.36,3.56
22698,2,77.64,-22.26,87.40,10.53,13.12,-48.087,115.40,123.96,7.52,7.63,-2.36,3.56
22719,2,77.15,-23.38,87.40,11.27,14.08,-47.930,115.63,124.19,7.81,7.44,-2.36,3.56
22739,2,76.85,-22.19,87.39,11.71,14.37,-47.767,115.87,124.42,8.22,8.09,-2.36,3.56
22759,2,76.52,-22.06,87.38,12.16,14.81,-47.598,116.13,124.69,8.64,9.44,-2.36,3.56
22779,2,76.18,-22.41,87.37,12.61,15.30,-47.421,116.40,124.98,8.82,9.47,-2.36,3.56
22799,2,75.91,-21.88,87.36,13.01,15.63,-47.239,116.67,125.26,9.38,8.97,-2.36,3.56
22819,2,74.97,-29.69,87.35,14.07,17.63,-47.039,116.96,125.53,9.80,9.27,-2.36,3.56
22837,2,74.34,-31.80,87.35,14.88,18.70,-47.039,117.26,125.81,10.17,9.75,-2.36,3.56
22859,2,73.94,-25.70,87.34,15.23,18.31,-46.818,117.58,126.13,10.73,10.91,-2.36,3.56
22881,2,73.67,-21.85,87.33,16.10,18.72,-46.591,117.91,126.45,10.75,11.19,-2.36,3.56
22897,2,73.89,-13.44,87.32,15.80,17.42,-46.369,118.25,126.82,11.69,12.28,-2.36,3.56
22919,2,74.17,-3.53,87.31,15.34,15.76,-46.152,118.71,127.27,12.40,12.38,-2.36,3.56
22939,2,74.38,4.78,87.30,15.62,15.04,-45.940,118.99,127.55,12.23,11.84,-2.36,3.56
22958,2,74.50,8.60,87.29,15.37,14.34,-45.730,119.36,127.91,11.88,11.24,-2.36,3.56
22979,2,74.58,10.64,87.28,15.34,14.06,-45.522,119.69,128.24,10.40,10.41,-2.36,3.56
22999,2,74.72,11.97,87.27,15.28,13.85,-45.316,119.99,128.54,9.55,10.09,-2.36,3.56
23019,2,74.97,13.67,87.26,15.13,13.49,-45.115,120.27,128.84,9.11,9.78,-2.36,3.56
23039,2,75.36,17.21,87.25,14.82,12.76,-44.923,120.55,129.13,9.36,9.41,-2.36,3.56
23059,2,75.92,21.72,87.24,14.34,11.73,-44.741,120.84,129.42,9.69,9.20,-2.36,3.56
23079,2,76.45,24.64,87.23,13.85,10.89,-44.570,121.13,129.69,9.38,8.90,-2.36,3.56
23097,2,76.77,24.77,87.22,13.58,10.60,-44.405,121.41,129.95,8.75,8.54,-2.36,3.56
23120,2,77.07,21.26,87.21,13.18,10.63,-44.247,121.65,130.21,7.83,8.12,-2.36,3.56
23139,2,77.12,15.83,87.20,13.50,11.60,-44.089,121.87,130.44,6.98,7.58,-2.36,3.56
23159,2,77.24,13.17,87.20,13.38,11.80,-43.934,122.08,130.66,6.99,7.05,-2.36,3.56
23179,2,77.60,14.91,87.19,13.15,11.36,-43.786,122.30,130.88,7.40,7.17,-2.36,3.56
23199,2,78.06,18.24,87.18,12.77,10.58,-43.647,122.54,131.10,7.96,7.59,-2.36,3.56
23218,2,78.68,23.53,87.18,12.22,9.39,-43.521,122.78,131.33,8.01,7.91,-2.36,3.56
23239,2,79.26,27.12,87.17,11.67,8.41,-43.406,123.02,131.57,7.71,7.69,-2.36,3.56
23259,2,79.64,26.70,87.16,11.31,8.11,-43.299,123.24,131.79,7.15,7.18,-2.36,3.56
23279,2,79.95,25.29,87.16,11.06,8.02,-43.198,123.44,132.00,6.07,6.40,-2.36,3.56
23299,2,80.28,24.21,87.16,10.80,7.90,-43.103,123.61,132.18,5.55,5.72,-2.36,3.56
23319,2,80.75,25.41,87.15,10.41,7.36,-43.018,123.78,132.35,5.38,5.40,-2.36,3.56
23338,2,81.46,29.23,87.15,9.95,6.55,-42.947,123.94,132.51,5.55,5.44,-2.36,3.56
23359,2,82.15,31.68,87.15,9.10,5.30,-42.947,124.11,132.68,5.63,5.48,-2.36,3.56
23379,2,82.71,31.63,87.15,8.56,4.76,-42.947,124.27,132.83,5.09,5.08,-2.36,3.56
23399,2,83.11,29.10,87.15,8.20,4.71,-42.910,124.42,132.98,4.46,4.40,-2.36,3.56
23419,2,83.28,23.91,87.14,8.08,5.22,-42.875,124.54,133.10,3.57,3.66,-2.36,3.56
23439,2,83.51,21.14,87.14,7.94,5.40,-42.845,124.63,133.20,3.04,3.22,-2.36,3.56
23459,2,84.03,23.08,87.14,7.51,4.74,-42.826,124.73,133.30,3.27,3.15,-2.36,3.56
23478,2,84.49,25.28,87.14,7.10,4.07,-42.816,124.84,133.40,3.71,3.55,-2.36,3.56
23499,2,85.35,29.13,87.14,6.27,2.77,-42.823,124.95,133.51,3.78,3.66,-2.36,3.56
23520,2,85.90,29.39,87.14,5.72,2.20,-42.841,125.06,133.61,3.35,3.47,-2.36,3.56
23537,2,86.09,26.21,87.14,5.55,2.41,-42.862,125.15,133.71,2.53,2.74,-2.36,3.56
23559,2,86.25,20.22,87.14,5.41,2.98,-42.887,125.23,133.79,1.77,1.81,-2.36,3.56
23579,2,86.50,18.25,87.15,5.31,3.12,-42.917,125.26,133.83,1.55,1.40,-2.36,3.56
23597,2,86.77,18.42,87.15,5.09,2.88,-42.953,125.31,133.87,1.77,1.53,-2.36,3.56
23619,2,87.57,23.21,87.15,4.30,1.52,-43.004,125.37,133.93,2.21,2.14,-2.36,3.56
23640,2,88.18,25.56,87.15,3.77,0.70,-43.068,125.44,133.99,2.24,2.24,-2.36,3.56
23659,2,88.62,25.12,87.16,3.30,0.28,-43.141,125.50,134.06,1.93,1.95,-2.36,3.56
23679,2,88.82,21.32,87.16,3.12,0.57,-43.217,125.55,134.11,1.28,1.25,-2.36,3.56
23699,2,88.88,16.81,87.16,3.11,1.09,-43.294,125.57,134.13,0.32,0.17,-2.36,3.56
23719,2,89.14,16.33,87.17,2.93,0.97,-43.377,125.57,134.14,0.37,0.20,-2.36,3.56
23738,2,89.61,18.92,87.17,2.52,0.25,-43.469,125.59,134.15,0.59,0.71,-2.36,3.56
23759,2,90.16,21.81,87.18,2.00,-0.62,-43.572,125.61,134.17,0.76,0.80,-2.36,3.56
23779,2,90.64,22.89,87.18,1.52,-1.23,-43.685,125.63,134.20,0.50,0.79,-2.36,3.56
23799,2,91.04,22.52,87.19,1.12,-1.58,-43.806,125.64,134.21,0.33,0.16,-2.36,3.56
23819,2,91.36,20.97,87.20,0.82,-1.70,-43.933,125.64,134.21,-0.23,-0.13,-2.36,3.56
23839,2,91.63,19.05,87.20,0.58,-1.70,-44.066,125.63,134.20,-0.61,-0.59,-2.36,3.56
23857,2,91.81,17.83,87.21,0.44,-1.70,-44.202,125.61,134.17,-0.84,-1.03,-2.36,3.56
23879,2,92.19,17.61,87.22,0.12,-1.99,-44.346,125.58,134.14,-1.00,-1.08,-2.36,3.56
23899,2,92.57,18.66,87.22,-0.28,-2.52,-44.497,125.55,134.11,-1.19,-0.98,-2.36,3.56
23919,2,93.01,20.19,87.23,-0.68,-3.11,-44.658,125.51,134.08,-1.16,-1.00,-2.36,3.56
23939,2,93.46,21.48,87.24,-1.13,-3.70,-44.827,125.48,134.04,-1.20,-1.18,-2.36,3.56
23959,2,93.87,21.83,87.25,-1.53,-4.15,-45.004,125.44,134.00,-1.46,-1.60,-2.36,3.56
23978,2,94.21,21.22,87.26,-1.79,-4.35,-45.188,125.38,133.95,-2.00,-1.93,-2.36,3.56
23999,2,94.55,20.88,87.27,-2.21,-4.71,-45.379,125.32,133.88,-2.30,-2.35,-2.36,3.56
24019,2,94.93,21.22,87.28,-2.58,-5.13,-45.578,125.24,133.81,-2.52,-2.66,-2.36,3.56
24039,2,95.35,22.04,87.29,-3.00,-5.64,-45.785,125.16,133.72,-2.81,-2.90,-2.36,3.56
24059,2,95.84,23.67,87.30,-3.49,-6.33,-46.002,125.07,133.64,-2.95,-3.01,-2.36,3.56
24079,2,96.35,25.33,87.31,-4.02,-7.06,-46.229,124.98,133.54,-3.30,-3.19,-2.36,3.56
24099,2,96.88,26.77,87.32,-4.58,-7.79,-46.466,124.87,133.44,-3.61,-3.68,-2.36,3.56
24118,2,97.39,27.58,87.32,-5.00,-8.30,-46.466,124.76,133.32,-3.96,-4.00,-2.36,3.56
24139,2,97.89,28.03,87.32,-5.66,-9.02,-46.466,124.63,133.19,-4.47,-4.55,-2.36,3.56
24159,2,98.39,28.60,87.32,-6.21,-9.64,-46.466,124.48,133.05,-5.03,-4.89,-2.36,3.56
24179,2,98.92,29.36,87.32,-6.79,-10.31,-46.466,124.33,132.89,-5.34,-5.38,-2.36,3.56
24199,2,99.49,30.58,87.32,-7.41,-11.08,-46.466,124.16,132.72,-5.89,-5.76,-2.36,3.56
24219,2,100.15,32.91,87.32,-8.14,-12.09,-46.466,123.97,132.54,-6.26,-6.17,-2.36,3.56
24238,2,100.82,34.80,87.32,-8.89,-13.07,-46.466,123.78,132.34,-6.61,-6.62,-2.36,3.56
24259,2,101.53,36.60,87.32,-9.69,-14.08,-46.466,123.57,132.14,-7.11,-7.16,-2.36,3.56
24279,2,102.22,37.90,87.32,-10.48,-15.02,-46.466,123.35,131.91,-7.71,-7.74,-2.36,3.56
24299,2,102.97,39.62,87.32,-11.33,-16.08,-46.466,123.10,131.66,-8.34,-8.38,-2.36,3.56
24319,2,103.73,41.19,87.32,-12.20,-17.15,-46.466,122.83,131.40,-9.10,-8.96,-2.36,3.56
24339,2,104.55,43.10,87.32,-13.14,-18.32,-46.466,122.55,131.11,-9.62,-9.69,-2.36,3.56
24359,2,105.39,44.90,87.32,-14.12,-19.51,-46.466,122.25,130.81,-10.21,-10.43,-2.36,3.56
24377,2,106.03,46.33,87.32,-14.91,-20.47,-46.466,121.92,130.48,-11.11,-11.11,-2.36,3.56
24399,2,107.20,49.47,87.32,-15.94,-21.88,-46.466,121.57,130.13,-11.93,-11.84,-2.36,3.56
24419,2,108.31,53.63,87.32,-17.75,-24.18,-46.466,121.20,129.77,-12.45,-12.45,-2.36,3.56
24439,2,109.25,51.93,87.32,-18.66,-24.89,-46.466,120.81,129.37,-13.33,-13.26,-2.36,3.56
24459,2,109.52,37.26,87.32,-19.12,-23.59,-46.466,120.39,128.96,-14.60,-14.28,-2.36,3.56
24479,2,109.30,19.39,87.32,-18.99,-21.32,-46.466,119.93,128.50,-15.84,-15.45,-2.36,3.57
24497,2,108.74,4.14,87.32,-18.46,-18.96,-46.466,119.43,128.02,-16.15,-16.03,-2.36,3.57
24519,2,108.66,-1.00,87.32,-18.07,-17.95,-46.466,118.96,127.54,-15.19,-15.86,-2.36,3.57
24539,2,108.99,-0.07,87.32,-18.86,-18.86,-46.466,118.52,127.10,-13.82,-13.94,-2.36,3.57
24559,2,109.49,2.51,87.32,-19.30,-19.60,-46.466,118.14,126.69,-12.38,-12.74,-2.36,3.57
24579,2,109.76,0.84,87.32,-19.69,-19.79,-46.466,117.77,126.31,-11.77,-12.29,-2.36,3.57
24599,2,109.57,-6.41,87.32,-19.64,-18.87,-46.466,117.41,125.95,-11.99,-12.03,-2.36,3.57
24618,2,108.54,-20.13,87.32,-18.98,-16.93,-46.466,117.03,125.58,-13.19,-12.79,-2.36,3.57
24639,2,107.11,-35.97,87.32,-17.25,-12.93,-46.466,116.62,125.18,-13.58,-12.63,-2.36,3.56
24659,2,103.06,-53.29,87.32,-13.12,-6.72,-46.466,116.22,124.83,-13.14,-12.84,-2.36,3.56
24679,2,102.27,-51.99,87.32,-12.08,-5.84,-46.466,115.84,124.43,-11.40,-12.23,-2.36,3.56
24699,2,103.26,-31.33,87.32,-12.94,-9.18,-46.466,115.55,124.11,-7.91,-8.39,-2.36,3.56
24719,2,104.53,-11.22,87.32,-14.37,-13.02,-46.466,115.37,123.91,-5.00,-5.27,-2.36,3.56
24739,2,105.21,-2.64,87.32,-15.29,-14.97,-46.466,115.23,123.79,-4.26,-3.69,-2.36,3.57
24758,2,104.83,-10.45,87.32,-15.13,-13.88,-46.466,115.09,123.65,-5.63,-5.86,-2.36,3.56
24779,2,102.52,-39.35,87.32,-12.93,-8.21,-46.466,114.87,123.43,-8.28,-8.19,-2.36,3.56
24799,2,100.04,-62.00,87.32,-10.28,-2.84,-46.466,114.58,123.15,-10.32,-10.13,-2.36,3.56
24819,2,98.58,-64.02,87.32,-8.55,-0.86,-46.466,114.27,122.84,-9.91,-10.01,-2.36,3.56
24839,2,98.69,-43.64,87.32,-8.48,-3.25,-46.466,114.03,122.58,-6.24,-6.63,-2.36,3.56
24859,2,100.69,-4.49,87.32,-10.50,-9.96,-46.466,113.91,122.46,-2.40,-2.28,-2.36,3.56
24879,2,102.55,21.03,87.32,-12.70,-15.22,-46.466,113.87,122.43,-0.72,-0.51,-2.36,3.56
24899,2,102.10,7.39,87.32,-12.64,-13.53,-46.466,113.84,122.40,-2.25,-1.88,-2.36,3.56
24919,2,100.64,-16.76,87.32,-11.30,-9.29,-46.466,113.71,122.28,-6.07,-5.89,-2.36,3.56
24939,2,98.33,-44.36,87.32,-8.90,-3.58,-46.466,113.47,122.04,-9.23,-9.19,-2.36,3.56
24959,2,96.55,-56.50,87.32,-6.86,-0.08,-46.466,113.18,121.74,-9.48,-9.64,-2.36,3.56
24979,2,97.12,-34.53,87.32,-7.19,-3.05,-46.466,112.92,121.49,-6.89,-7.04,-2.36,3.56
24999,2,98.51,-7.61,87.32,-8.63,-7.72,-46.466,112.78,121.35,-2.84,-2.72,-2.36,3.56
25017,2,99.42,5.12,87.32,-9.77,-10.39,-46.466,112.75,121.32,-0.55,-0.14,-2.36,3.56
