[Balance] --- Log dump (94089 bytes, 1012 samples) ---
t_ms,state,roll,roll_rate,setpoint,angle_err,motor_vel,vel_integ,bl_pos,br_pos,bl_vel,br_vel,arm_l,arm_r,meas_drift,meas_vel,pos_shift,flags
18,1,-1.91,-0.17,0.00,0.00,0.00,0.00,43.13,48.13,-0.03,-0.02,3.93,3.55,0.00,0.00,0.00,0
40,1,-1.91,-0.18,0.00,0.00,0.00,0.00,43.13,48.13,-0.03,-0.02,3.93,3.55,0.00,0.00,0.00,0
59,1,-1.91,-0.15,0.00,0.00,0.00,0.00,43.13,48.13,-0.03,-0.02,3.94,3.55,0.00,0.00,0.00,0
79,1,-1.89,0.05,0.00,0.00,0.00,0.00,43.13,48.13,-0.03,-0.02,3.95,3.56,0.00,0.00,0.00,0
99,1,-1.84,0.76,0.00,0.00,0.00,0.00,43.13,48.13,-0.03,-0.02,3.96,3.57,0.00,0.00,0.00,0
119,1,-1.75,1.88,0.00,0.00,0.00,0.00,43.13,48.13,-0.03,-0.02,3.97,3.58,0.00,0.00,0.00,0
140,1,-1.64,2.77,0.00,0.00,0.00,0.00,43.13,48.13,-0.03,-0.02,3.98,3.59,0.00,0.00,0.00,0
159,1,-1.56,3.37,0.00,0.00,0.00,0.00,43.13,48.13,-0.03,0.02,4.00,3.60,0.00,0.00,0.00,0
179,1,-1.40,4.35,0.00,0.00,0.00,0.00,43.13,48.13,-0.01,0.02,4.01,3.61,0.00,0.00,0.00,0
199,1,-1.28,4.76,0.00,0.00,0.00,0.00,43.13,48.13,-0.01,0.02,4.02,3.62,0.00,0.00,0.00,0
219,1,-1.13,5.49,0.00,0.00,0.00,0.00,43.13,48.13,-0.01,0.02,4.04,3.63,0.00,0.00,0.00,0
240,1,-0.90,7.36,0.00,0.00,0.00,0.00,43.13,48.13,-0.01,0.02,4.05,3.64,0.00,0.00,0.00,0
259,1,-0.56,10.36,0.00,0.00,0.00,0.00,43.13,48.13,-0.01,0.02,4.06,3.65,0.00,0.00,0.00,0
278,1,-0.27,12.46,0.00,0.00,0.00,0.00,43.13,48.13,-0.01,0.02,4.08,3.66,0.00,0.00,0.00,0
300,1,0.29,16.06,0.00,0.00,0.00,0.00,43.13,48.13,-0.01,0.02,4.09,3.67,0.00,0.00,0.00,0
320,1,0.74,18.09,0.00,0.00,0.00,0.00,43.13,48.14,-0.01,-0.01,4.10,3.69,0.00,0.00,0.00,0
340,1,1.16,19.00,0.00,0.00,0.00,0.00,43.13,48.14,-0.05,-0.01,4.12,3.70,0.00,0.00,0.00,0
360,1,1.59,19.53,0.00,0.00,0.00,0.00,43.13,48.14,-0.05,-0.01,4.13,3.71,0.00,0.00,0.00,0
379,1,2.02,20.08,0.00,0.00,0.00,0.00,43.13,48.14,-0.05,-0.01,4.15,3.72,0.00,0.00,0.00,0
399,1,2.35,20.55,0.00,0.00,0.00,0.00,43.13,48.14,-0.05,-0.01,4.16,3.73,0.00,0.00,0.00,0
419,1,2.89,21.10,0.00,0.00,0.00,0.00,43.13,48.14,-0.05,-0.01,4.17,3.74,0.00,0.00,0.00,0
440,1,3.34,21.50,0.00,0.00,0.00,0.00,43.13,48.14,-0.05,-0.01,4.19,3.76,0.00,0.00,0.00,0
459,1,3.84,22.38,0.00,0.00,0.00,0.00,43.13,48.14,-0.05,-0.01,4.20,3.77,0.00,0.00,0.00,0
479,1,4.32,22.83,0.00,0.00,0.00,0.00,43.13,48.14,-0.05,0.03,4.21,3.78,0.00,0.00,0.00,0
499,1,4.82,23.53,0.00,0.00,0.00,0.00,43.13,48.14,-0.02,0.03,4.23,3.79,0.00,0.00,0.00,0
519,1,5.32,23.96,0.00,0.00,0.00,0.00,43.13,48.14,-0.02,0.03,4.24,3.81,0.00,0.00,0.00,0
538,1,5.70,24.17,0.00,0.00,0.00,0.00,43.13,48.14,-0.02,0.03,4.26,3.82,0.00,0.00,0.00,0
560,1,6.32,24.43,0.00,0.00,0.00,0.00,43.13,48.14,-0.02,0.03,4.27,3.83,0.00,0.00,0.00,0
579,1,6.84,24.80,0.00,0.00,0.00,0.00,43.13,48.14,-0.02,0.03,4.28,3.85,0.00,0.00,0.00,0
599,1,7.35,25.07,0.00,0.00,0.00,0.00,43.13,48.14,-0.02,0.03,4.30,3.86,0.00,0.00,0.00,0
619,1,7.89,25.49,0.00,0.00,0.00,0.00,43.13,48.14,-0.02,0.03,4.31,3.87,0.00,0.00,0.00,0
640,1,8.42,25.77,0.00,0.00,0.00,0.00,43.13,48.14,-0.02,0.01,4.33,3.89,0.00,0.00,0.00,0
658,1,8.82,25.98,0.00,0.00,0.00,0.00,43.13,48.14,-0.00,0.01,4.34,3.90,0.00,0.00,0.00,0
680,1,9.48,26.19,0.00,0.00,0.00,0.00,43.13,48.14,-0.00,0.01,4.35,3.91,0.00,0.00,0.00,0
699,1,10.01,26.34,0.00,0.00,0.00,0.00,43.13,48.14,-0.00,0.01,4.37,3.93,0.00,0.00,0.00,0
719,1,10.55,26.45,0.00,0.00,0.00,0.00,43.13,48.14,-0.00,0.01,4.38,3.94,0.00,0.00,0.00,0
739,1,11.09,26.61,0.00,0.00,0.00,0.00,43.13,48.14,-0.00,0.01,4.40,3.95,0.00,0.00,0.00,0
760,1,11.64,26.85,0.00,0.00,0.00,0.00,43.13,48.14,-0.00,0.01,4.41,3.97,0.00,0.00,0.00,0
778,1,12.05,27.02,0.00,0.00,0.00,0.00,43.13,48.14,-0.00,0.01,4.42,3.98,0.00,0.00,0.00,0
799,1,12.74,27.08,0.00,0.00,0.00,0.00,43.13,48.14,-0.00,-0.05,4.44,3.99,0.00,0.00,0.00,0
819,1,13.28,27.17,0.00,0.00,0.00,0.00,43.13,48.14,0.00,-0.05,4.45,4.01,0.00,0.00,0.00,0
839,1,13.84,27.29,0.00,0.00,0.00,0.00,43.13,48.14,0.00,-0.05,4.47,4.02,0.00,0.00,0.00,0
860,1,14.39,27.35,0.00,0.00,0.00,0.00,43.13,48.14,0.00,-0.05,4.48,4.04,0.00,0.00,0.00,0
880,1,14.94,27.32,0.00,0.00,0.00,0.00,43.13,48.14,0.00,-0.05,4.50,4.05,0.00,0.00,0.00,0
899,1,15.47,27.13,0.00,0.00,0.00,0.00,43.13,48.14,0.00,-0.05,4.51,4.06,0.00,0.00,0.00,0
918,1,15.89,27.24,0.00,0.00,0.00,0.00,43.13,48.14,0.00,-0.05,4.52,4.08,0.00,0.00,0.00,0
940,1,16.59,27.63,0.00,0.00,0.00,0.00,43.13,48.14,0.00,-0.05,4.54,4.09,0.00,0.00,0.00,0
960,1,17.16,27.83,0.00,0.00,0.00,0.00,43.13,48.14,0.00,-0.00,4.55,4.10,0.00,0.00,0.00,0
979,1,17.72,27.91,0.00,0.00,0.00,0.00,43.13,48.14,0.04,-0.00,4.57,4.12,0.00,0.00,0.00,0
999,1,18.28,27.97,0.00,0.00,0.00,0.00,43.13,48.14,0.04,-0.00,4.58,4.13,0.00,0.00,0.00,0
1019,1,18.85,28.06,0.00,0.00,0.00,0.00,43.13,48.14,0.04,-0.00,4.60,4.14,0.00,0.00,0.00,0
1039,1,19.28,28.12,0.00,0.00,0.00,0.00,43.13,48.14,0.04,-0.00,4.61,4.16,0.00,0.00,0.00,0
1060,1,20.00,28.14,0.00,0.00,0.00,0.00,43.13,48.14,0.04,-0.00,4.62,4.17,0.00,0.00,0.00,0
1080,1,20.56,28.25,0.00,0.00,0.00,0.00,43.13,48.14,0.04,-0.00,4.64,4.19,0.00,0.00,0.00,0
1099,1,21.14,28.46,0.00,0.00,0.00,0.00,43.13,48.14,0.04,-0.00,4.65,4.20,0.00,0.00,0.00,0
1119,1,21.72,28.56,0.00,0.00,0.00,0.00,43.13,48.14,0.04,-0.04,4.66,4.22,0.00,0.00,0.00,0
1139,1,22.31,28.86,0.00,0.00,0.00,0.00,43.13,48.14,-0.00,-0.04,4.68,4.23,0.00,0.00,0.00,0
1160,1,22.90,28.97,0.00,0.00,0.00,0.00,43.13,48.14,-0.00,-0.04,4.69,4.24,0.00,0.00,0.00,0
1178,1,23.35,29.13,0.00,0.00,0.00,0.00,43.13,48.14,-0.00,-0.04,4.71,4.26,0.00,0.00,0.00,0
1200,1,24.09,29.28,0.00,0.00,0.00,0.00,43.13,48.14,-0.00,-0.04,4.72,4.27,0.00,0.00,0.00,0
1219,1,24.69,29.34,0.00,0.00,0.00,0.00,43.13,48.14,-0.00,-0.04,4.73,4.29,0.00,0.00,0.00,0
1239,1,25.28,29.30,0.00,0.00,0.00,0.00,43.13,48.14,-0.00,-0.04,4.75,4.30,0.00,0.00,0.00,0
1260,1,25.88,29.42,0.00,0.00,0.00,0.00,43.13,48.14,-0.00,-0.04,4.76,4.31,0.00,0.00,0.00,0
1279,1,26.47,29.38,0.00,0.00,0.00,0.00,43.13,48.14,-0.00,-0.05,4.78,4.33,0.00,0.00,0.00,0
1298,1,26.91,29.31,0.00,0.00,0.00,0.00,43.13,48.14,-0.02,-0.05,4.79,4.34,0.00,0.00,0.00,0
1320,1,27.62,28.78,0.00,0.00,0.00,0.00,43.13,48.14,-0.02,-0.05,4.80,4.35,0.00,0.00,0.00,0
1339,1,28.15,27.84,0.00,0.00,0.00,0.00,43.13,48.14,-0.02,-0.05,4.82,4.37,0.00,0.00,0.00,0
1360,1,28.63,26.28,0.00,0.00,0.00,0.00,43.13,48.14,-0.02,-0.05,4.83,4.38,0.00,0.00,0.00,0
1379,1,29.07,24.52,0.00,0.00,0.00,0.00,43.13,48.14,-0.02,-0.05,4.85,4.39,0.00,0.00,0.00,0
1399,1,29.46,22.90,0.00,0.00,0.00,0.00,43.13,48.14,-0.02,-0.05,4.86,4.40,0.00,0.00,0.00,0
1419,1,29.82,21.33,0.00,0.00,0.00,0.00,43.13,48.14,-0.02,-0.05,4.88,4.41,0.00,0.00,0.00,0
1438,1,30.09,20.58,0.00,0.00,0.00,0.00,43.13,48.14,-0.02,0.01,4.89,4.42,0.00,0.00,0.00,0
1460,1,30.57,20.24,0.00,0.00,0.00,0.00,43.13,48.14,-0.05,0.01,4.90,4.42,0.00,0.00,0.00,0
1480,1,30.98,20.52,0.00,0.00,0.00,0.00,43.13,48.14,-0.05,0.01,4.92,4.43,0.00,0.00,0.00,0
1499,1,31.41,20.62,0.00,0.00,0.00,0.00,43.13,48.14,-0.05,0.01,4.93,4.44,0.00,0.00,0.00,0
1519,1,31.82,20.57,0.00,0.00,0.00,0.00,43.13,48.14,-0.05,0.01,4.95,4.45,0.00,0.00,0.00,0
1539,1,32.23,20.20,0.00,0.00,0.00,0.00,43.13,48.14,-0.05,0.01,4.96,4.46,0.00,0.00,0.00,0
1559,1,32.52,19.87,0.00,0.00,0.00,0.00,43.13,48.14,-0.05,0.01,4.97,4.47,0.00,0.00,0.00,0
1579,1,33.00,19.47,0.00,0.00,0.00,0.00,43.13,48.14,-0.05,0.01,4.99,4.48,0.00,0.00,0.00,0
1599,1,33.37,19.20,0.00,0.00,0.00,0.00,43.13,48.14,-0.05,0.06,5.00,4.49,0.00,0.00,0.00,0
1619,1,33.75,18.95,0.00,0.00,0.00,0.00,43.13,48.14,-0.03,0.06,5.02,4.50,0.00,0.00,0.00,0
1639,1,34.11,18.70,0.00,0.00,0.00,0.00,43.13,48.14,-0.03,0.06,5.03,4.51,0.00,0.00,0.00,0
1660,1,34.49,18.78,0.00,0.00,0.00,0.00,43.13,48.14,-0.03,0.06,5.05,4.51,0.00,0.00,0.00,0
1679,1,34.78,18.79,0.00,0.00,0.00,0.00,43.13,48.14,-0.03,0.06,5.06,4.52,0.00,0.00,0.00,0
1699,1,35.26,18.95,0.00,0.00,0.00,0.00,43.13,48.14,-0.03,0.06,5.07,4.53,0.00,0.00,0.00,0
1719,1,35.65,18.94,0.00,0.00,0.00,0.00,43.13,48.14,-0.03,0.06,5.09,4.54,0.00,0.00,0.00,0
1739,1,36.04,18.93,0.00,0.00,0.00,0.00,43.13,48.14,-0.03,0.06,5.10,4.55,0.00,0.00,0.00,0
1760,1,36.40,18.53,0.00,0.00,0.00,0.00,43.13,48.14,-0.03,0.04,5.12,4.56,0.00,0.00,0.00,0
1779,1,36.77,18.46,0.00,0.00,0.00,0.00,43.13,48.14,-0.02,0.04,5.13,4.57,0.00,0.00,0.00,0
1799,1,37.13,18.16,0.00,0.00,0.00,0.00,43.13,48.14,-0.02,0.04,5.14,4.57,0.00,0.00,0.00,0
1818,1,37.40,18.05,0.00,0.00,0.00,0.00,43.13,48.14,-0.02,0.04,5.15,4.58,0.00,0.00,0.00,0
1840,1,37.84,17.80,0.00,0.00,0.00,0.00,43.13,48.14,-0.02,0.04,5.17,4.59,0.00,0.00,0.00,0
1860,1,38.20,17.86,0.00,0.00,0.00,0.00,43.13,48.14,-0.02,0.04,5.18,4.60,0.00,0.00,0.00,0
1880,1,38.56,17.79,0.00,0.00,0.00,0.00,43.13,48.14,-0.02,0.04,5.19,4.61,0.00,0.00,0.00,0
1899,1,38.93,17.69,0.00,0.00,0.00,0.00,43.13,48.14,-0.02,0.04,5.21,4.61,0.00,0.00,0.00,0
1919,1,39.28,17.56,0.00,0.00,0.00,0.00,43.13,48.14,-0.02,0.01,5.22,4.62,0.00,0.00,0.00,0
1938,1,39.55,17.39,0.00,0.00,0.00,0.00,43.13,48.14,0.00,0.01,5.23,4.63,0.00,0.00,0.00,0
1960,1,39.97,16.90,0.00,0.00,0.00,0.00,43.13,48.14,0.00,0.01,5.24,4.64,0.00,0.00,0.00,0
1979,1,40.30,16.68,0.00,0.00,0.00,0.00,43.13,48.14,0.00,0.01,5.26,4.64,0.00,0.00,0.00,0
1999,1,40.63,16.52,0.00,0.00,0.00,0.00,43.13,48.14,0.00,0.01,5.27,4.65,0.00,0.00,0.00,0
2019,1,40.97,16.53,0.00,0.00,0.00,0.00,43.13,48.14,0.00,0.01,5.28,4.66,0.00,0.00,0.00,0
2039,1,41.30,16.34,0.00,0.00,0.00,0.00,43.13,48.14,0.00,0.01,5.29,4.67,0.00,0.00,0.00,0
2060,1,41.63,16.21,0.00,0.00,0.00,0.00,43.13,48.14,0.00,0.01,5.30,4.67,0.00,0.00,0.00,0
2078,1,41.87,16.09,0.00,0.00,0.00,0.00,43.13,48.14,0.00,0.02,5.31,4.68,0.00,0.00,0.00,0
2100,1,42.28,15.89,0.00,0.00,0.00,0.00,43.13,48.14,-0.02,0.02,5.32,4.69,0.00,0.00,0.00,0
2120,1,42.59,15.71,0.00,0.00,0.00,0.00,43.13,48.14,-0.02,0.02,5.34,4.69,0.00,0.00,0.00,0
2139,1,42.91,15.71,0.00,0.00,0.00,0.00,43.13,48.14,-0.02,0.02,5.35,4.70,0.00,0.00,0.00,0
2160,1,43.23,15.81,0.00,0.00,0.00,0.00,43.13,48.14,-0.02,0.02,5.36,4.71,0.00,0.00,0.00,0
2179,1,43.57,15.93,0.00,0.00,0.00,0.00,43.13,48.14,-0.02,0.02,5.37,4.72,0.00,0.00,0.00,0
2198,1,43.81,15.77,0.00,0.00,0.00,0.00,43.13,48.14,-0.02,0.02,5.38,4.72,0.00,0.00,0.00,0
2220,1,44.20,15.43,0.00,0.00,0.00,0.00,43.13,48.14,-0.02,0.02,5.39,4.73,0.00,0.00,0.00,0
2240,1,44.51,15.20,0.00,0.00,0.00,0.00,43.13,48.14,-0.02,0.02,5.40,4.74,0.00,0.00,0.00,0
2260,1,44.80,14.92,0.00,0.00,0.00,0.00,43.13,48.14,-0.02,0.02,5.41,4.74,0.00,0.00,0.00,0
2279,1,45.09,14.70,0.00,0.00,0.00,0.00,43.13,48.14,-0.02,0.02,5.42,4.75,0.00,0.00,0.00,0
2299,1,45.39,14.71,0.00,0.00,0.00,0.00,43.13,48.14,-0.02,0.02,5.43,4.75,0.00,0.00,0.00,0
2319,1,45.61,14.75,0.00,0.00,0.00,0.00,43.13,48.14,-0.02,0.02,5.44,4.76,0.00,0.00,0.00,0
2339,1,45.99,14.70,0.00,0.00,0.00,0.00,43.13,48.14,-0.02,0.02,5.45,4.77,0.00,0.00,0.00,0
2360,1,46.30,14.63,0.00,0.00,0.00,0.00,43.13,48.14,-0.02,0.02,5.46,4.77,0.00,0.00,0.00,0
2379,1,46.59,14.45,0.00,0.00,0.00,0.00,43.13,48.14,-0.02,0.02,5.48,4.78,0.00,0.00,0.00,0
2399,1,46.88,14.42,0.00,0.00,0.00,0.00,43.13,48.14,-0.02,-0.02,5.49,4.79,0.00,0.00,0.00,0
2419,1,47.17,14.42,0.00,0.00,0.00,0.00,43.13,48.14,0.01,-0.02,5.50,4.79,0.00,0.00,0.00,0
2439,1,47.47,14.34,0.00,0.00,0.00,0.00,43.13,48.14,0.01,-0.02,5.50,4.80,0.00,0.00,0.00,0
2459,1,47.68,14.20,0.00,0.00,0.00,0.00,43.13,48.14,0.01,-0.02,5.51,4.80,0.00,0.00,0.00,0
2479,1,48.03,13.85,0.00,0.00,0.00,0.00,43.13,48.14,0.01,-0.02,5.52,4.81,0.00,0.00,0.00,0
2499,1,48.29,13.68,0.00,0.00,0.00,0.00,43.13,48.14,0.01,-0.02,5.53,4.82,0.00,0.00,0.00,0
2519,1,48.57,13.49,0.00,0.00,0.00,0.00,43.13,48.14,0.01,-0.02,5.54,4.82,0.00,0.00,0.00,0
2539,1,48.85,13.64,0.00,0.00,0.00,0.00,43.13,48.14,0.01,-0.02,5.55,4.83,0.00,0.00,0.00,0
2560,1,49.14,13.76,0.00,0.00,0.00,0.00,43.13,48.14,0.01,0.06,5.56,4.83,0.00,0.00,0.00,0
2578,1,49.36,13.96,0.00,0.00,0.00,0.00,43.13,48.14,0.04,0.06,5.57,4.84,0.00,0.00,0.00,0
2600,1,49.74,14.17,0.00,0.00,0.00,0.00,43.13,48.14,0.04,0.06,5.58,4.84,0.00,0.00,0.00,0
2619,1,50.04,14.07,0.00,0.00,0.00,0.00,43.13,48.14,0.04,0.06,5.59,4.85,0.00,0.00,0.00,0
2639,1,50.32,13.72,0.00,0.00,0.00,0.00,43.13,48.14,0.04,0.06,5.60,4.86,0.00,0.00,0.00,0
2660,1,50.58,13.21,0.00,0.00,0.00,0.00,43.13,48.14,0.04,0.06,5.61,4.86,0.00,0.00,0.00,0
2679,1,50.82,12.78,0.00,0.00,0.00,0.00,43.13,48.14,0.04,0.06,5.62,4.87,0.00,0.00,0.00,0
2699,1,51.07,12.62,0.00,0.00,0.00,0.00,43.13,48.14,0.04,0.06,5.62,4.87,0.00,0.00,0.00,0
2718,1,51.26,12.59,0.00,0.00,0.00,0.00,43.13,48.14,0.04,0.00,5.63,4.88,0.00,0.00,0.00,0
2740,1,51.59,12.82,0.00,0.00,0.00,0.00,43.13,48.14,0.05,0.00,5.64,4.88,0.00,0.00,0.00,0
2760,1,51.87,13.00,0.00,0.00,0.00,0.00,43.13,48.14,0.05,0.00,5.65,4.89,0.00,0.00,0.00,0
2780,1,52.15,13.20,0.00,0.00,0.00,0.00,43.13,48.14,0.05,0.00,5.66,4.89,0.00,0.00,0.00,0
2800,1,52.43,13.11,0.00,0.00,0.00,0.00,43.13,48.14,0.05,0.00,5.67,4.90,0.00,0.00,0.00,0
2819,1,52.69,12.87,0.00,0.00,0.00,0.00,43.13,48.14,0.05,0.00,5.67,4.90,0.00,0.00,0.00,0
2838,1,52.87,12.45,0.00,0.00,0.00,0.00,43.13,48.14,0.05,0.00,5.68,4.91,0.00,0.00,0.00,0
2860,1,53.18,12.18,0.00,0.00,0.00,0.00,43.13,48.14,0.05,0.00,5.69,4.91,0.00,0.00,0.00,0
2880,1,53.40,11.87,0.00,0.00,0.00,0.00,43.13,48.14,0.05,-0.02,5.70,4.92,0.00,0.00,0.00,0
2899,1,53.63,11.69,0.00,0.00,0.00,0.00,43.13,48.14,0.00,-0.02,5.71,4.92,0.00,0.00,0.00,0
2920,1,53.87,11.68,0.00,0.00,0.00,0.00,43.13,48.14,0.00,-0.02,5.71,4.93,0.00,0.00,0.00,0
2939,1,54.13,12.01,0.00,0.00,0.00,0.00,43.13,48.14,0.00,-0.02,5.72,4.93,0.00,0.00,0.00,0
2959,1,54.33,12.16,0.00,0.00,0.00,0.00,43.13,48.14,0.00,-0.02,5.73,4.94,0.00,0.00,0.00,0
2980,1,54.64,12.12,0.00,0.00,0.00,0.00,43.13,48.14,0.00,-0.02,5.74,4.94,0.00,0.00,0.00,0
2999,1,54.89,11.91,0.00,0.00,0.00,0.00,43.13,48.14,0.00,-0.02,5.74,4.95,0.00,0.00,0.00,0
3019,1,55.11,11.49,0.00,0.00,0.00,0.00,43.13,48.14,0.00,-0.02,5.75,4.95,0.00,0.00,0.00,0
3039,1,55.34,11.22,0.00,0.00,0.00,0.00,43.13,48.14,0.00,0.01,5.76,4.95,0.00,0.00,0.00,0
3059,1,55.55,10.91,0.00,0.00,0.00,0.00,43.13,48.14,0.11,0.01,5.77,4.96,0.00,0.00,0.00,0
3080,1,55.76,10.84,0.00,0.00,0.00,0.00,43.13,48.14,0.11,0.01,5.77,4.96,0.00,0.00,0.00,0
3098,1,55.93,10.95,0.00,0.00,0.00,0.00,43.13,48.14,0.11,0.01,5.78,4.97,0.00,0.00,0.00,0
3120,1,56.23,11.12,0.00,0.00,0.00,0.00,43.13,48.14,0.11,0.01,5.79,4.97,0.00,0.00,0.00,0
3139,1,56.46,11.12,0.00,0.00,0.00,0.00,43.13,48.14,0.11,0.01,5.80,4.98,0.00,0.00,0.00,0
3159,1,56.69,11.12,0.00,0.00,0.00,0.00,43.13,48.14,0.11,0.01,5.80,4.98,0.00,0.00,0.00,0
3180,1,56.91,10.96,0.00,0.00,0.00,0.00,43.13,48.14,0.11,0.01,5.81,4.99,0.00,0.00,0.00,0
3199,1,57.13,10.74,0.00,0.00,0.00,0.00,43.13,48.14,0.11,0.07,5.81,4.99,0.00,0.00,0.00,0
3218,1,57.29,10.52,0.00,0.00,0.00,0.00,43.13,48.14,0.01,0.07,5.82,4.99,0.00,0.00,0.00,0
3240,1,57.54,10.19,0.00,0.00,0.00,0.00,43.13,48.14,0.01,0.07,5.83,5.00,0.00,0.00,0.00,0
3259,1,57.75,10.15,0.00,0.00,0.00,0.00,43.13,48.14,0.01,0.07,5.84,5.00,0.00,0.00,0.00,0
3280,1,57.96,10.22,0.00,0.00,0.00,0.00,43.13,48.14,0.01,0.07,5.84,5.01,0.00,0.00,0.00,0
3299,1,58.18,10.44,0.00,0.00,0.00,0.00,43.13,48.14,0.01,0.07,5.85,5.01,0.00,0.00,0.00,0
3320,1,58.41,10.56,0.00,0.00,0.00,0.00,43.13,48.14,0.01,0.07,5.85,5.01,0.00,0.00,0.00,0
3339,1,58.64,10.67,0.00,0.00,0.00,0.00,43.13,48.14,0.01,0.07,5.86,5.02,0.00,0.00,0.00,0
3358,1,58.81,10.60,0.00,0.00,0.00,0.00,43.13,48.14,0.01,-0.02,5.87,5.02,0.00,0.00,0.00,0
3380,1,59.09,10.34,0.00,0.00,0.00,0.00,43.13,48.14,-0.04,-0.02,5.87,5.03,0.00,0.00,0.00,0
3400,1,59.28,9.82,0.00,0.00,0.00,0.00,43.13,48.14,-0.04,-0.02,5.88,5.03,0.00,0.00,0.00,0
3419,1,59.46,9.44,0.00,0.00,0.00,0.00,43.13,48.14,-0.04,-0.02,5.89,5.03,0.00,0.00,0.00,0
3439,1,59.64,9.13,0.00,0.00,0.00,0.00,43.13,48.14,-0.04,-0.02,5.89,5.04,0.00,0.00,0.00,0
3459,1,59.81,8.89,0.00,0.00,0.00,0.00,43.13,48.14,-0.04,-0.02,5.90,5.04,0.00,0.00,0.00,0
3478,1,59.95,8.94,0.00,0.00,0.00,0.00,43.13,48.14,-0.04,-0.02,5.90,5.04,0.00,0.00,0.00,0
3500,1,60.19,9.26,0.00,0.00,0.00,0.00,43.13,48.14,-0.04,-0.02,5.91,5.05,0.00,0.00,0.00,0
3520,1,60.40,9.66,0.00,0.00,0.00,0.00,43.13,48.14,-0.04,-0.01,5.91,5.05,0.00,0.00,0.00,0
3539,1,60.63,10.12,0.00,0.00,0.00,0.00,43.13,48.14,0.03,-0.01,5.92,5.06,0.00,0.00,0.00,0
3559,1,60.87,10.37,0.00,0.00,0.00,0.00,43.13,48.14,0.03,-0.01,5.93,5.06,0.00,0.00,0.00,0
3580,1,61.09,10.34,0.00,0.00,0.00,0.00,43.13,48.14,0.03,-0.01,5.93,5.06,0.00,0.00,0.00,0
3599,1,61.24,10.20,0.00,0.00,0.00,0.00,43.13,48.14,0.03,-0.01,5.94,5.07,0.00,0.00,0.00,0
3619,1,61.49,9.77,0.00,0.00,0.00,0.00,43.13,48.14,0.03,-0.01,5.94,5.07,0.00,0.00,0.00,0
3639,1,61.67,9.23,0.00,0.00,0.00,0.00,43.13,48.14,0.03,-0.01,5.95,5.07,0.00,0.00,0.00,0
3659,1,61.84,8.76,0.00,0.00,0.00,0.00,43.13,48.14,0.03,-0.01,5.95,5.08,0.00,0.00,0.00,0
3680,1,62.00,8.36,0.00,0.00,0.00,0.00,43.13,48.14,0.03,-0.04,5.96,5.08,0.00,0.00,0.00,0
3699,1,62.15,8.01,0.00,0.00,0.00,0.00,43.13,48.14,-0.01,-0.04,5.97,5.08,0.00,0.00,0.00,0
3719,1,62.30,7.90,0.00,0.00,0.00,0.00,43.13,48.14,-0.01,-0.04,5.97,5.09,0.00,0.00,0.00,0
3738,1,62.43,8.01,0.00,0.00,0.00,0.00,43.13,48.14,-0.01,-0.04,5.98,5.09,0.00,0.00,0.00,0
3760,1,62.64,8.35,0.00,0.00,0.00,0.00,43.13,48.14,-0.01,-0.04,5.98,5.09,0.00,0.00,0.00,0
3780,1,62.85,8.90,0.00,0.00,0.00,0.00,43.13,48.14,-0.01,-0.04,5.99,5.10,0.00,0.00,0.00,0
3799,1,63.06,9.41,0.00,0.00,0.00,0.00,43.13,48.14,-0.01,-0.04,5.99,5.10,0.00,0.00,0.00,0
3819,1,63.29,9.84,0.00,0.00,0.00,0.00,43.13,48.14,-0.01,-0.04,6.00,5.10,0.00,0.00,0.00,0
3839,1,63.51,9.83,0.00,0.00,0.00,0.00,43.13,48.14,-0.01,-0.01,6.00,5.11,0.00,0.00,0.00,0
3858,1,63.67,9.74,0.00,0.00,0.00,0.00,43.13,48.14,0.01,-0.01,6.01,5.11,0.00,0.00,0.00,0
3880,1,63.90,9.20,0.00,0.00,0.00,0.00,43.13,48.14,0.01,-0.01,6.01,5.11,0.00,0.00,0.00,0
3899,1,64.07,8.83,0.00,0.00,0.00,0.00,43.13,48.14,0.01,-0.01,6.02,5.12,0.00,0.00,0.00,0
3919,1,64.23,8.38,0.00,0.00,0.00,0.00,43.13,48.14,0.01,-0.01,6.02,5.12,0.00,0.00,0.00,0
3939,1,64.38,8.03,0.00,0.00,0.00,0.00,43.13,48.14,0.01,-0.01,6.03,5.12,0.00,0.00,0.00,0
3959,1,64.53,7.83,0.00,0.00,0.00,0.00,43.13,48.14,0.01,-0.01,6.03,5.12,0.00,0.00,0.00,0
3980,1,64.68,7.77,0.00,0.00,0.00,0.00,43.13,48.14,0.01,-0.01,6.04,5.13,0.00,0.00,0.00,0
3998,1,64.80,7.73,0.00,0.00,0.00,0.00,43.13,48.14,0.01,-0.02,6.04,5.13,0.00,0.00,0.00,0
4020,1,65.00,7.71,0.00,0.00,0.00,0.00,43.13,48.14,0.03,-0.02,6.05,5.13,0.00,0.00,0.00,0
4040,1,65.17,7.71,0.00,0.00,0.00,0.00,43.13,48.14,0.03,-0.02,6.05,5.13,0.00,0.00,0.00,0
4058,1,65.29,7.64,0.00,0.00,0.00,0.00,43.13,48.14,0.03,-0.02,6.05,5.14,0.00,0.00,0.00,0
4080,1,65.48,7.66,0.00,0.00,0.00,0.00,43.13,48.14,0.03,-0.02,6.06,5.14,0.00,0.00,0.00,0
4099,1,65.64,7.60,0.00,0.00,0.00,0.00,43.13,48.14,0.03,-0.02,6.06,5.14,0.00,0.00,0.00,0
4118,1,65.76,7.67,0.00,0.00,0.00,0.00,43.13,48.14,0.03,-0.02,6.07,5.15,0.00,0.00,0.00,0
4140,1,65.97,7.84,0.00,0.00,0.00,0.00,43.13,48.14,0.03,-0.02,6.07,5.15,0.00,0.00,0.00,0
4160,1,66.15,7.90,0.00,0.00,0.00,0.00,43.13,48.14,0.03,-0.01,6.08,5.15,0.00,0.00,0.00,0
4180,1,66.31,7.82,0.00,0.00,0.00,0.00,43.13,48.14,-0.01,-0.01,6.08,5.15,0.00,0.00,0.00,0
4199,1,66.47,7.65,0.00,0.00,0.00,0.00,43.13,48.14,-0.01,-0.01,6.09,5.16,0.00,0.00,0.00,0
4219,1,66.62,7.44,0.00,0.00,0.00,0.00,43.13,48.14,-0.01,-0.01,6.09,5.16,0.00,0.00,0.00,0
4239,1,66.72,7.17,0.00,0.00,0.00,0.00,43.13,48.14,-0.01,-0.01,6.09,5.16,0.00,0.00,0.00,0
4259,1,66.89,6.79,0.00,0.00,0.00,0.00,43.13,48.14,-0.01,-0.01,6.10,5.16,0.00,0.00,0.00,0
4280,1,67.02,6.67,0.00,0.00,0.00,0.00,43.13,48.14,-0.01,-0.01,6.10,5.17,0.00,0.00,0.00,0
4299,1,67.14,6.42,0.00,0.00,0.00,0.00,43.13,48.14,-0.01,-0.01,6.11,5.17,0.00,0.00,0.00,0
4319,1,67.27,6.50,0.00,0.00,0.00,0.00,43.13,48.13,-0.01,0.04,6.11,5.17,0.00,0.00,0.00,0
4339,1,67.42,6.71,0.00,0.00,0.00,0.00,43.13,48.13,-0.02,0.04,6.12,5.17,0.00,0.00,0.00,0
4359,1,67.57,6.93,0.00,0.00,0.00,0.00,43.13,48.13,-0.02,0.04,6.12,5.18,0.00,0.00,0.00,0
4379,1,67.69,7.16,0.00,0.00,0.00,0.00,43.13,48.13,-0.02,0.04,6.12,5.18,0.00,0.00,0.00,0
4399,1,67.89,7.30,0.00,0.00,0.00,0.00,43.13,48.13,-0.02,0.04,6.13,5.18,0.00,0.00,0.00,0
4419,1,68.06,7.41,0.00,0.00,0.00,0.00,43.13,48.13,-0.02,0.04,6.13,5.18,0.00,0.00,0.00,0
4439,1,68.21,7.36,0.00,0.00,0.00,0.00,43.13,48.13,-0.02,0.04,6.13,5.19,0.00,0.00,0.00,0
4459,1,68.36,7.23,0.00,0.00,0.00,0.00,43.13,48.13,-0.02,0.04,6.14,5.19,0.00,0.00,0.00,0
4480,1,68.51,7.07,0.00,0.00,0.00,0.00,43.13,48.13,-0.02,-0.01,6.14,5.19,0.00,0.00,0.00,0
4498,1,68.61,6.86,0.00,0.00,0.00,0.00,43.13,48.13,0.06,-0.01,6.15,5.19,0.00,0.00,0.00,0
4520,1,68.77,6.53,0.00,0.00,0.00,0.00,43.13,48.13,0.06,-0.01,6.15,5.20,0.00,0.00,0.00,0
4539,1,68.89,6.30,0.00,0.00,0.00,0.00,43.13,48.13,0.06,-0.01,6.15,5.20,0.00,0.00,0.00,0
4559,1,69.01,6.03,0.00,0.00,0.00,0.00,43.13,48.13,0.06,-0.01,6.16,5.20,0.00,0.00,0.00,0
4580,1,69.13,5.94,0.00,0.00,0.00,0.00,43.13,48.13,0.06,-0.01,6.16,5.20,0.00,0.00,0.00,0
4599,1,69.24,5.79,0.00,0.00,0.00,0.00,43.13,48.13,0.06,-0.01,6.16,5.20,0.00,0.00,0.00,0
4619,1,69.37,5.85,0.00,0.00,0.00,0.00,43.13,48.13,0.06,-0.01,6.17,5.21,0.00,0.00,0.00,0
4638,1,69.46,5.83,0.00,0.00,0.00,0.00,43.13,48.13,0.06,0.01,6.17,5.21,0.00,0.00,0.00,0
4660,1,69.61,5.84,0.00,0.00,0.00,0.00,43.13,48.13,0.03,0.01,6.17,5.21,0.00,0.00,0.00,0
4680,1,69.73,5.74,0.00,0.00,0.00,0.00,43.13,48.13,0.03,0.01,6.18,5.21,0.00,0.00,0.00,0
4699,1,69.85,5.79,0.00,0.00,0.00,0.00,43.13,48.13,0.03,0.01,6.18,5.21,0.00,0.00,0.00,0
4719,1,69.98,5.83,0.00,0.00,0.00,0.00,43.13,48.13,0.03,0.01,6.18,5.22,0.00,0.00,0.00,0
4739,1,70.10,5.94,0.00,0.00,0.00,0.00,43.13,48.13,0.03,0.01,6.19,5.22,0.00,0.00,0.00,0
4758,1,70.20,6.03,0.00,0.00,0.00,0.00,43.13,48.13,0.03,0.01,6.19,5.22,0.00,0.00,0.00,0
4780,1,70.37,6.25,0.00,0.00,0.00,0.00,43.13,48.13,0.03,0.01,6.20,5.22,0.00,0.00,0.00,0
4800,1,70.51,6.35,0.00,0.00,0.00,0.00,43.13,48.13,0.03,0.03,6.20,5.23,0.00,0.00,0.00,0
4819,1,70.65,6.43,0.00,0.00,0.00,0.00,43.13,48.13,-0.04,0.03,6.20,5.23,0.00,0.00,0.00,0
4839,1,70.79,6.41,0.00,0.00,0.00,0.00,43.13,48.13,-0.04,0.03,6.21,5.23,0.00,0.00,0.00,0
4859,1,70.93,6.51,0.00,0.00,0.00,0.00,43.13,48.13,-0.04,0.03,6.21,5.23,0.00,0.00,0.00,0
4879,1,71.04,6.49,0.00,0.00,0.00,0.00,43.13,48.13,-0.04,0.03,6.21,5.23,0.00,0.00,0.00,0
4900,1,71.20,6.12,0.00,0.00,0.00,0.00,43.13,48.13,-0.04,0.03,6.21,5.24,0.00,0.00,0.00,0
4920,1,71.30,5.68,0.00,0.00,0.00,0.00,43.13,48.13,-0.04,0.03,6.22,5.24,0.00,0.00,0.00,0
4939,1,71.41,5.36,0.00,0.00,0.00,0.00,43.13,48.13,-0.04,0.03,6.22,5.24,0.00,0.00,0.00,0
4959,1,71.51,5.06,0.00,0.00,0.00,0.00,43.13,48.13,-0.04,0.04,6.22,5.24,0.00,0.00,0.00,0
4979,1,71.60,4.85,0.00,0.00,0.00,0.00,43.13,48.13,0.02,0.04,6.23,5.24,0.00,0.00,0.00,0
5000,1,71.69,4.82,0.00,0.00,0.00,0.00,43.13,48.13,0.02,0.04,6.23,5.24,0.00,0.00,0.00,0
5018,1,71.77,4.95,0.00,0.00,0.00,0.00,43.13,48.13,0.02,0.04,6.23,5.25,0.00,0.00,0.00,0
5040,1,71.91,5.14,0.00,0.00,0.00,0.00,43.13,48.13,0.02,0.04,6.23,5.25,0.00,0.00,0.00,0
5059,1,72.02,5.06,0.00,0.00,0.00,0.00,43.13,48.13,0.02,0.04,6.24,5.25,0.00,0.00,0.00,0
5079,1,72.13,5.06,0.00,0.00,0.00,0.00,43.13,48.13,0.02,0.04,6.24,5.25,0.00,0.00,0.00,0
5100,1,72.24,5.07,0.00,0.00,0.00,0.00,43.13,48.13,0.02,0.04,6.24,5.25,0.00,0.00,0.00,0
5120,1,72.35,5.03,0.00,0.00,0.00,0.00,43.13,48.13,0.02,-0.01,6.25,5.25,0.00,0.00,0.00,0
5138,1,72.43,5.04,0.00,0.00,0.00,0.00,43.13,48.13,-0.04,-0.01,6.25,5.26,0.00,0.00,0.00,0
5160,1,72.55,4.91,0.00,0.00,0.00,0.00,43.13,48.13,-0.04,-0.01,6.25,5.26,0.00,0.00,0.00,0
5178,1,72.64,4.94,0.00,0.00,0.00,0.00,43.13,48.13,-0.04,-0.01,6.26,5.26,0.00,0.00,0.00,0
5200,1,72.77,4.92,0.00,0.00,0.00,0.00,43.13,48.13,-0.04,-0.01,6.26,5.26,0.00,0.00,0.00,0
5219,1,72.87,4.87,0.00,0.00,0.00,0.00,43.13,48.13,-0.04,-0.01,6.26,5.26,0.00,0.00,0.00,0
5239,1,72.97,4.79,0.00,0.00,0.00,0.00,43.13,48.13,-0.04,-0.01,6.26,5.26,0.00,0.00,0.00,0
5259,1,73.07,4.78,0.00,0.00,0.00,0.00,43.13,48.13,-0.04,-0.01,6.26,5.27,0.00,0.00,0.00,0
5278,1,73.14,4.77,0.00,0.00,0.00,0.00,43.13,48.13,-0.04,0.06,6.27,5.27,0.00,0.00,0.00,0
5300,1,73.27,4.80,0.00,0.00,0.00,0.00,43.13,48.13,0.02,0.06,6.27,5.27,0.00,0.00,0.00,0
5320,1,73.38,4.89,0.00,0.00,0.00,0.00,43.13,48.13,0.02,0.06,6.27,5.27,0.00,0.00,0.00,0
5339,1,73.48,4.93,0.00,0.00,0.00,0.00,43.13,48.13,0.02,0.06,6.28,5.27,0.00,0.00,0.00,0
5359,1,73.59,5.03,0.00,0.00,0.00,0.00,43.13,48.13,0.02,0.06,6.28,5.28,0.00,0.00,0.00,0
5379,1,73.70,5.13,0.00,0.00,0.00,0.00,43.13,48.13,0.02,0.06,6.28,5.28,0.00,0.00,0.00,0
5399,1,73.79,5.20,0.00,0.00,0.00,0.00,43.13,48.13,0.02,0.06,6.28,5.28,0.00,0.00,0.00,0
5419,1,73.93,5.17,0.00,0.00,0.00,0.00,43.13,48.13,0.02,0.06,6.29,5.28,0.00,0.00,0.00,0
5439,1,74.04,5.06,0.00,0.00,0.00,0.00,43.13,48.13,0.02,0.05,6.29,5.28,0.00,0.00,0.00,0
5459,1,74.13,4.80,0.00,0.00,0.00,0.00,43.13,48.13,-0.02,0.05,6.29,5.28,0.00,0.00,0.00,0
5479,1,74.22,4.55,0.00,0.00,0.00,0.00,43.13,48.13,-0.02,0.05,6.30,5.28,0.00,0.00,0.00,0
5500,1,74.31,4.40,0.00,0.00,0.00,0.00,43.13,48.13,-0.02,0.05,6.30,5.29,0.00,0.00,0.00,0
5519,1,74.37,4.24,0.00,0.00,0.00,0.00,43.13,48.13,-0.02,0.05,6.30,5.29,0.00,0.00,0.00,0
5539,1,74.47,4.03,0.00,0.00,0.00,0.00,43.13,48.13,-0.02,0.05,6.30,5.29,0.00,0.00,0.00,0
5559,1,74.54,3.83,0.00,0.00,0.00,0.00,43.13,48.13,-0.02,0.05,6.30,5.29,0.00,0.00,0.00,0
5579,1,74.62,3.77,0.00,0.00,0.00,0.00,43.13,48.13,-0.02,0.05,6.31,5.29,0.00,0.00,0.00,0
5600,1,74.70,3.66,0.00,0.00,0.00,0.00,43.13,48.13,-0.02,-0.00,6.31,5.29,0.00,0.00,0.00,0
5619,1,74.77,3.62,0.00,0.00,0.00,0.00,43.13,48.13,0.05,-0.00,6.31,5.29,0.00,0.00,0.00,0
5639,1,74.85,3.61,0.00,0.00,0.00,0.00,43.13,48.13,0.05,-0.00,6.31,5.29,0.00,0.00,0.00,0
5658,1,74.91,3.65,0.00,0.00,0.00,0.00,43.13,48.13,0.05,-0.00,6.31,5.29,0.00,0.00,0.00,0
5680,1,75.01,3.75,0.00,0.00,0.00,0.00,43.13,48.13,0.05,-0.00,6.31,5.30,0.00,0.00,0.00,0
5700,1,75.10,4.00,0.00,0.00,0.00,0.00,43.13,48.13,0.05,-0.00,6.32,5.30,0.00,0.00,0.00,0
5720,1,75.20,4.10,0.00,0.00,0.00,0.00,43.13,48.13,0.05,-0.00,6.32,5.30,0.00,0.00,0.00,0
5739,1,75.29,4.17,0.00,0.00,0.00,0.00,43.13,48.13,0.05,-0.00,6.32,5.30,0.00,0.00,0.00,0
5759,1,75.38,4.09,0.00,0.00,0.00,0.00,43.13,48.13,0.05,0.00,6.32,5.30,0.00,0.00,0.00,0
5778,1,75.46,4.19,0.00,0.00,0.00,0.00,43.13,48.13,0.02,0.00,6.33,5.30,0.00,0.00,0.00,0
5800,1,75.57,4.15,0.00,0.00,0.00,0.00,43.13,48.13,0.02,0.00,6.33,5.30,0.00,0.00,0.00,0
5819,1,75.65,4.05,0.00,0.00,0.00,0.00,43.13,48.13,0.02,0.00,6.33,5.31,0.00,0.00,0.00,0
5839,1,75.73,3.98,0.00,0.00,0.00,0.00,43.13,48.13,0.02,0.00,6.33,5.31,0.00,0.00,0.00,0
5859,1,75.82,4.01,0.00,0.00,0.00,0.00,43.13,48.13,0.02,0.00,6.34,5.31,0.00,0.00,0.00,0
5879,1,75.90,3.96,0.00,0.00,0.00,0.00,43.13,48.13,0.02,0.00,6.34,5.31,0.00,0.00,0.00,0
5900,1,75.99,3.99,0.00,0.00,0.00,0.00,43.13,48.13,0.02,0.00,6.34,5.31,0.00,0.00,0.00,0
5919,1,76.05,4.00,0.00,0.00,0.00,0.00,43.13,48.13,0.02,0.04,6.34,5.31,0.00,0.00,0.00,0
5939,1,76.16,3.99,0.00,0.00,0.00,0.00,43.13,48.13,-0.04,0.04,6.34,5.31,0.00,0.00,0.00,0
5959,1,76.24,3.94,0.00,0.00,0.00,0.00,43.13,48.13,-0.04,0.04,6.34,5.31,0.00,0.00,0.00,0
5979,1,76.32,3.91,0.00,0.00,0.00,0.00,43.13,48.13,-0.04,0.04,6.35,5.32,0.00,0.00,0.00,0
6000,1,76.40,3.85,0.00,0.00,0.00,0.00,43.13,48.13,-0.04,0.04,6.35,5.32,0.00,0.00,0.00,0
6019,1,76.48,3.79,0.00,0.00,0.00,0.00,43.13,48.13,-0.04,0.04,6.35,5.32,0.00,0.00,0.00,0
6038,1,76.54,3.75,0.00,0.00,0.00,0.00,43.13,48.13,-0.04,0.04,6.35,5.32,0.00,0.00,0.00,0
6060,1,76.63,3.65,0.00,0.00,0.00,0.00,43.13,48.13,-0.04,0.04,6.35,5.32,0.00,0.00,0.00,0
6080,1,76.70,3.56,0.00,0.00,0.00,0.00,43.13,48.13,-0.04,-0.04,6.35,5.32,0.00,0.00,0.00,0
6100,1,76.78,3.60,0.00,0.00,0.00,0.00,43.13,48.13,-0.03,-0.04,6.36,5.32,0.00,0.00,0.00,0
6120,1,76.86,3.65,0.00,0.00,0.00,0.00,43.13,48.13,-0.03,-0.04,6.36,5.32,0.00,0.00,0.00,0
6139,1,76.94,3.65,0.00,0.00,0.00,0.00,43.13,48.13,-0.03,-0.04,6.36,5.32,0.00,0.00,0.00,0
6159,1,77.00,3.66,0.00,0.00,0.00,0.00,43.13,48.13,-0.03,-0.04,6.36,5.33,0.00,0.00,0.00,0
6179,1,77.09,3.55,0.00,0.00,0.00,0.00,43.13,48.13,-0.03,-0.04,6.36,5.33,0.00,0.00,0.00,0
6200,1,77.16,3.44,0.00,0.00,0.00,0.00,43.13,48.13,-0.03,-0.04,6.36,5.33,0.00,0.00,0.00,0
6219,1,77.22,3.21,0.00,0.00,0.00,0.00,43.13,48.13,-0.03,-0.04,6.36,5.33,0.00,0.00,0.00,0
6239,1,77.28,3.06,0.00,0.00,0.00,0.00,43.13,48.13,-0.03,-0.00,6.37,5.33,0.00,0.00,0.00,0
6259,1,77.34,2.90,0.00,0.00,0.00,0.00,43.13,48.13,-0.04,-0.00,6.37,5.33,0.00,0.00,0.00,0
6279,1,77.39,2.85,0.00,0.00,0.00,0.00,43.13,48.13,-0.04,-0.00,6.37,5.33,0.00,0.00,0.00,0
6299,1,77.44,2.83,0.00,0.00,0.00,0.00,43.13,48.13,-0.04,-0.00,6.37,5.33,0.00,0.00,0.00,0
6319,1,77.51,2.83,0.00,0.00,0.00,0.00,43.13,48.13,-0.04,-0.00,6.37,5.33,0.00,0.00,0.00,0
6339,1,77.58,2.89,0.00,0.00,0.00,0.00,43.13,48.13,-0.04,-0.00,6.38,5.33,0.00,0.00,0.00,0
6359,1,77.64,2.91,0.00,0.00,0.00,0.00,43.13,48.13,-0.04,-0.00,6.38,5.34,0.00,0.00,0.00,0
6379,1,77.70,2.89,0.00,0.00,0.00,0.00,43.13,48.13,-0.04,-0.00,6.38,5.34,0.00,0.00,0.00,0
6400,1,77.76,2.89,0.00,0.00,0.00,0.00,43.13,48.13,-0.04,0.02,6.38,5.34,0.00,0.00,0.00,0
6418,1,77.81,2.88,0.00,0.00,0.00,0.00,43.13,48.13,-0.05,0.02,6.38,5.34,0.00,0.00,0.00,0
6440,1,77.88,2.86,0.00,0.00,0.00,0.00,43.13,48.13,-0.05,0.02,6.39,5.34,0.00,0.00,0.00,0
6459,1,77.95,2.86,0.00,0.00,0.00,0.00,43.13,48.13,-0.05,0.02,6.39,5.34,0.00,0.00,0.00,0
6479,1,78.01,2.89,0.00,0.00,0.00,0.00,43.13,48.13,-0.05,0.02,6.39,5.34,0.00,0.00,0.00,0
6500,1,78.07,2.80,0.00,0.00,0.00,0.00,43.13,48.13,-0.05,0.02,6.39,5.34,0.00,0.00,0.00,0
6520,1,78.12,2.70,0.00,0.00,0.00,0.00,43.13,48.13,-0.05,0.02,6.39,5.34,0.00,0.00,0.00,0
6539,1,78.17,2.56,0.00,0.00,0.00,0.00,43.13,48.13,-0.05,0.02,6.39,5.34,0.00,0.00,0.00,0
6558,1,78.21,2.46,0.00,0.00,0.00,0.00,43.13,48.13,-0.05,0.00,6.39,5.34,0.00,0.00,0.00,0
6580,1,78.27,2.41,0.00,0.00,0.00,0.00,43.13,48.13,-0.01,0.00,6.39,5.34,0.00,0.00,0.00,0
6600,1,78.32,2.40,0.00,0.00,0.00,0.00,43.13,48.13,-0.01,0.00,6.39,5.35,0.00,0.00,0.00,0
6619,1,78.37,2.47,0.00,0.00,0.00,0.00,43.13,48.13,-0.01,0.00,6.40,5.35,0.00,0.00,0.00,0
6639,1,78.43,2.59,0.00,0.00,0.00,0.00,43.13,48.13,-0.01,0.00,6.40,5.35,0.00,0.00,0.00,0
6659,1,78.49,2.65,0.00,0.00,0.00,0.00,43.13,48.13,-0.01,0.00,6.40,5.35,0.00,0.00,0.00,0
6678,1,78.53,2.65,0.00,0.00,0.00,0.00,43.13,48.13,-0.01,0.00,6.40,5.35,0.00,0.00,0.00,0
6700,1,78.61,2.84,0.00,0.00,0.00,0.00,43.13,48.13,-0.01,0.00,6.40,5.35,0.00,0.00,0.00,0
6720,1,78.68,2.96,0.00,0.00,0.00,0.00,43.13,48.13,-0.01,-0.04,6.40,5.35,0.00,0.00,0.00,0
6739,1,78.75,3.04,0.00,0.00,0.00,0.00,43.13,48.13,-0.05,-0.04,6.40,5.35,0.00,0.00,0.00,0
6759,1,78.82,3.09,0.00,0.00,0.00,0.00,43.13,48.13,-0.05,-0.04,6.40,5.35,0.00,0.00,0.00,0
6779,1,78.88,3.04,0.00,0.00,0.00,0.00,43.13,48.13,-0.05,-0.04,6.41,5.35,0.00,0.00,0.00,0
6799,1,78.93,2.96,0.00,0.00,0.00,0.00,43.13,48.13,-0.05,-0.04,6.41,5.35,0.00,0.00,0.00,0
6820,1,79.00,2.89,0.00,0.00,0.00,0.00,43.13,48.13,-0.05,-0.04,6.41,5.35,0.00,0.00,0.00,0
6839,1,79.06,2.78,0.00,0.00,0.00,0.00,43.13,48.13,-0.05,-0.04,6.41,5.36,0.00,0.00,0.00,0
6859,1,79.11,2.73,0.00,0.00,0.00,0.00,43.13,48.13,-0.05,-0.04,6.41,5.36,0.00,0.00,0.00,0
6879,1,79.17,2.68,0.00,0.00,0.00,0.00,43.13,48.13,-0.05,-0.00,6.41,5.36,0.00,0.00,0.00,0
6899,1,79.23,2.73,0.00,0.00,0.00,0.00,43.13,48.13,0.04,-0.00,6.41,5.36,0.00,0.00,0.00,0
6919,1,79.27,2.62,0.00,0.00,0.00,0.00,43.13,48.13,0.04,-0.00,6.42,5.36,0.00,0.00,0.00,0
6938,1,79.33,2.57,0.00,0.00,0.00,0.00,43.13,48.13,0.04,-0.00,6.42,5.36,0.00,0.00,0.00,0
6960,1,79.39,2.48,0.00,0.00,0.00,0.00,43.13,48.13,0.04,-0.00,6.42,5.36,0.00,0.00,0.00,0
6979,1,79.44,2.44,0.00,0.00,0.00,0.00,43.13,48.13,0.04,-0.00,6.42,5.36,0.00,0.00,0.00,0
6999,1,79.49,2.35,0.00,0.00,0.00,0.00,43.13,48.13,0.04,-0.00,6.42,5.36,0.00,0.00,0.00,0
7020,1,79.54,2.32,0.00,0.00,0.00,0.00,43.13,48.13,0.04,-0.00,6.42,5.36,0.00,0.00,0.00,0
7039,1,79.59,2.27,0.00,0.00,0.00,0.00,43.13,48.13,0.04,0.09,6.43,5.36,0.00,0.00,0.00,0
7058,1,79.62,2.28,0.00,0.00,0.00,0.00,43.13,48.13,-0.00,0.09,6.43,5.36,0.00,0.00,0.00,0
7080,1,79.69,2.30,0.00,0.00,0.00,0.00,43.13,48.13,-0.00,0.09,6.43,5.36,0.00,0.00,0.00,0
7099,1,79.73,2.22,0.00,0.00,0.00,0.00,43.13,48.13,-0.00,0.09,6.43,5.37,0.00,0.00,0.00,0
7120,1,79.78,2.20,0.00,0.00,0.00,0.00,43.13,48.13,-0.00,0.09,6.43,5.37,0.00,0.00,0.00,0
7139,1,79.82,2.07,0.00,0.00,0.00,0.00,43.13,48.13,-0.00,0.09,6.43,5.37,0.00,0.00,0.00,0
7159,1,79.86,2.07,0.00,0.00,0.00,0.00,43.13,48.13,-0.00,0.09,6.43,5.37,0.00,0.00,0.00,0
7179,1,79.91,2.02,0.00,0.00,0.00,0.00,43.13,48.13,-0.00,0.09,6.43,5.37,0.00,0.00,0.00,0
7198,1,79.94,2.04,0.00,0.00,0.00,0.00,43.13,48.13,-0.00,0.04,6.43,5.37,0.00,0.00,0.00,0
7220,1,79.99,2.02,0.00,0.00,0.00,0.00,43.13,48.13,-0.04,0.04,6.43,5.37,0.00,0.00,0.00,0
7240,1,80.04,1.95,0.00,0.00,0.00,0.00,43.13,48.13,-0.04,0.04,6.44,5.37,0.00,0.00,0.00,0
7259,1,80.08,1.90,0.00,0.00,0.00,0.00,43.13,48.13,-0.04,0.04,6.44,5.37,0.00,0.00,0.00,0
7279,1,80.12,1.93,0.00,0.00,0.00,0.00,43.13,48.13,-0.04,0.04,6.44,5.37,0.00,0.00,0.00,0
7299,1,80.16,1.91,0.00,0.00,0.00,0.00,43.13,48.13,-0.04,0.04,6.44,5.37,0.00,0.00,0.00,0
7319,1,80.19,1.99,0.00,0.00,0.00,0.00,43.13,48.13,-0.04,0.04,6.44,5.37,0.00,0.00,0.00,0
7339,1,80.25,2.09,0.00,0.00,0.00,0.00,43.13,48.13,-0.04,0.04,6.44,5.37,0.00,0.00,0.00,0
7359,1,80.30,2.15,0.00,0.00,0.00,0.00,43.13,48.13,-0.04,-0.06,6.44,5.37,0.00,0.00,0.00,0
7379,1,80.36,2.25,0.00,0.00,0.00,0.00,43.13,48.13,0.01,-0.06,6.44,5.37,0.00,0.00,0.00,0
7399,1,80.41,2.30,0.00,0.00,0.00,0.00,43.13,48.13,0.01,-0.06,6.44,5.38,0.00,0.00,0.00,0
7420,1,80.46,2.35,0.00,0.00,0.00,0.00,43.13,48.13,0.01,-0.06,6.44,5.38,0.00,0.00,0.00,0
7439,1,80.50,2.36,0.00,0.00,0.00,0.00,43.13,48.13,0.01,-0.06,6.44,5.38,0.00,0.00,0.00,0
7459,1,80.56,2.32,0.00,0.00,0.00,0.00,43.13,48.13,0.01,-0.06,6.44,5.38,0.00,0.00,0.00,0
7479,1,80.61,2.28,0.00,0.00,0.00,0.00,43.13,48.13,0.01,-0.06,6.44,5.38,0.00,0.00,0.00,0
7499,1,80.65,2.15,0.00,0.00,0.00,0.00,43.13,48.13,0.01,-0.06,6.44,5.38,0.00,0.00,0.00,0
7520,1,80.69,2.01,0.00,0.00,0.00,0.00,43.13,48.13,0.01,0.03,6.44,5.38,0.00,0.00,0.00,0
7539,1,80.73,1.96,0.00,0.00,0.00,0.00,43.13,48.13,0.06,0.03,6.44,5.38,0.00,0.00,0.00,0
7559,1,80.77,1.85,0.00,0.00,0.00,0.00,43.13,48.13,0.06,0.03,6.44,5.38,0.00,0.00,0.00,0
7578,1,80.80,1.87,0.00,0.00,0.00,0.00,43.13,48.13,0.06,0.03,6.45,5.38,0.00,0.00,0.00,0
7600,1,80.86,1.95,0.00,0.00,0.00,0.00,43.13,48.13,0.06,0.03,6.45,5.38,0.00,0.00,0.00,0
7620,1,80.90,2.04,0.00,0.00,0.00,0.00,43.13,48.13,0.06,0.03,6.45,5.38,0.00,0.00,0.00,0
7640,1,80.95,2.13,0.00,0.00,0.00,0.00,43.13,48.13,0.06,0.03,6.45,5.38,0.00,0.00,0.00,0
7659,1,81.01,2.20,0.00,0.00,0.00,0.00,43.13,48.13,0.06,0.03,6.45,5.38,0.00,0.00,0.00,0
7679,1,81.06,2.30,0.00,0.00,0.00,0.00,43.13,48.13,0.06,-0.02,6.45,5.38,0.00,0.00,0.00,0
7698,1,81.10,2.32,0.00,0.00,0.00,0.00,43.13,48.13,0.04,-0.02,6.45,5.39,0.00,0.00,0.00,0
7720,1,81.17,2.31,0.00,0.00,0.00,0.00,43.13,48.13,0.04,-0.02,6.45,5.39,0.00,0.00,0.00,0
7739,1,81.21,2.21,0.00,0.00,0.00,0.00,43.13,48.13,0.04,-0.02,6.45,5.39,0.00,0.00,0.00,0
7759,1,81.26,2.16,0.00,0.00,0.00,0.00,43.13,48.13,0.04,-0.02,6.45,5.39,0.00,0.00,0.00,0
7779,1,81.30,2.02,0.00,0.00,0.00,0.00,43.13,48.13,0.04,-0.02,6.45,5.39,0.00,0.00,0.00,0
7799,1,81.33,1.83,0.00,0.00,0.00,0.00,43.13,48.13,0.04,-0.02,6.45,5.39,0.00,0.00,0.00,0
7820,1,81.37,1.78,0.00,0.00,0.00,0.00,43.13,48.13,0.04,-0.02,6.46,5.39,0.00,0.00,0.00,0
7839,1,81.40,1.72,0.00,0.00,0.00,0.00,43.13,48.13,0.04,0.01,6.46,5.39,0.00,0.00,0.00,0
7859,1,81.44,1.73,0.00,0.00,0.00,0.00,43.13,48.13,-0.04,0.01,6.46,5.39,0.00,0.00,0.00,0
7879,1,81.49,1.80,0.00,0.00,0.00,0.00,43.13,48.13,-0.04,0.01,6.46,5.39,0.00,0.00,0.00,0
7899,1,81.53,1.87,0.00,0.00,0.00,0.00,43.13,48.13,-0.04,0.01,6.46,5.39,0.00,0.00,0.00,0
7920,1,81.57,1.96,0.00,0.00,0.00,0.00,43.13,48.13,-0.04,0.01,6.46,5.39,0.00,0.00,0.00,0
7939,1,81.63,2.08,0.00,0.00,0.00,0.00,43.13,48.13,-0.04,0.01,6.46,5.39,0.00,0.00,0.00,0
7958,1,81.67,2.12,0.00,0.00,0.00,0.00,43.13,48.13,-0.04,0.01,6.47,5.39,0.00,0.00,0.00,0
7980,1,81.73,2.13,0.00,0.00,0.00,0.00,43.13,48.13,-0.04,0.01,6.47,5.39,0.00,0.00,0.00,0
8000,1,81.77,2.05,0.00,0.00,0.00,0.00,43.13,48.13,-0.04,-0.04,6.47,5.39,0.00,0.00,0.00,0
8020,1,81.82,2.04,0.00,0.00,0.00,0.00,43.13,48.13,-0.00,-0.04,6.47,5.40,0.00,0.00,0.00,0
8040,1,81.86,1.93,0.00,0.00,0.00,0.00,43.13,48.13,-0.00,-0.04,6.47,5.40,0.00,0.00,0.00,0
8059,1,81.89,1.83,0.00,0.00,0.00,0.00,43.13,48.13,-0.00,-0.04,6.47,5.40,0.00,0.00,0.00,0
8079,1,81.92,1.77,0.00,0.00,0.00,0.00,43.13,48.13,-0.00,-0.04,6.47,5.40,0.00,0.00,0.00,0
8099,1,81.96,1.74,0.00,0.00,0.00,0.00,43.13,48.13,-0.00,-0.04,6.47,5.40,0.00,0.00,0.00,0
8120,1,82.00,1.84,0.00,0.00,0.00,0.00,43.13,48.13,-0.00,-0.04,6.47,5.40,0.00,0.00,0.00,0
8139,1,82.04,1.95,0.00,0.00,0.00,0.00,43.13,48.13,-0.00,-0.04,6.47,5.40,0.00,0.00,0.00,0
8159,1,82.09,2.08,0.00,0.00,0.00,0.00,43.13,48.13,-0.00,-0.02,6.48,5.40,0.00,0.00,0.00,0
8179,1,82.15,2.38,0.00,0.00,0.00,0.00,43.13,48.13,-0.02,-0.02,6.48,5.40,0.00,0.00,0.00,0
8199,1,82.21,2.66,0.00,0.00,0.00,0.00,43.13,48.13,-0.02,-0.02,6.48,5.40,0.00,0.00,0.00,0
8219,1,82.27,2.88,0.00,0.00,0.00,0.00,43.13,48.13,-0.02,-0.02,6.48,5.40,0.00,0.00,0.00,0
8239,1,82.36,3.20,0.00,0.00,0.00,0.00,43.13,48.13,-0.02,-0.02,6.48,5.40,0.00,0.00,0.00,0
8259,1,82.44,3.35,0.00,0.00,0.00,0.00,43.13,48.13,-0.02,-0.02,6.48,5.40,0.00,0.00,0.00,0
8279,1,82.53,3.63,0.00,0.00,0.00,0.00,43.13,48.13,-0.02,-0.02,6.48,5.41,0.00,0.00,0.00,0
8299,1,82.61,3.68,0.00,0.00,0.00,0.00,43.13,48.13,-0.02,-0.02,6.48,5.41,0.00,0.00,0.00,0
8320,1,82.70,3.77,0.00,0.00,0.00,0.00,43.13,48.13,-0.02,0.00,6.48,5.41,0.00,0.00,0.00,0
8338,1,82.76,3.77,0.00,0.00,0.00,0.00,43.13,48.13,-0.01,0.00,6.48,5.41,0.00,0.00,0.00,0
8360,1,82.85,3.65,0.00,0.00,0.00,0.00,43.13,48.13,-0.01,0.00,6.48,5.41,0.00,0.00,0.00,0
8379,1,82.93,3.50,0.00,0.00,0.00,0.00,43.13,48.13,-0.01,0.00,6.48,5.41,0.00,0.00,0.00,0
8399,1,82.99,3.20,0.00,0.00,0.00,0.00,43.13,48.13,-0.01,0.00,6.48,5.41,0.00,0.00,0.00,0
8420,1,83.04,2.87,0.00,0.00,0.00,0.00,43.13,48.13,-0.01,0.00,6.48,5.41,0.00,0.00,0.00,0
8439,1,83.08,2.48,0.00,0.00,0.00,0.00,43.13,48.13,-0.01,0.00,6.48,5.41,0.00,0.00,0.00,0
8459,1,83.12,2.17,0.00,0.00,0.00,0.00,43.13,48.13,-0.01,0.00,6.48,5.41,0.00,0.00,0.00,0
8478,1,83.14,1.97,0.00,0.00,0.00,0.00,43.13,48.13,-0.01,0.03,6.48,5.41,0.00,0.00,0.00,0
8500,1,83.17,1.68,0.00,0.00,0.00,0.00,43.13,48.13,0.03,0.03,6.48,5.41,0.00,0.00,0.00,0
8520,1,83.20,1.56,0.00,0.00,0.00,0.00,43.13,48.13,0.03,0.03,6.48,5.41,0.00,0.00,0.00,0
8539,1,83.24,1.73,0.00,0.00,0.00,0.00,43.13,48.13,0.03,0.03,6.48,5.42,0.00,0.00,0.00,0
8559,1,83.28,1.94,0.00,0.00,0.00,0.00,43.13,48.13,0.03,0.03,6.48,5.42,0.00,0.00,0.00,0
8579,1,83.34,2.17,0.00,0.00,0.00,0.00,43.13,48.13,0.03,0.03,6.48,5.42,0.00,0.00,0.00,0
8598,1,83.38,2.37,0.00,0.00,0.00,0.00,43.13,48.13,0.03,0.03,6.48,5.42,0.00,0.00,0.00,0
8621,1,83.47,2.61,0.00,0.00,0.00,0.00,43.13,48.13,0.03,0.03,6.48,5.42,0.00,0.00,0.00,0
8638,1,83.51,2.69,0.00,0.00,0.00,0.00,43.13,48.13,0.03,0.04,6.49,5.42,0.00,0.00,0.00,0
8660,1,83.59,2.73,0.00,0.00,0.00,0.00,43.13,48.13,0.00,0.04,6.49,5.42,0.00,0.00,0.00,0
8680,1,83.65,2.57,0.00,0.00,0.00,0.00,43.13,48.13,0.00,0.04,6.49,5.42,0.00,0.00,0.00,0
8700,2,83.70,2.43,83.70,0.00,0.00,0.00,43.13,48.13,0.00,0.04,6.49,5.42,0.00,0.00,0.00,0
8720,2,83.74,2.12,83.70,-0.03,-0.23,0.00,43.13,48.13,0.00,-0.01,6.49,5.42,0.00,-0.00,-0.00,16
8740,2,83.77,1.99,83.70,-0.07,-0.29,0.00,43.13,48.13,-0.04,0.03,6.49,5.42,0.00,-0.01,-0.00,16
8760,2,83.76,1.11,83.70,-0.07,-0.26,0.00,43.13,48.13,-0.02,-0.01,6.49,5.42,-0.00,-0.01,-0.00,16
8780,2,83.70,-0.09,83.67,-0.02,-0.05,0.00,43.13,48.13,-0.20,-0.17,6.49,5.42,-0.00,-0.19,-0.02,16
8800,2,83.69,-0.13,83.68,-0.01,-0.00,0.00,43.12,48.12,-0.21,-0.10,6.49,5.42,-0.01,-0.15,-0.02,16
8820,2,83.72,0.44,83.69,-0.03,-0.09,0.00,43.12,48.12,-0.13,-0.01,6.49,5.42,-0.01,-0.07,-0.01,16
8840,2,83.77,0.87,83.70,-0.07,-0.20,0.00,43.11,48.12,-0.01,-0.02,6.49,5.42,-0.01,-0.02,-0.00,16
8858,2,83.79,0.87,83.69,-0.09,-0.26,0.00,43.11,48.12,0.03,-0.07,6.49,5.42,-0.01,-0.02,-0.00,16
8880,2,83.79,0.40,83.69,-0.10,-0.23,0.00,43.11,48.11,-0.08,-0.12,6.49,5.42,-0.02,-0.10,-0.01,16
8900,2,83.76,-0.27,83.68,-0.08,-0.16,0.00,43.11,48.11,-0.17,-0.10,6.49,5.42,-0.02,-0.14,-0.02,16
8920,2,83.72,-0.71,83.67,-0.05,-0.05,0.00,43.10,48.11,-0.23,-0.18,6.49,5.42,-0.02,-0.20,-0.02,16
8940,2,83.74,-0.19,83.67,-0.05,-0.08,0.00,43.10,48.10,-0.17,-0.23,6.49,5.42,-0.03,-0.20,-0.02,16
8960,2,83.78,0.45,83.69,-0.11,-0.25,0.00,43.09,48.10,-0.03,-0.15,6.49,5.42,-0.03,-0.09,-0.01,16
8978,2,83.81,0.65,83.70,-0.12,-0.30,0.00,43.09,48.09,0.00,0.01,6.49,5.42,-0.04,0.01,0.00,16
9000,2,83.82,0.37,83.69,-0.12,-0.27,0.00,43.09,48.09,-0.03,-0.10,6.49,5.42,-0.04,-0.07,-0.01,16
9020,2,83.79,-0.14,83.68,-0.11,-0.22,0.00,43.09,48.09,-0.09,-0.18,6.49,5.42,-0.04,-0.14,-0.02,16
9040,2,83.77,-0.37,83.68,-0.10,-0.17,0.00,43.08,48.08,-0.10,-0.18,6.49,5.42,-0.05,-0.14,-0.02,16
9060,2,83.76,-0.48,83.68,-0.08,-0.12,0.00,43.08,48.08,-0.24,-0.05,6.49,5.42,-0.05,-0.14,-0.02,16
9080,2,83.77,-0.05,83.68,-0.08,-0.15,0.00,43.07,48.08,-0.21,-0.11,6.49,5.42,-0.06,-0.16,-0.02,16
9100,2,83.80,0.36,83.68,-0.12,-0.26,0.00,43.07,48.07,-0.08,-0.16,6.49,5.42,-0.06,-0.12,-0.01,16
9119,2,83.81,0.32,83.68,-0.13,-0.29,0.00,43.06,48.07,-0.08,-0.20,6.49,5.42,-0.06,-0.14,-0.02,16
9140,2,83.80,0.01,83.68,-0.12,-0.24,0.00,43.06,48.06,-0.15,-0.20,6.49,5.42,-0.07,-0.18,-0.02,48
9160,2,83.80,0.03,83.68,-0.12,-0.25,0.00,43.06,48.05,-0.18,-0.16,6.49,5.42,-0.07,-0.17,-0.02,48
9180,2,83.75,-1.09,83.68,-0.11,-0.17,0.00,43.05,48.05,-0.09,-0.16,6.49,5.42,-0.08,-0.13,-0.02,48
9200,2,83.77,-0.50,83.77,-0.07,-0.07,0.00,43.05,48.04,-0.16,-0.22,6.43,5.35,-0.08,-0.19,-0.02,48
9220,2,83.69,-2.00,83.90,0.05,0.21,0.00,43.05,48.04,-0.20,0.19,6.30,5.20,-0.09,-0.00,-0.00,48
9239,2,83.62,-2.74,83.99,0.28,0.78,0.00,43.04,48.04,-0.24,0.03,6.12,5.03,-0.09,-0.10,-0.01,48
9260,2,83.56,-3.20,84.10,0.41,1.08,0.00,43.03,48.04,-0.11,0.11,5.94,4.85,-0.09,-0.00,-0.00,32
9280,2,83.57,-2.78,84.22,0.53,1.30,0.00,43.04,48.04,0.29,0.10,5.76,4.67,-0.09,0.19,0.02,32
9300,2,83.61,-2.12,84.35,0.62,1.41,0.00,43.05,48.05,0.44,0.45,5.55,4.47,-0.08,0.45,0.05,32
9320,2,83.70,-0.89,84.48,0.67,1.44,0.00,43.07,48.07,0.65,0.78,5.36,4.28,-0.06,0.71,0.08,224
9340,2,83.76,-0.47,84.59,0.73,1.50,0.00,43.09,48.09,0.87,0.84,5.17,4.09,-0.04,0.86,0.09,224
9359,2,83.81,1.97,84.70,0.80,1.50,0.00,43.12,48.13,0.96,0.98,4.96,3.89,-0.01,0.97,0.11,224
9380,2,83.97,5.31,84.82,0.76,1.14,0.00,43.15,48.15,1.12,1.11,4.76,3.73,0.02,1.11,0.00,32
9400,2,84.22,7.82,84.88,0.67,0.78,0.00,43.19,48.18,1.18,0.54,4.58,3.64,0.03,0.86,0.08,224
9420,2,84.44,8.50,84.99,0.48,0.28,0.00,43.21,48.20,0.65,1.05,4.37,3.60,0.05,0.85,0.10,224
9440,2,84.48,4.89,85.08,0.49,0.50,0.00,43.23,48.23,0.54,1.00,4.17,3.57,0.08,0.77,0.09,224
9460,2,84.32,0.90,85.15,0.71,1.26,0.00,43.24,48.25,0.58,0.43,4.06,3.56,0.09,0.50,0.05,224
9480,2,84.01,-4.30,85.24,1.06,2.35,0.00,43.26,48.27,0.40,0.50,4.00,3.56,0.11,0.45,0.05,32
9498,2,83.77,-7.01,85.33,1.47,3.50,0.00,43.27,48.28,0.45,0.28,3.97,3.55,0.12,0.37,0.04,32
9520,2,83.73,-4.27,85.47,1.60,3.54,0.00,43.29,48.29,0.88,0.59,3.95,3.55,0.14,0.74,0.07,224
9540,2,84.18,4.12,85.65,1.43,2.71,0.00,43.33,48.33,1.75,1.62,3.94,3.55,0.18,1.69,0.15,224
9560,2,84.81,12.59,85.83,1.00,1.15,0.00,43.39,48.39,2.26,2.32,3.94,3.55,0.24,2.29,0.23,224
9580,2,85.33,17.06,86.01,0.62,-0.07,0.00,43.46,48.46,2.47,2.33,3.94,3.55,0.31,2.40,0.31,224
9600,2,85.54,15.26,86.09,0.48,-0.34,0.00,43.53,48.53,1.81,1.89,3.94,3.55,0.38,1.85,0.30,224
9618,2,85.21,7.33,86.11,0.88,1.18,0.00,43.56,48.57,0.47,0.60,3.94,3.55,0.41,0.54,0.22,224
9641,2,84.98,1.44,86.13,1.14,2.16,0.00,43.56,48.56,-0.23,-0.22,3.94,3.55,0.41,-0.23,0.14,224
9659,2,85.00,1.31,86.22,1.13,2.15,0.00,43.56,48.56,0.31,0.21,3.94,3.55,0.41,0.26,0.12,224
9680,2,85.28,4.44,86.39,1.02,1.77,0.00,43.58,48.58,0.86,0.81,3.93,3.55,0.43,0.84,0.19,224
9700,2,85.64,8.04,86.56,0.84,1.10,0.00,43.62,48.61,1.43,1.24,3.93,3.55,0.46,1.33,0.26,224
9720,2,85.93,9.58,86.70,0.70,0.64,0.00,43.66,48.66,1.57,1.36,3.93,3.55,0.51,1.46,0.30,224
9740,2,85.98,7.27,86.78,0.72,0.80,0.00,43.70,48.70,1.32,1.16,3.93,3.55,0.55,1.24,0.29,224
9759,2,85.73,1.40,86.82,0.96,1.69,0.00,43.73,48.73,0.72,0.65,3.93,3.55,0.58,0.68,0.23,224
9780,2,85.55,-2.08,86.89,1.25,2.61,0.00,43.74,48.74,0.18,0.48,3.93,3.55,0.59,0.33,0.19,224
9800,2,85.61,-1.03,87.02,1.31,2.74,0.00,43.75,48.76,0.56,0.61,3.93,3.55,0.60,0.59,0.22,224
9820,2,85.82,1.80,87.20,1.26,2.45,0.00,43.79,48.79,1.39,1.15,3.93,3.55,0.63,1.27,0.30,224
9840,2,86.07,4.55,87.36,1.19,2.05,0.00,43.83,48.83,1.64,1.56,3.93,3.55,0.68,1.60,0.36,224
9860,2,86.26,5.58,87.50,1.14,1.83,0.00,43.89,48.88,1.71,1.86,3.93,3.55,0.73,1.79,0.40,224
9879,2,86.29,4.70,87.59,1.20,2.03,0.00,43.94,48.94,1.50,1.65,3.93,3.55,0.79,1.58,0.39,224
9900,2,86.22,1.59,87.67,1.34,2.51,0.00,43.98,48.98,1.31,1.35,3.93,3.55,0.83,1.33,0.37,224
9920,2,86.09,-1.06,87.76,1.55,3.13,0.00,44.02,49.02,1.32,1.06,3.93,3.55,0.87,1.19,0.36,224
9940,2,86.10,-0.86,87.88,1.67,3.42,0.00,44.06,49.06,1.46,1.19,3.93,3.55,0.91,1.33,0.38,224
9960,2,86.24,1.19,88.04,1.68,3.32,0.00,44.11,49.10,1.89,1.57,3.93,3.55,0.95,1.73,0.44,224
9980,2,86.43,3.22,88.19,1.65,3.08,0.00,44.16,49.16,1.98,2.19,3.93,3.55,1.01,2.09,0.50,224
9999,2,86.56,4.28,88.33,1.63,2.91,0.00,44.23,49.23,2.24,2.31,3.93,3.55,1.08,2.28,0.54,224
10020,2,86.69,4.05,88.45,1.66,2.97,0.00,44.30,49.30,2.18,2.25,3.93,3.55,1.15,2.22,0.55,224
10040,2,86.65,2.04,88.54,1.78,3.35,0.00,44.36,49.36,2.05,2.01,3.93,3.55,1.21,2.03,0.54,224
10060,2,86.60,0.46,88.64,1.93,3.81,0.00,44.42,49.42,1.91,1.92,3.93,3.55,1.27,1.91,0.54,224
10080,2,86.63,0.67,88.76,2.02,3.99,0.00,44.48,49.48,2.07,1.88,3.93,3.55,1.33,1.97,0.56,224
10100,2,86.75,1.93,88.91,2.04,3.96,0.00,44.54,49.54,2.31,2.30,3.93,3.55,1.39,2.31,0.61,224
10120,2,86.90,3.30,89.05,2.05,3.85,0.00,44.62,49.61,2.48,2.60,3.93,3.55,1.46,2.54,0.65,224
10139,2,87.01,4.13,89.18,2.04,3.75,0.00,44.69,49.69,2.61,2.64,3.93,3.55,1.54,2.62,0.68,224
10160,2,87.16,4.54,89.31,2.05,3.74,0.00,44.77,49.77,2.66,2.65,3.93,3.55,1.62,2.66,0.72,224
10180,2,87.21,3.92,89.41,2.11,3.90,0.00,44.85,49.85,2.49,2.46,3.93,3.55,1.70,2.48,0.72,224
10200,2,87.22,2.95,89.52,2.19,4.13,0.00,44.93,49.93,2.43,2.45,3.93,3.55,1.78,2.44,0.73,224
10220,2,87.26,2.38,89.64,2.28,4.36,0.00,45.00,50.00,2.35,2.49,3.93,3.55,1.85,2.42,0.74,224
10240,2,87.35,2.96,89.77,2.31,4.41,0.00,45.08,50.08,2.65,2.55,3.93,3.55,1.93,2.60,0.78,224
10258,2,87.47,4.01,89.91,2.31,4.29,0.00,45.16,50.16,2.77,2.68,3.93,3.55,2.01,2.73,0.81,224
10280,2,87.70,5.73,90.06,2.21,3.96,0.00,45.24,50.25,2.90,2.84,3.93,3.55,2.09,2.87,0.86,224
10300,2,87.84,6.07,90.19,2.26,4.04,0.00,45.33,50.33,2.93,2.86,3.93,3.55,2.18,2.89,0.89,224
10320,2,87.91,5.29,90.31,2.29,4.13,0.00,45.42,50.42,2.83,2.85,3.93,3.55,2.27,2.84,0.91,224
10340,2,87.92,4.02,90.40,2.39,4.43,0.00,45.51,50.50,2.62,2.67,3.93,3.55,2.35,2.64,0.90,224
10360,2,87.99,3.88,90.52,2.43,4.55,0.00,45.59,50.59,2.63,2.66,3.93,3.55,2.43,2.64,0.92,224
10380,2,88.13,4.73,90.66,2.43,4.50,0.00,45.67,50.67,2.74,2.81,3.93,3.55,2.52,2.77,0.96,224
10399,2,88.24,5.40,90.80,2.42,4.41,0.00,45.75,50.76,3.00,2.98,3.93,3.55,2.60,2.99,1.01,224
10420,2,88.44,6.44,90.95,2.40,4.30,0.00,45.85,50.84,3.09,3.02,3.93,3.55,2.69,3.06,1.05,224
10442,2,88.61,7.04,91.08,2.34,4.11,0.00,45.94,50.93,2.96,3.02,3.93,3.55,2.78,2.99,1.08,224
10458,2,88.72,7.25,91.20,2.35,4.13,0.00,46.03,51.02,2.88,2.98,3.93,3.55,2.87,2.93,1.10,224
10480,2,88.90,7.34,91.34,2.30,4.02,0.00,46.14,51.11,2.92,3.00,3.93,3.55,2.97,2.96,1.15,224
10500,2,89.01,7.07,91.45,2.36,4.15,0.00,46.20,51.20,2.81,2.95,3.93,3.55,3.05,2.88,1.16,224
10519,2,89.10,6.97,91.56,2.36,4.16,0.00,46.28,51.29,2.74,2.70,3.93,3.55,3.13,2.72,1.17,224
10540,2,89.28,7.47,91.71,2.32,4.06,0.00,46.37,51.36,2.68,2.73,3.93,3.55,3.21,2.71,1.21,224
10560,2,89.48,8.41,91.85,2.28,3.91,0.00,46.45,51.45,2.72,2.82,3.93,3.55,3.30,2.77,1.26,224
10580,2,89.70,9.36,92.01,2.21,3.68,0.00,46.53,51.53,2.91,2.79,3.93,3.55,3.38,2.85,1.31,224
10599,2,89.83,9.54,92.13,2.17,3.58,0.00,46.62,51.62,2.81,2.76,3.93,3.55,3.47,2.79,1.33,224
10620,2,90.02,9.23,92.25,2.15,3.55,0.00,46.70,51.70,2.58,2.46,3.93,3.55,3.55,2.52,1.35,224
10639,2,90.19,9.49,92.38,2.10,3.45,0.00,46.77,51.77,2.38,2.51,3.93,3.55,3.62,2.44,1.38,224
10660,2,90.44,10.70,92.53,2.00,3.18,0.00,46.84,51.85,2.33,2.46,3.93,3.55,3.69,2.40,1.43,224
10680,2,90.70,11.75,92.69,1.89,2.87,0.00,46.92,51.92,2.45,2.47,3.93,3.55,3.77,2.46,1.49,224
10700,2,90.91,11.73,92.82,1.83,2.72,0.00,46.99,51.99,2.42,2.32,3.93,3.55,3.84,2.37,1.53,224
10720,2,91.06,11.18,92.94,1.80,2.69,0.00,47.06,52.06,2.17,2.09,3.93,3.55,3.91,2.13,1.54,224
10740,2,91.21,10.56,93.04,1.77,2.67,0.00,47.12,52.12,1.80,1.83,3.93,3.55,3.97,1.82,1.54,224
10760,2,91.44,11.55,93.19,1.67,2.44,0.00,47.17,52.17,1.73,1.81,3.93,3.55,4.02,1.77,1.60,224
10778,2,91.71,13.42,93.36,1.48,1.89,0.00,47.23,52.23,1.87,1.89,3.93,3.55,4.08,1.88,1.66,224
10800,2,92.17,15.90,93.54,1.18,1.10,0.00,47.29,52.29,1.91,1.96,3.93,3.55,4.14,1.94,1.74,224
10820,2,92.45,15.95,93.70,1.15,1.03,0.00,47.34,52.34,1.79,1.69,3.93,3.55,4.19,1.74,1.80,224
10840,2,92.59,14.09,93.77,1.14,1.10,0.00,47.39,52.39,1.33,1.11,3.93,3.55,4.24,1.22,1.77,224
10860,2,92.67,12.01,93.74,1.12,1.25,0.00,47.42,52.42,0.88,0.56,3.93,3.55,4.27,0.72,1.74,224
10880,2,93.00,14.06,93.82,0.85,0.63,0.00,47.44,52.43,0.52,0.64,3.93,3.55,4.28,0.58,1.82,224
10899,2,93.34,16.54,93.90,0.48,-0.36,0.00,47.46,52.46,0.98,0.89,3.93,3.55,4.31,0.93,1.90,224
10920,2,93.82,18.44,93.98,0.15,-1.17,0.00,47.49,52.49,0.80,1.27,3.93,3.55,4.34,1.04,1.98,224
10940,2,93.90,15.39,94.04,0.09,-1.11,0.00,47.51,52.51,0.39,0.29,3.93,3.55,4.36,0.34,2.04,224
10960,2,94.06,14.21,93.98,0.03,-1.09,0.00,47.51,52.51,-0.28,-0.40,3.93,3.55,4.36,-0.34,1.98,224
10980,2,94.37,15.45,93.90,-0.31,-1.84,0.00,47.50,52.49,-0.31,-0.44,3.93,3.55,4.35,-0.38,1.90,224
11000,2,94.64,15.74,93.82,-0.67,-2.60,0.00,47.48,52.48,-0.66,-0.34,3.93,3.55,4.33,-0.50,1.82,224
11020,2,94.90,15.92,93.74,-1.02,-3.32,0.00,47.46,52.47,-0.79,-0.79,3.93,3.55,4.31,-0.79,1.74,224
11039,2,95.05,15.27,93.66,-1.31,-3.85,0.00,47.43,52.44,-1.31,-1.15,3.93,3.55,4.28,-1.23,1.66,224
11060,2,95.21,13.35,93.58,-1.53,-4.15,0.00,47.39,52.39,-1.67,-1.76,3.93,3.55,4.24,-1.71,1.58,224
11080,2,95.31,11.92,93.50,-1.71,-4.39,0.00,47.33,52.33,-2.07,-2.27,3.93,3.55,4.18,-2.17,1.50,224
11100,2,95.44,11.39,93.42,-1.91,-4.72,0.00,47.26,52.26,-2.59,-2.44,3.93,3.55,4.11,-2.52,1.42,224
11120,2,95.66,12.11,93.34,-2.18,-5.30,0.00,47.18,52.18,-2.78,-2.59,3.93,3.55,4.03,-2.69,1.34,224
11140,2,95.93,13.58,93.26,-2.52,-6.09,0.00,47.09,52.10,-2.82,-2.80,3.93,3.55,3.94,-2.81,1.26,224
11159,2,96.22,14.89,93.18,-2.89,-6.95,0.00,47.00,52.00,-3.00,-3.21,3.93,3.55,3.85,-3.10,1.18,224
11180,2,96.47,15.31,93.10,-3.24,-7.70,0.00,46.91,51.90,-3.37,-3.43,3.93,3.55,3.75,-3.40,1.10,224
11200,2,96.63,14.25,93.02,-3.50,-8.18,0.00,46.79,51.79,-3.92,-3.91,3.93,3.55,3.64,-3.91,1.02,224
11220,2,96.74,12.83,92.94,-3.70,-8.44,0.00,46.66,51.67,-4.61,-4.55,3.93,3.55,3.51,-4.58,0.94,224
11240,2,96.89,12.39,92.86,-3.91,-8.81,0.00,46.51,51.52,-4.96,-5.07,3.93,3.55,3.36,-5.02,0.86,224
11260,2,97.09,12.76,92.78,-4.17,-9.36,0.00,46.36,51.36,-5.24,-5.24,3.93,3.55,3.21,-5.24,0.78,224
11279,2,97.40,14.61,92.70,-4.53,-10.19,0.00,46.19,51.20,-5.63,-5.59,3.93,3.55,3.04,-5.61,0.70,224
11300,2,97.74,16.56,92.62,-4.95,-11.18,0.00,46.02,51.02,-5.73,-5.73,3.93,3.55,2.87,-5.73,0.62,224
11320,2,98.05,17.47,92.54,-5.36,-12.10,0.00,45.84,50.85,-6.16,-6.07,3.93,3.55,2.69,-6.11,0.54,224
11340,2,98.28,16.78,92.46,-5.69,-12.73,0.00,45.65,50.65,-6.67,-6.69,3.93,3.55,2.50,-6.68,0.46,224
11360,2,98.47,16.07,92.38,-5.96,-13.22,0.00,45.44,50.44,-7.42,-7.37,3.93,3.55,2.29,-7.40,0.38,224
11380,2,98.67,15.64,92.30,-6.24,-13.74,0.00,45.20,50.21,-7.87,-7.81,3.93,3.55,2.05,-7.84,0.30,224
11400,2,98.94,16.34,92.22,-6.56,-14.41,0.00,44.96,49.96,-8.35,-8.42,3.93,3.55,1.81,-8.38,0.22,224
11419,2,99.21,17.74,92.14,-6.99,-15.39,0.00,44.70,49.71,-8.53,-8.53,3.93,3.55,1.55,-8.53,0.14,224
11440,2,99.68,19.72,92.06,-7.44,-16.43,0.00,44.43,49.44,-8.89,-8.94,3.93,3.55,1.29,-8.91,0.06,224
11460,2,100.00,19.96,92.00,-7.88,-17.36,0.00,44.16,49.16,-9.45,-9.42,3.93,3.55,1.01,-9.44,-0.00,32
11480,2,100.22,18.88,92.00,-8.18,-17.89,0.00,43.86,48.87,-10.05,-9.95,3.93,3.55,0.71,-10.00,-0.00,32
11500,2,100.42,17.79,92.00,-8.37,-18.18,0.00,43.54,48.54,-10.81,-10.87,3.93,3.55,0.39,-10.84,-0.00,32
11520,2,100.76,19.13,92.00,-8.66,-18.80,0.00,43.20,48.20,-11.30,-11.32,3.93,3.55,0.05,-11.31,-0.00,32
11538,2,101.10,21.13,92.00,-9.10,-19.88,0.00,42.85,47.86,-11.65,-11.67,3.93,3.55,-0.30,-11.66,-0.00,32
11561,2,101.81,25.77,92.00,-9.81,-21.69,0.00,42.49,47.50,-11.90,-11.98,3.93,3.55,-0.66,-11.94,-0.00,32
11578,2,102.30,28.59,92.00,-10.30,-22.88,0.00,42.13,47.14,-12.36,-12.34,3.93,3.55,-1.02,-12.35,-0.00,32
11600,2,103.06,31.58,92.00,-11.06,-24.64,0.00,41.74,46.75,-12.99,-13.07,3.93,3.55,-1.41,-13.03,-0.00,40
11620,2,103.64,32.63,92.00,-11.50,-25.00,0.00,41.33,46.34,-13.99,-13.85,3.93,3.55,-1.81,-13.92,-0.00,40
11640,2,104.16,32.60,92.00,-12.04,-25.00,0.00,40.89,45.89,-15.02,-15.05,3.93,3.55,-2.26,-15.03,-0.00,40
11660,2,104.52,27.34,92.00,-12.48,-25.00,0.00,40.42,45.43,-15.94,-15.89,3.93,3.55,-2.72,-15.92,-0.00,40
11679,2,103.70,-0.34,92.00,-12.02,-24.68,0.00,39.93,44.94,-16.56,-16.37,3.93,3.55,-3.21,-16.46,-0.00,40
11700,2,102.31,-26.63,92.00,-10.65,-19.61,0.00,39.42,44.44,-17.03,-16.20,3.93,3.55,-3.72,-16.61,-0.00,32
11720,2,100.87,-43.08,92.00,-9.23,-15.30,0.00,38.93,43.96,-15.56,-16.16,3.93,3.55,-4.20,-15.86,-0.00,32
11740,2,99.63,-52.25,91.92,-7.91,-11.81,0.00,38.48,43.48,-14.60,-15.42,3.93,3.55,-4.67,-15.01,-0.08,224
11760,2,98.89,-53.91,91.84,-7.11,-9.88,0.00,38.05,43.04,-13.41,-13.47,3.93,3.55,-5.11,-13.44,-0.16,224
11780,2,98.82,-47.40,91.76,-6.98,-10.03,0.00,37.68,42.69,-10.60,-10.29,3.93,3.55,-5.47,-10.44,-0.24,224
11799,2,98.78,-42.39,91.68,-7.02,-10.65,0.00,37.41,42.42,-7.94,-7.62,3.93,3.55,-5.74,-7.78,-0.32,224
11820,2,98.15,-42.29,91.60,-6.64,-9.96,0.00,37.20,42.21,-6.73,-6.45,3.93,3.55,-5.95,-6.59,-0.40,224
11840,2,96.81,-53.30,91.52,-5.61,-7.23,0.00,36.99,42.02,-6.88,-6.79,3.93,3.55,-6.15,-6.83,-0.48,224
11860,2,94.94,-67.66,91.44,-3.89,-2.62,0.00,36.77,41.80,-7.39,-7.58,3.93,3.55,-6.37,-7.49,-0.56,224
11880,2,93.51,-72.66,91.36,-2.37,1.05,0.00,36.55,41.57,-7.14,-7.14,3.93,3.55,-6.59,-7.14,-0.64,224
11900,2,92.86,-65.94,91.28,-1.62,2.20,0.00,36.37,41.38,-4.82,-5.19,3.93,3.55,-6.78,-5.00,-0.72,224
11919,2,92.83,-52.65,91.20,-1.53,1.40,0.00,36.28,41.28,-1.63,-1.76,3.93,3.55,-6.87,-1.70,-0.80,224
11940,2,92.48,-44.15,91.12,-1.39,0.90,0.00,36.27,41.27,0.58,0.52,3.93,3.55,-6.88,0.55,-0.88,224
11960,2,91.84,-41.23,91.04,-0.91,1.50,0.00,36.29,41.30,0.75,0.90,3.93,3.55,-6.85,0.83,-0.96,224
11980,2,90.93,-41.91,90.96,-0.12,3.10,0.00,36.31,41.32,0.35,0.50,3.93,3.55,-6.84,0.43,-1.04,224
12000,2,90.28,-38.59,90.88,0.55,4.29,0.00,36.32,41.33,0.16,0.11,3.93,3.55,-6.83,0.14,-1.12,224
12020,2,90.07,-30.30,90.80,0.78,4.16,0.00,36.33,41.34,0.83,0.72,3.93,3.55,-6.82,0.78,-1.20,224
12040,2,90.23,-19.25,90.72,0.64,3.04,0.00,36.38,41.38,1.81,1.90,3.93,3.55,-6.77,1.86,-1.28,224
12059,2,90.43,-12.01,90.64,0.29,1.54,0.00,36.45,41.45,2.61,2.60,3.93,3.55,-6.70,2.61,-1.36,224
12080,2,90.57,-5.72,90.56,0.07,0.65,0.00,36.53,41.54,2.63,2.63,3.93,3.55,-6.62,2.63,-1.44,224
12100,2,90.06,-10.81,90.48,0.34,1.42,0.00,36.60,41.61,2.07,1.96,3.93,3.55,-6.55,2.01,-1.52,224
12120,2,89.28,-18.32,90.40,1.00,3.32,0.00,36.64,41.64,0.71,0.36,3.93,3.55,-6.51,0.53,-1.60,224
12140,2,88.92,-17.96,90.32,1.42,4.31,0.00,36.64,41.65,0.24,0.22,3.93,3.55,-6.50,0.23,-1.68,224
12160,2,88.98,-11.58,90.24,1.39,3.86,0.00,36.67,41.67,1.20,1.36,3.93,3.55,-6.48,1.28,-1.76,224
12178,2,89.28,-4.44,90.19,0.96,2.28,0.00,36.72,41.73,2.30,2.31,3.93,3.55,-6.43,2.30,-1.81,224
12200,2,89.79,4.44,90.12,0.40,0.45,0.00,36.80,41.81,2.84,2.78,3.93,3.55,-6.35,2.81,-1.88,224
12220,2,89.85,4.45,90.06,0.25,0.12,0.00,36.88,41.89,2.61,2.42,3.93,3.55,-6.27,2.52,-1.94,224
12240,2,89.20,-5.72,90.11,0.64,1.50,0.00,36.94,41.95,1.42,1.55,3.93,3.55,-6.20,1.49,-1.89,224
12260,2,88.49,-13.99,90.17,1.46,3.93,0.00,36.96,41.97,0.07,-0.04,3.93,3.55,-6.19,0.02,-1.83,224
12280,2,88.29,-12.34,90.24,1.87,4.82,0.00,36.96,41.97,0.23,0.22,3.93,3.55,-6.19,0.22,-1.75,224
12300,2,88.60,-4.34,90.29,1.74,4.00,0.00,36.99,42.00,1.35,1.48,3.93,3.55,-6.16,1.41,-1.71,224
12319,2,89.04,3.32,90.32,1.25,2.23,0.00,37.05,42.06,2.66,2.64,3.93,3.55,-6.10,2.65,-1.68,224
12340,2,89.85,13.57,90.24,0.61,0.26,0.00,37.14,42.15,3.09,3.02,3.93,3.55,-6.01,3.06,-1.76,224
12360,2,89.98,11.64,90.16,0.26,-0.41,0.00,37.23,42.24,2.81,2.75,3.93,3.55,-5.92,2.78,-1.84,224
12380,2,89.16,-2.52,90.15,0.78,1.51,0.00,37.29,42.30,1.29,1.22,3.93,3.55,-5.86,1.25,-1.85,224
12400,2,88.63,-9.30,90.13,1.43,3.52,0.00,37.29,42.31,-0.28,-0.24,3.93,3.55,-5.85,-0.26,-1.87,224
12420,2,88.51,-7.91,90.19,1.61,3.91,0.00,37.29,42.30,0.21,0.17,3.93,3.55,-5.86,0.19,-1.81,224
12441,2,88.59,-4.06,90.27,1.60,3.52,0.00,37.31,42.32,1.31,1.20,3.93,3.55,-5.83,1.26,-1.73,224
12459,2,89.21,6.02,90.25,1.22,2.14,0.00,37.37,42.38,2.28,2.23,3.93,3.55,-5.78,2.25,-1.75,224
12480,2,89.82,13.14,90.17,0.58,0.23,0.00,37.44,42.45,2.64,2.72,3.93,3.55,-5.70,2.68,-1.83,224
12500,2,90.07,13.04,90.09,0.14,-0.81,0.00,37.52,42.53,2.43,2.51,3.93,3.55,-5.62,2.47,-1.91,224
12520,2,89.61,2.97,90.03,0.32,0.15,0.00,37.58,42.59,1.18,1.28,3.93,3.55,-5.57,1.23,-1.97,240
12540,2,89.07,-5.69,89.99,0.83,1.96,0.00,37.59,42.60,-0.16,-0.23,3.93,3.55,-5.56,-0.19,-2.01,224
12559,2,88.81,-7.65,90.04,1.15,2.90,0.00,37.58,42.59,-0.13,-0.27,3.93,3.55,-5.57,-0.20,-1.96,224
12580,2,88.85,-4.77,90.10,1.22,2.89,0.00,37.58,42.59,0.52,0.44,3.93,3.55,-5.56,0.48,-1.90,224
12600,2,89.18,1.56,90.09,1.02,2.06,0.00,37.61,42.62,1.33,1.02,3.93,3.55,-5.54,1.18,-1.91,224
12620,2,89.65,8.12,90.03,0.56,0.60,0.00,37.66,42.66,1.80,1.68,3.93,3.55,-5.49,1.74,-1.97,224
12640,2,90.00,10.95,89.96,0.10,-0.65,0.00,37.73,42.72,1.88,1.94,3.93,3.55,-5.43,1.91,-2.04,224
12660,2,89.87,6.16,89.94,0.00,-0.63,0.00,37.78,42.78,1.52,1.62,3.93,3.55,-5.37,1.57,-2.06,224
12680,2,89.47,-1.26,89.86,0.36,0.69,0.00,37.79,42.80,-0.11,0.01,3.93,3.55,-5.35,-0.05,-2.14,240
12698,2,89.24,-4.32,89.83,0.62,1.58,0.00,37.78,42.79,-0.34,-0.45,3.93,3.55,-5.36,-0.39,-2.17,224
12720,2,89.08,-4.64,89.90,0.76,1.89,0.00,37.78,42.78,0.15,-0.14,3.93,3.55,-5.37,0.01,-2.10,224
12740,2,89.28,-0.23,89.90,0.69,1.49,0.00,37.79,42.79,0.48,0.37,3.93,3.55,-5.36,0.42,-2.10,224
12760,2,89.61,4.83,89.87,0.38,0.47,0.00,37.81,42.81,0.98,1.17,3.93,3.55,-5.34,1.07,-2.13,224
12780,2,89.93,8.13,89.83,0.01,-0.58,0.00,37.85,42.85,1.05,1.51,3.93,3.55,-5.30,1.28,-2.17,224
12800,2,89.85,4.96,89.79,-0.08,-0.65,0.00,37.88,42.89,0.96,1.14,3.93,3.55,-5.27,1.05,-2.21,224
12818,2,89.65,0.97,89.71,0.15,0.22,0.00,37.90,42.90,0.04,-0.07,3.93,3.55,-5.25,-0.01,-2.29,240
12840,2,89.43,-2.10,89.69,0.29,0.74,0.00,37.89,42.89,-0.38,-0.20,3.93,3.55,-5.26,-0.29,-2.31,240
12860,2,89.41,-1.52,89.69,0.28,0.70,0.00,37.88,42.89,-0.20,0.01,3.93,3.55,-5.27,-0.09,-2.31,240
12880,2,89.48,0.23,89.68,0.23,0.49,0.00,37.88,42.89,0.14,0.14,3.93,3.55,-5.27,0.14,-2.32,240
12900,2,89.67,2.98,89.64,0.06,-0.07,0.00,37.89,42.89,0.46,0.21,3.93,3.55,-5.26,0.34,-2.36,240
12920,2,89.81,4.25,89.68,-0.14,-0.60,0.00,37.91,42.90,0.45,0.36,3.93,3.55,-5.25,0.41,-2.32,224
12940,2,89.91,4.74,89.67,-0.20,-0.77,0.00,37.91,42.91,0.16,0.33,3.93,3.55,-5.24,0.24,-2.33,224
12959,2,89.92,4.05,89.63,-0.25,-0.82,0.00,37.91,42.92,-0.06,0.01,3.93,3.55,-5.24,-0.03,-2.37,224
12980,2,89.87,2.26,89.58,-0.25,-0.72,0.00,37.91,42.91,-0.27,-0.38,3.93,3.55,-5.24,-0.32,-2.42,240
13000,2,89.82,1.02,89.55,-0.25,-0.61,0.00,37.90,42.90,-0.26,-0.59,3.93,3.55,-5.25,-0.42,-2.45,240
13020,2,89.81,0.73,89.54,-0.27,-0.60,0.00,37.89,42.88,-0.49,-0.28,3.93,3.55,-5.27,-0.39,-2.46,240
13040,2,89.84,1.12,89.50,-0.29,-0.64,0.00,37.87,42.87,-0.66,-0.59,3.93,3.55,-5.28,-0.62,-2.50,240
13060,2,89.96,2.66,89.55,-0.42,-1.02,0.00,37.85,42.85,-0.38,-0.56,3.93,3.55,-5.30,-0.47,-2.45,224
13079,2,90.07,3.55,89.58,-0.50,-1.27,0.00,37.84,42.84,-0.23,-0.25,3.93,3.55,-5.31,-0.24,-2.42,224
13100,2,90.07,2.79,89.53,-0.49,-1.23,0.00,37.83,42.83,-0.51,-0.36,3.93,3.55,-5.32,-0.44,-2.47,224
13120,2,90.07,2.26,89.50,-0.54,-1.26,0.00,37.82,42.82,-0.61,-0.79,3.93,3.55,-5.34,-0.70,-2.50,224
13140,2,90.03,1.35,89.46,-0.54,-1.20,0.00,37.79,42.80,-0.87,-0.73,3.93,3.55,-5.36,-0.80,-2.54,224
13160,2,90.05,1.46,89.44,-0.58,-1.28,0.00,37.77,42.77,-0.84,-1.00,3.93,3.55,-5.39,-0.92,-2.56,224
13180,2,90.17,2.96,89.48,-0.69,-1.59,0.00,37.74,42.74,-0.80,-0.90,3.93,3.55,-5.41,-0.85,-2.52,224
13199,2,90.27,3.71,89.50,-0.77,-1.84,0.00,37.72,42.72,-0.73,-0.52,3.93,3.55,-5.43,-0.62,-2.50,224
13220,2,90.33,3.71,89.47,-0.82,-1.93,0.00,37.69,42.70,-0.78,-0.92,3.93,3.55,-5.46,-0.85,-2.53,224
13240,2,90.37,3.25,89.44,-0.89,-2.05,0.00,37.66,42.67,-1.17,-1.00,3.93,3.55,-5.49,-1.09,-2.56,224
13260,2,90.35,2.22,89.42,-0.91,-2.01,0.00,37.62,42.63,-1.19,-1.08,3.93,3.55,-5.52,-1.14,-2.58,224
13280,2,90.36,1.92,89.39,-0.93,-2.01,0.00,37.59,42.59,-1.28,-1.27,3.93,3.55,-5.56,-1.28,-2.61,224
13300,2,90.39,2.08,89.39,-0.99,-2.15,0.00,37.55,42.55,-1.29,-1.24,3.93,3.55,-5.60,-1.26,-2.61,224
13320,2,90.45,2.73,89.39,-1.05,-2.29,0.00,37.51,42.51,-1.21,-1.20,3.93,3.55,-5.64,-1.21,-2.61,224
13338,2,90.53,3.38,89.38,-1.14,-2.54,0.00,37.46,42.47,-1.34,-1.18,3.93,3.55,-5.68,-1.26,-2.62,224
13360,2,90.63,3.92,89.39,-1.24,-2.79,0.00,37.42,42.43,-1.30,-1.33,3.93,3.55,-5.72,-1.32,-2.61,224
13380,2,90.69,3.93,89.37,-1.28,-2.89,0.00,37.38,42.39,-1.51,-1.41,3.93,3.55,-5.77,-1.46,-2.63,224
13400,2,90.74,3.84,89.36,-1.35,-3.00,0.00,37.33,42.34,-1.63,-1.60,3.93,3.55,-5.81,-1.61,-2.64,224
13420,2,90.77,3.61,89.33,-1.40,-3.10,0.00,37.28,42.29,-1.84,-1.86,3.93,3.55,-5.87,-1.85,-2.67,224
13440,2,90.83,3.80,89.33,-1.49,-3.28,0.00,37.22,42.23,-1.90,-1.81,3.93,3.55,-5.92,-1.85,-2.67,224
13459,2,90.91,4.31,89.32,-1.58,-3.50,0.00,37.16,42.18,-2.01,-1.90,3.93,3.55,-5.98,-1.96,-2.68,224
13480,2,91.04,5.07,89.34,-1.69,-3.78,0.00,37.10,42.12,-2.04,-2.09,3.93,3.55,-6.04,-2.07,-2.66,224
13500,2,91.13,5.31,89.34,-1.77,-3.96,0.00,37.04,42.05,-2.12,-2.15,3.93,3.55,-6.11,-2.13,-2.66,224
13520,2,91.20,5.08,89.32,-1.85,-4.11,0.00,36.97,41.98,-2.31,-2.17,3.93,3.55,-6.17,-2.24,-2.68,224
13540,2,91.26,4.89,89.30,-1.92,-4.24,0.00,36.90,41.91,-2.46,-2.50,3.93,3.55,-6.24,-2.48,-2.70,224
13560,2,91.34,4.97,89.30,-2.01,-4.42,0.00,36.82,41.83,-2.62,-2.66,3.93,3.55,-6.32,-2.64,-2.70,224
13580,2,91.47,5.82,89.32,-2.14,-4.72,0.00,36.74,41.75,-2.69,-2.63,3.93,3.55,-6.40,-2.66,-2.68,224
13599,2,91.63,6.90,89.34,-2.26,-5.05,0.00,36.66,41.67,-2.73,-2.80,3.93,3.55,-6.49,-2.76,-2.66,224
13620,2,91.78,7.46,89.36,-2.40,-5.39,0.00,36.57,41.58,-2.81,-2.94,3.93,3.55,-6.57,-2.88,-2.64,224
13640,2,91.90,7.45,89.36,-2.51,-5.61,0.00,36.48,41.50,-3.08,-3.08,3.93,3.55,-6.66,-3.08,-2.64,224
13660,2,92.00,7.26,89.36,-2.62,-5.82,0.00,36.39,41.40,-3.31,-3.37,3.93,3.55,-6.76,-3.34,-2.64,224
13680,2,92.13,6.82,89.37,-2.74,-6.03,0.00,36.28,41.29,-3.54,-3.59,3.93,3.55,-6.86,-3.56,-2.63,224
13700,2,92.15,3.06,89.33,-2.79,-5.93,0.00,36.17,41.18,-3.68,-3.66,3.93,3.55,-6.97,-3.67,-2.67,224
13718,2,91.91,-3.87,89.25,-2.58,-4.86,0.00,36.06,41.07,-4.00,-3.87,3.93,3.55,-7.09,-3.93,-2.75,224
13740,2,91.16,-15.61,89.17,-1.92,-2.58,0.00,35.93,40.95,-3.92,-4.00,3.93,3.55,-7.21,-3.96,-2.83,224
13760,2,90.48,-23.08,89.09,-1.31,-0.78,0.00,35.82,40.83,-3.52,-3.60,3.93,3.55,-7.32,-3.56,-2.91,224
13780,2,89.89,-26.80,89.01,-0.94,0.22,0.00,35.72,40.73,-3.02,-3.13,3.93,3.55,-7.43,-3.07,-2.99,224
13800,2,89.68,-24.74,88.93,-0.68,0.70,0.00,35.65,40.65,-2.09,-2.19,3.93,3.55,-7.50,-2.14,-3.07,224
13820,2,89.59,-22.30,88.85,-0.71,0.39,0.00,35.60,40.61,-0.74,-0.40,3.93,3.55,-7.54,-0.57,-3.15,224
13839,2,89.30,-23.39,88.77,-0.45,0.97,0.00,35.60,40.61,-0.01,0.11,3.93,3.55,-7.55,0.05,-3.23,224
13860,2,88.50,-28.14,88.69,0.09,2.36,0.00,35.60,40.61,0.00,-0.00,3.93,3.55,-7.55,-0.00,-3.31,224
13880,2,87.85,-30.97,88.61,0.83,4.14,0.00,35.60,40.61,0.13,0.09,3.93,3.55,-7.55,0.11,-3.39,224
13900,2,87.26,-32.67,88.67,1.21,5.00,0.00,35.61,40.62,0.56,0.59,3.93,3.55,-7.54,0.57,-3.33,224
13920,2,86.85,-31.34,88.75,1.73,6.00,0.00,35.64,40.65,1.20,1.38,3.93,3.55,-7.51,1.29,-3.25,224
13940,2,86.60,-27.22,88.83,2.09,6.44,0.00,35.70,40.71,2.36,2.45,3.93,3.55,-7.45,2.40,-3.17,224
13960,2,86.44,-22.14,88.91,2.36,6.59,0.00,35.79,40.80,3.35,3.27,3.93,3.55,-7.36,3.31,-3.09,224
13979,2,86.33,-17.55,88.99,2.56,6.60,0.00,35.90,40.90,3.86,3.87,3.93,3.55,-7.25,3.87,-3.01,224
14000,2,86.23,-14.13,89.07,2.73,6.66,0.00,36.02,41.02,3.99,4.06,3.93,3.55,-7.13,4.03,-2.93,224
14020,2,86.15,-11.47,89.15,2.90,6.76,0.00,36.14,41.15,4.15,4.16,3.93,3.55,-7.01,4.15,-2.85,224
14040,2,86.04,-10.06,89.23,3.08,6.99,0.00,36.27,41.28,4.27,4.28,3.93,3.55,-6.88,4.27,-2.77,224
14060,2,85.89,-9.44,89.31,3.30,7.36,0.00,36.40,41.41,4.31,4.30,3.93,3.55,-6.75,4.31,-2.69,224
14080,2,85.80,-8.30,89.39,3.49,7.68,0.00,36.53,41.54,4.39,4.29,3.93,3.55,-6.62,4.34,-2.61,224
14098,2,85.75,-7.33,89.47,3.64,7.87,0.00,36.67,41.67,4.64,4.63,3.93,3.55,-6.48,4.63,-2.53,224
14120,2,85.72,-5.43,89.55,3.75,7.94,0.00,36.81,41.82,4.91,4.84,3.93,3.55,-6.34,4.88,-2.45,224
14140,2,85.74,-3.69,89.63,3.82,7.97,0.00,36.96,41.96,5.01,5.04,3.93,3.55,-6.19,5.03,-2.37,224
14160,2,85.73,-2.90,89.71,3.89,8.01,0.00,37.11,42.12,5.15,5.28,3.93,3.55,-6.03,5.21,-2.29,224
14180,2,85.67,-3.11,89.79,4.02,8.28,0.00,37.27,42.28,5.26,5.26,3.93,3.55,-5.88,5.26,-2.21,224
14200,2,85.57,-3.99,89.87,4.19,8.67,0.00,37.43,42.44,5.25,5.22,3.93,3.55,-5.72,5.24,-2.13,224
14220,2,85.42,-5.22,89.95,4.41,9.22,0.00,37.59,42.60,5.23,5.33,3.93,3.55,-5.56,5.28,-2.05,224
14239,2,85.34,-5.39,90.03,4.61,9.65,0.00,37.76,42.76,5.33,5.45,3.93,3.55,-5.39,5.39,-1.97,224
14260,2,85.38,-3.17,90.11,4.67,9.64,0.00,37.93,42.93,5.78,5.74,3.93,3.55,-5.22,5.76,-1.89,224
14280,2,85.45,-1.71,90.19,4.67,9.50,0.00,38.11,43.11,6.05,6.02,3.93,3.55,-5.04,6.03,-1.81,224
14300,2,85.47,-1.20,90.27,4.72,9.52,0.00,38.30,43.29,6.29,6.28,3.93,3.55,-4.86,6.28,-1.73,224
14320,2,85.43,-1.56,90.35,4.83,9.77,0.00,38.49,43.49,6.30,6.45,3.93,3.55,-4.66,6.37,-1.65,224
14340,2,85.31,-3.35,90.43,5.01,10.25,0.00,38.68,43.68,6.23,6.24,3.93,3.55,-4.47,6.24,-1.57,224
14359,2,85.21,-4.44,90.51,5.22,10.80,0.00,38.87,43.87,6.18,6.29,3.93,3.55,-4.28,6.24,-1.49,224
14380,2,85.09,-5.02,90.59,5.40,11.20,0.00,39.06,44.06,6.36,6.38,3.93,3.55,-4.09,6.37,-1.41,224
14400,2,85.06,-4.28,90.67,5.53,11.41,0.00,39.26,44.26,6.82,6.77,3.93,3.55,-3.89,6.80,-1.33,224
14420,2,85.11,-2.83,90.75,5.58,11.42,0.00,39.47,44.47,7.20,7.04,3.93,3.55,-3.68,7.12,-1.25,224
14442,2,85.20,-1.58,90.83,5.55,11.23,0.00,39.70,44.70,7.41,7.38,3.93,3.55,-3.46,7.40,-1.17,224
14458,2,85.14,-2.12,90.91,5.69,11.54,0.00,39.92,44.92,7.42,7.50,3.93,3.55,-3.23,7.46,-1.09,224
14480,2,85.00,-3.73,90.99,5.87,12.01,0.00,40.21,45.15,7.42,7.51,3.93,3.55,-2.97,7.47,-1.01,224
14500,2,84.85,-5.26,91.07,6.11,12.62,0.00,40.37,45.37,7.40,7.45,3.93,3.55,-2.78,7.42,-0.93,224
14520,2,84.72,-5.73,91.15,6.31,13.08,0.00,40.60,45.60,7.61,7.60,3.93,3.55,-2.55,7.61,-0.85,224
14540,2,84.75,-4.24,91.23,6.40,13.18,0.00,40.84,45.83,7.88,8.00,3.93,3.55,-2.32,7.94,-0.77,224
14560,2,84.79,-2.77,91.31,6.45,13.15,0.00,41.08,46.09,8.33,8.32,3.93,3.55,-2.07,8.32,-0.69,224
14580,2,84.80,-2.21,91.39,6.51,13.19,0.00,41.34,46.34,8.66,8.59,3.93,3.55,-1.81,8.62,-0.61,224
14600,2,84.72,-2.98,91.47,6.67,13.57,0.00,41.60,46.60,8.68,8.62,3.93,3.55,-1.55,8.65,-0.53,224
14618,2,84.60,-4.36,91.55,6.87,14.08,0.00,41.87,46.87,8.62,8.56,3.93,3.55,-1.28,8.59,-0.45,224
14640,2,84.39,-6.15,91.63,7.16,14.82,0.00,42.13,47.13,8.71,8.79,3.93,3.55,-1.02,8.75,-0.37,224
14660,2,84.29,-6.20,91.71,7.32,15.14,0.00,42.39,47.39,8.84,8.92,3.93,3.55,-0.76,8.88,-0.29,224
14680,2,84.25,-5.03,91.79,7.45,15.34,0.00,42.67,47.67,9.39,9.28,3.93,3.55,-0.48,9.34,-0.21,224
14700,2,84.31,-3.32,91.87,7.49,15.27,0.00,42.96,47.95,9.87,9.61,3.93,3.55,-0.20,9.74,-0.13,224
14720,2,84.35,-2.51,91.95,7.52,15.26,0.00,43.26,48.25,9.92,9.91,3.93,3.55,0.10,9.92,-0.05,224
14738,2,84.29,-3.12,92.00,7.66,15.58,0.00,43.56,48.55,9.93,9.96,3.93,3.55,0.41,9.94,-0.00,32
14760,2,84.11,-5.21,92.00,7.89,16.20,0.00,43.86,48.87,10.02,10.02,3.93,3.55,0.71,10.02,0.00,32
14780,2,83.87,-7.56,92.00,8.07,16.71,0.00,44.17,49.16,10.02,10.14,3.93,3.55,1.01,10.08,0.00,32
14800,2,83.72,-8.24,92.00,8.28,17.23,0.00,44.47,49.48,10.28,10.31,3.93,3.55,1.32,10.30,0.00,32
14820,2,83.60,-8.01,92.00,8.38,17.40,0.00,44.79,49.79,10.77,10.50,3.93,3.55,1.64,10.64,0.00,32
14840,2,83.49,-7.92,92.00,8.48,17.59,0.00,45.12,50.12,11.07,10.93,3.93,3.55,1.97,11.00,0.00,32
14860,2,83.30,-8.88,92.00,8.65,17.99,0.00,45.46,50.45,11.28,11.30,3.93,3.55,2.31,11.29,0.00,32
14879,2,83.12,-9.98,92.00,8.88,18.56,0.00,45.80,50.80,11.45,11.56,3.93,3.55,2.65,11.51,0.00,32
14900,2,82.81,-11.53,92.00,9.13,19.16,0.00,46.15,51.14,11.53,11.54,3.93,3.55,3.00,11.53,0.00,32
14920,2,82.57,-12.21,92.00,9.43,19.84,0.00,46.51,51.50,11.74,11.64,3.93,3.55,3.35,11.69,0.00,32
14940,2,82.40,-11.49,92.00,9.57,20.08,0.00,46.87,51.87,12.00,12.14,3.93,3.55,3.72,12.07,0.00,32
14960,2,82.29,-10.17,92.00,9.68,20.21,0.00,47.25,52.25,12.55,12.66,3.93,3.55,4.09,12.60,0.00,32
14980,2,82.25,-8.72,92.00,9.75,20.23,0.00,47.63,52.63,12.94,12.96,3.93,3.55,4.48,12.95,0.00,32
15000,2,82.06,-9.59,92.00,9.87,20.48,0.00,48.03,53.03,13.27,13.07,3.93,3.55,4.88,13.17,0.00,32
15020,2,81.72,-12.18,92.00,10.19,21.30,0.00,48.43,53.43,13.29,13.11,3.93,3.55,5.28,13.20,0.00,32
15040,2,81.27,-15.79,92.00,10.61,22.42,0.00,48.84,53.83,13.40,13.13,3.93,3.55,5.68,13.27,0.00,32
15060,2,80.86,-18.05,92.00,11.05,23.50,0.00,49.24,54.23,13.48,13.27,3.93,3.55,6.08,13.38,0.00,32
15080,2,80.62,-17.44,92.00,11.34,24.11,0.00,49.66,54.65,14.01,13.99,3.93,3.55,6.50,14.00,0.00,40
15100,2,80.41,-16.15,92.00,11.54,24.40,0.00,50.09,55.08,14.74,14.73,3.93,3.55,6.94,14.74,0.00,40
15120,2,80.26,-14.32,92.00,11.71,24.59,0.00,50.55,55.54,15.38,15.40,3.93,3.55,7.40,15.39,0.00,40
15140,2,80.11,-13.45,92.00,11.84,24.77,0.00,51.03,56.03,15.84,15.82,3.93,3.55,7.88,15.83,0.00,40
15160,2,79.76,-15.79,92.00,12.13,25.00,0.00,51.51,56.50,15.94,16.20,3.93,3.55,8.35,16.07,0.00,40
15180,2,79.23,-19.68,92.00,12.63,25.00,0.00,51.99,56.99,16.01,16.07,3.93,3.55,8.84,16.04,0.00,40
15200,2,80.34,12.06,92.00,11.66,22.36,0.00,52.48,57.47,16.11,16.03,3.93,3.55,9.32,16.07,0.00,40
15220,2,86.28,108.32,92.08,7.25,7.55,0.00,52.98,57.96,17.69,16.40,3.93,3.54,9.82,17.05,0.08,224
15240,2,91.72,150.63,92.16,1.61,-8.33,0.00,53.51,58.47,16.20,16.90,3.94,3.54,10.34,16.55,0.16,224
15258,2,92.67,133.65,92.24,-0.51,-11.72,0.00,53.94,58.94,12.06,13.47,3.93,3.55,10.79,12.77,0.24,224
15280,2,92.06,84.41,92.32,0.18,-6.39,0.00,54.19,59.19,4.89,1.79,3.93,3.55,11.04,3.34,0.32,224
15300,2,90.68,42.92,92.40,1.23,-1.79,0.00,54.16,59.17,-3.10,-2.24,3.93,3.55,11.02,-2.67,0.40,224
15320,2,89.40,13.43,92.48,3.00,4.93,0.00,54.04,59.05,-4.74,-4.94,3.93,3.55,10.89,-4.84,0.48,224
15340,2,89.54,11.73,92.56,3.08,5.31,0.00,53.89,58.90,-4.38,-4.42,3.93,3.55,10.74,-4.40,0.56,224
15360,2,91.19,32.71,92.64,1.88,1.64,0.00,53.83,58.83,0.13,-0.12,3.93,3.55,10.68,0.00,0.64,224
15378,2,93.00,52.85,92.72,-0.36,-4.94,0.00,53.88,58.88,2.97,2.88,3.93,3.55,10.73,2.93,0.72,224
15401,2,95.57,70.37,92.80,-2.85,-11.33,0.00,53.99,58.99,3.49,3.45,3.93,3.55,10.84,3.47,0.80,224
15419,2,95.66,57.56,92.88,-2.86,-10.33,0.00,54.06,59.06,0.44,0.56,3.93,3.55,10.90,0.50,0.88,224
15440,2,94.64,24.32,92.96,-2.09,-6.74,0.00,54.01,59.01,-3.34,-3.33,3.93,3.55,10.85,-3.34,0.96,224
15460,2,93.14,-2.99,93.04,-0.55,-1.35,0.00,53.85,58.86,-6.05,-5.94,3.93,3.55,10.70,-6.00,1.04,224
15480,2,92.38,-11.93,93.12,0.56,2.03,0.00,53.66,58.67,-6.54,-6.44,3.93,3.55,10.51,-6.49,1.12,224
15500,2,93.14,2.78,93.20,0.27,0.71,0.00,53.49,58.49,-4.12,-4.49,3.93,3.55,10.34,-4.31,1.20,240
15520,2,94.80,27.19,93.28,-1.06,-3.69,0.00,53.43,58.43,-0.08,-0.06,3.93,3.55,10.28,-0.07,1.28,224
15540,2,96.82,49.01,93.36,-3.07,-9.72,0.00,53.46,58.46,1.47,1.33,3.93,3.55,10.31,1.40,1.36,224
15560,2,97.86,50.65,93.36,-4.33,-12.80,0.00,53.48,58.48,-0.33,-0.11,3.93,3.55,10.33,-0.22,1.36,224
15580,2,97.52,32.47,93.34,-4.30,-11.58,0.00,53.43,58.44,-2.81,-2.78,3.93,3.55,10.28,-2.79,1.34,224
15600,2,96.47,9.33,93.42,-3.44,-8.10,0.00,53.29,58.30,-6.13,-6.14,3.93,3.55,10.14,-6.14,1.42,224
15620,2,95.42,-7.08,93.50,-2.23,-4.16,0.00,53.06,58.07,-8.02,-8.06,3.93,3.55,9.92,-8.04,1.50,224
15639,2,95.17,-8.14,93.58,-1.67,-2.70,0.00,52.82,57.82,-7.68,-7.65,3.93,3.55,9.67,-7.67,1.58,224
15660,2,96.59,15.67,93.50,-2.61,-6.01,0.00,52.63,57.63,-5.02,-5.20,3.93,3.55,9.48,-5.11,1.50,224
15680,2,98.54,40.27,93.42,-4.52,-11.78,0.00,52.53,57.53,-2.42,-2.39,3.93,3.55,9.37,-2.40,1.42,224
15700,2,100.06,51.78,93.34,-6.32,-16.65,0.00,52.47,57.47,-1.65,-1.52,3.93,3.55,9.32,-1.58,1.34,224
15720,2,100.54,44.88,93.26,-7.20,-18.00,0.00,52.38,57.39,-4.30,-4.18,3.93,3.55,9.23,-4.24,1.26,224
15740,2,99.62,20.39,93.18,-6.63,-15.38,0.00,52.19,57.19,-7.99,-8.08,3.93,3.55,9.04,-8.04,1.18,224
15759,2,98.65,2.73,93.10,-5.47,-11.16,0.00,51.89,56.89,-11.02,-11.06,3.93,3.55,8.74,-11.04,1.10,224
15780,2,97.35,-14.17,93.02,-4.46,-7.96,0.00,51.54,56.55,-11.75,-11.78,3.93,3.55,8.39,-11.77,1.02,224
15800,2,97.85,-1.53,92.94,-4.56,-8.59,0.00,51.21,56.21,-10.12,-10.19,3.93,3.55,8.06,-10.15,0.94,224
15820,2,99.56,24.63,92.86,-6.15,-13.74,0.00,50.96,55.95,-6.86,-7.00,3.93,3.55,7.80,-6.93,0.86,224
15840,2,101.60,48.05,92.78,-8.25,-19.94,0.00,50.78,55.78,-5.06,-4.84,3.93,3.55,7.63,-4.95,0.78,224
15860,2,102.87,54.07,92.70,-9.84,-23.97,0.00,50.63,55.63,-5.97,-5.80,3.93,3.55,7.48,-5.88,0.70,232
15880,2,102.78,38.93,92.62,-10.21,-23.94,0.00,50.39,55.40,-9.56,-9.30,3.93,3.55,7.25,-9.43,0.62,232
15899,2,102.03,20.81,92.54,-9.41,-20.49,0.00,50.04,55.05,-13.11,-13.17,3.93,3.55,6.89,-13.14,0.54,224
15920,2,100.48,-5.22,92.46,-8.25,-16.43,0.00,49.59,54.61,-15.56,-15.64,3.93,3.55,6.45,-15.60,0.46,224
15940,2,99.94,-10.13,92.38,-7.57,-14.33,0.00,49.12,54.13,-15.67,-15.46,3.93,3.55,5.97,-15.56,0.38,224
15960,2,100.70,5.24,92.30,-8.01,-16.01,0.00,48.68,53.69,-13.51,-13.43,3.93,3.55,5.53,-13.47,0.30,224
15980,2,102.82,35.60,92.22,-9.95,-22.18,0.00,48.33,53.34,-10.31,-10.28,3.93,3.55,5.18,-10.29,0.22,224
16000,2,104.96,57.98,92.14,-12.23,-25.00,0.00,48.04,53.05,-8.88,-8.87,3.93,3.55,4.89,-8.88,0.14,232
16018,2,105.83,59.58,92.06,-13.69,-25.00,0.00,47.75,52.76,-10.96,-10.76,3.93,3.55,4.60,-10.86,0.06,232
16040,2,106.46,50.41,92.00,-14.40,-25.00,0.00,47.35,52.36,-14.78,-14.75,3.93,3.55,4.20,-14.77,-0.00,40
16060,2,106.67,41.39,92.00,-14.61,-25.00,0.00,46.87,51.88,-16.59,-16.76,3.93,3.55,3.73,-16.68,-0.00,40
16080,2,107.27,40.46,92.00,-15.09,-25.00,0.00,46.36,51.36,-16.79,-16.79,3.93,3.55,3.21,-16.79,-0.00,40
16100,2,108.40,47.74,92.00,-16.10,-25.00,0.00,45.86,50.87,-16.38,-16.12,3.93,3.55,2.71,-16.25,-0.00,40
16120,2,109.98,59.96,92.00,-17.55,-25.00,0.00,45.37,50.38,-15.96,-15.95,3.93,3.55,2.23,-15.95,-0.00,40
16140,2,111.92,73.42,92.00,-19.42,-25.00,0.00,44.89,49.89,-15.97,-16.13,3.93,3.55,1.74,-16.05,-0.00,40
16159,2,113.62,84.87,92.00,-21.62,-25.00,0.00,44.40,49.41,-16.20,-16.25,3.93,3.55,1.25,-16.22,-0.00,40
16180,2,116.87,104.99,92.00,-24.18,-25.00,0.00,43.91,48.92,-16.24,-16.32,3.93,3.55,0.76,-16.28,-0.00,40
16200,2,120.13,125.64,92.00,-27.26,-25.00,0.00,43.41,48.42,-16.42,-16.16,3.93,3.55,0.27,-16.29,-0.00,40
16220,2,123.96,148.78,92.00,-30.97,-25.00,0.00,42.91,47.93,-16.27,-16.36,3.93,3.55,-0.23,-16.31,-0.00,40
16240,2,125.75,123.28,92.00,-33.61,-25.00,0.00,42.42,47.42,-16.46,-16.50,3.93,3.55,-0.73,-16.48,-0.00,40
16260,2,121.33,53.31,92.00,-31.12,-25.00,0.00,41.91,46.93,-17.54,-16.92,3.93,3.55,-1.23,-17.23,-0.00,40
16279,2,118.82,17.01,92.00,-26.82,-25.00,0.00,41.39,46.41,-16.40,-16.41,3.93,3.55,-1.75,-16.40,-0.00,40
16300,2,116.12,-33.80,92.00,-24.76,-25.00,0.00,40.92,45.94,-14.86,-15.38,3.93,3.55,-2.22,-15.12,-0.00,40
16320,2,113.06,-70.65,92.00,-21.06,-25.00,0.00,40.46,45.47,-15.66,-15.59,3.93,3.55,-2.69,-15.63,-0.00,40
16340,2,109.47,-104.44,92.00,-18.37,-25.00,0.00,39.97,44.97,-16.57,-16.49,3.93,3.55,-3.18,-16.53,-0.00,40
16360,2,105.73,-131.99,92.00,-14.68,-19.30,0.00,39.46,44.46,-16.92,-16.95,3.93,3.55,-3.69,-16.94,-0.00,32
16380,2,101.85,-152.71,92.00,-10.81,-9.76,0.00,38.95,43.96,-16.75,-16.97,3.93,3.55,-4.20,-16.86,-0.00,32
16399,2,98.62,-160.39,91.92,-7.35,-1.91,0.00,38.44,43.45,-16.35,-16.55,3.93,3.55,-4.71,-16.45,-0.08,224
16420,2,97.30,-142.13,91.84,-5.64,0.51,0.00,37.99,42.99,-13.42,-13.31,3.93,3.55,-5.16,-13.37,-0.16,224
16442,2,96.76,-116.57,91.76,-4.92,-0.51,0.00,37.68,42.70,-6.87,-6.61,3.93,3.55,-5.46,-6.74,-0.24,224
16459,2,97.86,-79.64,91.68,-6.10,-5.83,0.00,37.57,42.58,-1.72,-2.35,3.93,3.55,-5.57,-2.03,-0.32,224
16480,2,98.52,-50.27,91.60,-6.90,-9.59,0.00,37.56,42.57,-0.06,-0.01,3.93,3.55,-5.59,-0.03,-0.40,224
16500,2,97.47,-54.11,91.52,-6.21,-8.24,0.00,37.55,42.55,-1.34,-1.24,3.93,3.55,-5.60,-1.29,-0.48,224
16520,2,95.07,-76.93,91.44,-3.55,-0.95,0.00,37.45,42.47,-4.75,-3.93,3.93,3.55,-5.69,-4.34,-0.56,224
16538,2,92.96,-94.36,91.36,-1.52,4.51,0.00,37.27,42.30,-6.48,-6.20,3.93,3.55,-5.87,-6.34,-0.64,224
16560,2,90.27,-101.33,91.28,1.09,10.29,0.00,37.08,42.11,-5.62,-5.87,3.93,3.55,-6.06,-5.74,-0.72,224
16580,2,90.76,-67.98,91.20,0.72,7.54,0.00,36.98,41.98,-1.47,-2.48,3.93,3.55,-6.17,-1.98,-0.80,224
16600,2,92.06,-32.20,91.12,-0.48,2.31,0.00,37.01,42.00,3.08,2.97,3.93,3.55,-6.14,3.03,-0.88,224
16620,2,93.31,-8.20,91.04,-1.91,-2.79,0.00,37.15,42.14,5.29,5.55,3.93,3.55,-6.01,5.42,-0.96,224
16640,2,93.20,-9.43,90.96,-2.34,-4.12,0.00,37.31,42.31,4.41,4.92,3.93,3.55,-5.84,4.67,-1.04,224
16658,2,91.60,-30.85,90.88,-0.64,1.18,0.00,37.38,42.40,0.52,1.08,3.93,3.55,-5.76,0.80,-1.12,224
16680,2,88.83,-59.01,90.80,2.05,8.82,0.00,37.35,42.37,-2.02,-2.09,3.93,3.55,-5.79,-2.06,-1.20,224
16700,2,87.72,-58.17,90.72,2.93,10.67,0.00,37.28,42.30,-2.24,-2.23,3.93,3.55,-5.86,-2.23,-1.28,224
16720,2,88.05,-37.71,90.64,2.67,8.35,0.00,37.27,42.27,1.09,0.97,3.93,3.55,-5.88,1.03,-1.36,224
16740,2,89.50,-8.83,90.56,1.53,4.31,0.00,37.36,42.37,4.72,4.67,3.93,3.55,-5.79,4.70,-1.44,224
16760,2,90.88,11.61,90.48,-0.01,-0.61,0.00,37.54,42.55,6.51,6.64,3.93,3.55,-5.61,6.57,-1.52,224
16780,2,91.08,10.52,90.40,-0.64,-2.25,0.00,37.74,42.74,5.98,6.04,3.93,3.55,-5.41,6.01,-1.60,224
16799,2,90.01,-7.34,90.32,0.39,1.36,0.00,37.87,42.87,2.59,2.74,3.93,3.55,-5.28,2.67,-1.68,224
16820,2,87.70,-36.69,90.24,2.62,8.17,0.00,37.88,42.89,-0.80,-0.59,3.93,3.55,-5.27,-0.69,-1.76,224
16840,2,86.41,-44.92,90.31,3.63,10.86,0.00,37.84,42.85,-1.09,-1.32,3.93,3.55,-5.31,-1.21,-1.69,224
16860,2,86.65,-29.07,90.39,3.78,10.24,0.00,37.85,42.85,1.51,1.12,3.93,3.55,-5.30,1.31,-1.61,224
16880,2,88.00,-1.67,90.31,2.81,6.34,0.00,37.95,42.94,4.60,4.37,3.93,3.55,-5.21,4.48,-1.69,224
16900,2,89.78,24.18,90.23,0.97,0.47,0.00,38.13,43.12,6.53,6.83,3.93,3.55,-5.03,6.68,-1.77,224
16920,2,90.75,30.70,90.15,-0.39,-3.25,0.00,38.33,43.33,6.70,6.95,3.93,3.55,-4.82,6.83,-1.85,224
16940,2,90.22,14.89,90.07,-0.29,-2.17,0.00,38.50,43.50,3.82,3.82,3.93,3.55,-4.65,3.82,-1.93,224
16960,2,88.86,-9.24,89.99,0.83,1.91,0.00,38.54,43.54,-0.17,-0.41,3.93,3.55,-4.61,-0.29,-2.01,224
16980,2,87.43,-26.99,89.91,2.22,6.32,0.00,38.50,43.50,-1.63,-1.84,3.93,3.55,-4.65,-1.73,-2.09,224
17000,2,87.15,-24.18,89.99,2.79,7.67,0.00,38.46,43.46,-0.84,-1.09,3.93,3.55,-4.70,-0.96,-2.01,224
17020,2,87.93,-5.94,89.96,2.30,5.46,0.00,38.47,43.47,1.74,1.63,3.93,3.55,-4.68,1.69,-2.04,224
17040,2,89.24,14.40,89.88,1.08,1.41,0.00,38.56,43.56,3.90,3.94,3.93,3.55,-4.59,3.92,-2.12,224
17060,2,90.44,27.24,89.87,-0.29,-2.57,0.00,38.70,43.71,4.81,4.90,3.93,3.55,-4.45,4.86,-2.13,224
17080,2,90.52,20.21,89.81,-0.75,-3.39,0.00,38.84,43.84,3.68,3.76,3.93,3.55,-4.31,3.72,-2.19,224
17100,2,89.47,-0.16,89.73,0.07,-0.21,0.00,38.89,43.90,0.08,0.18,3.93,3.55,-4.26,0.13,-2.27,240
17120,2,88.37,-15.95,89.65,1.36,3.99,0.00,38.86,43.87,-1.47,-1.66,3.93,3.55,-4.29,-1.57,-2.35,224
17140,2,87.82,-18.95,89.62,1.76,5.07,0.00,38.81,43.81,-1.58,-1.78,3.93,3.55,-4.34,-1.68,-2.38,224
17160,2,88.28,-6.51,89.61,1.54,3.92,0.00,38.79,43.79,0.33,0.16,3.93,3.55,-4.36,0.25,-2.39,224
17178,2,89.01,5.72,89.57,0.60,0.75,0.00,38.83,43.83,2.22,2.20,3.93,3.55,-4.32,2.21,-2.43,224
17200,2,90.35,22.16,89.65,-0.78,-3.34,0.00,38.91,43.91,2.98,3.22,3.93,3.55,-4.24,3.10,-2.35,224
17220,2,90.75,21.22,89.73,-1.07,-3.93,0.00,39.00,44.00,2.69,2.70,3.93,3.55,-4.15,2.70,-2.27,224
17240,2,90.30,8.63,89.65,-0.74,-2.46,0.00,39.04,44.04,-0.13,-0.06,3.93,3.55,-4.11,-0.10,-2.35,224
17260,2,89.51,-5.13,89.57,-0.06,0.04,0.00,39.01,44.01,-1.68,-1.50,3.93,3.55,-4.14,-1.59,-2.43,224
17280,2,88.90,-12.20,89.49,0.54,1.97,0.00,38.95,43.95,-2.21,-2.13,3.93,3.55,-4.20,-2.17,-2.51,224
17298,2,88.87,-9.72,89.41,0.62,2.01,0.00,38.89,43.89,-1.57,-1.67,3.93,3.55,-4.26,-1.62,-2.59,224
17321,2,89.64,4.91,89.33,-0.23,-0.86,0.00,38.88,43.87,0.39,0.32,3.93,3.55,-4.28,0.35,-2.67,224
17339,2,90.30,13.25,89.41,-0.97,-2.99,0.00,38.90,43.90,1.34,1.37,3.93,3.55,-4.25,1.36,-2.59,224
17360,2,90.74,14.98,89.49,-1.33,-3.92,0.00,38.94,43.94,1.06,1.30,3.93,3.55,-4.21,1.18,-2.51,224
17380,2,90.68,9.51,89.44,-1.23,-3.35,0.00,38.95,43.95,-0.50,-0.44,3.93,3.55,-4.20,-0.47,-2.56,224
17400,2,90.36,2.34,89.36,-1.02,-2.36,0.00,38.91,43.91,-1.64,-1.60,3.93,3.55,-4.24,-1.62,-2.64,224
17420,2,90.07,-2.50,89.28,-0.78,-1.44,0.00,38.85,43.85,-2.32,-2.34,3.93,3.55,-4.30,-2.33,-2.72,224
17439,2,90.04,-2.19,89.20,-0.74,-1.27,0.00,38.78,43.78,-2.14,-2.37,3.93,3.55,-4.37,-2.25,-2.80,224
17460,2,90.42,4.05,89.22,-1.11,-2.40,0.00,38.72,43.72,-1.57,-1.67,3.93,3.55,-4.43,-1.62,-2.78,224
17480,2,91.03,11.59,89.30,-1.65,-4.08,0.00,38.69,43.69,-0.92,-0.55,3.93,3.55,-4.47,-0.74,-2.70,224
17500,2,91.43,14.21,89.38,-2.05,-5.21,0.00,38.66,43.66,-0.69,-0.71,3.93,3.55,-4.49,-0.70,-2.62,224
17520,2,91.43,10.18,89.46,-2.05,-4.92,0.00,38.63,43.63,-1.67,-1.67,3.93,3.55,-4.52,-1.67,-2.54,224
17540,2,91.21,4.41,89.38,-1.81,-4.08,0.00,38.56,43.56,-2.78,-2.78,3.93,3.55,-4.59,-2.78,-2.62,224
17559,2,91.11,2.00,89.30,-1.73,-3.62,0.00,38.46,43.46,-3.44,-3.44,3.93,3.55,-4.69,-3.44,-2.70,224
17580,2,91.22,3.16,89.22,-1.87,-3.95,0.00,38.36,43.36,-3.23,-3.26,3.93,3.55,-4.79,-3.25,-2.78,224
17600,2,91.67,9.05,89.30,-2.32,-5.22,0.00,38.27,43.27,-2.72,-2.61,3.93,3.55,-4.88,-2.67,-2.70,224
17620,2,92.21,14.31,89.38,-2.79,-6.63,0.00,38.20,43.20,-2.32,-2.08,3.93,3.55,-4.95,-2.20,-2.62,224
17640,2,92.48,14.38,89.46,-3.06,-7.29,0.00,38.12,43.13,-2.63,-2.55,3.93,3.55,-5.02,-2.59,-2.54,224
17660,2,92.45,9.70,89.54,-3.01,-6.90,0.00,38.03,43.04,-3.42,-3.55,3.93,3.55,-5.12,-3.49,-2.46,224
17679,2,92.30,2.92,89.46,-2.76,-5.76,0.00,37.91,42.91,-4.28,-4.48,3.93,3.55,-5.24,-4.38,-2.54,224
17700,2,91.78,-11.04,89.38,-2.44,-4.22,0.00,37.77,42.77,-4.86,-4.68,3.93,3.55,-5.38,-4.77,-2.62,224
17720,2,91.21,-19.79,89.30,-1.83,-2.07,0.00,37.62,42.63,-4.43,-4.46,3.93,3.55,-5.52,-4.44,-2.70,224
17740,2,90.74,-23.16,89.22,-1.55,-1.30,0.00,37.50,42.51,-3.75,-3.43,3.93,3.55,-5.65,-3.59,-2.78,224
17760,2,90.42,-23.26,89.14,-1.27,-0.66,0.00,37.40,42.42,-2.53,-2.57,3.93,3.55,-5.74,-2.55,-2.86,224
17780,2,90.21,-21.51,89.06,-1.12,-0.49,0.00,37.35,42.36,-1.36,-2.02,3.93,3.55,-5.80,-1.69,-2.94,224
17800,2,90.04,-20.10,88.98,-1.02,-0.42,0.00,37.32,42.31,-0.68,-1.09,3.93,3.55,-5.84,-0.88,-3.02,224
17819,2,89.80,-20.48,88.90,-0.82,0.00,0.00,37.29,42.29,-0.80,-0.71,3.93,3.55,-5.86,-0.76,-3.10,224
17840,2,89.35,-21.69,88.82,-0.56,0.59,0.00,37.27,42.28,-0.72,-0.23,3.93,3.55,-5.88,-0.47,-3.18,224
17860,2,88.84,-23.92,88.74,-0.14,1.60,0.00,37.25,42.27,-0.58,-0.26,3.93,3.55,-5.89,-0.42,-3.26,224
17880,2,88.44,-23.39,88.66,0.20,2.30,0.00,37.25,42.26,-0.00,-0.24,3.93,3.55,-5.90,-0.12,-3.34,224
17900,2,88.18,-20.92,88.58,0.42,2.57,0.00,37.25,42.26,0.36,0.37,3.93,3.55,-5.89,0.36,-3.42,224
17920,2,88.09,-16.85,88.50,0.49,2.33,0.00,37.27,42.28,0.98,0.77,3.93,3.55,-5.88,0.87,-3.50,224
17938,2,88.12,-13.32,88.42,0.38,1.83,0.00,37.31,42.31,1.26,1.27,3.93,3.55,-5.84,1.26,-3.58,224
17960,2,88.11,-9.65,88.38,0.31,1.38,0.00,37.35,42.36,1.46,1.74,3.93,3.55,-5.80,1.60,-3.62,224
17978,2,88.00,-9.52,88.41,0.38,1.51,0.00,37.40,42.41,1.45,1.73,3.93,3.55,-5.75,1.59,-3.59,224
18000,2,87.56,-12.76,88.49,0.85,2.73,0.00,37.44,42.45,1.06,1.24,3.93,3.55,-5.71,1.15,-3.51,224
18020,2,87.14,-15.27,88.57,1.26,3.71,0.00,37.46,42.48,0.64,0.82,3.93,3.55,-5.68,0.73,-3.43,224
18040,2,87.07,-12.11,88.65,1.52,4.11,0.00,37.49,42.50,1.03,0.79,3.93,3.55,-5.66,0.91,-3.35,224
18060,2,87.37,-4.72,88.73,1.37,3.26,0.00,37.53,42.54,1.90,1.54,3.93,3.55,-5.62,1.72,-3.27,224
18079,2,87.65,0.43,88.81,1.08,2.13,0.00,37.60,42.60,2.48,2.60,3.93,3.55,-5.55,2.54,-3.19,224
18100,2,88.06,5.65,88.73,0.82,1.24,0.00,37.68,42.69,2.47,2.75,3.93,3.55,-5.47,2.61,-3.27,224
18120,2,88.06,3.81,88.67,0.67,1.04,0.00,37.76,42.76,2.20,2.31,3.93,3.55,-5.39,2.25,-3.33,224
18140,2,87.53,-4.79,88.75,0.99,2.19,0.00,37.81,42.82,1.37,1.27,3.93,3.55,-5.34,1.32,-3.25,224
18160,2,87.12,-9.50,88.83,1.55,3.81,0.00,37.84,42.84,0.40,0.49,3.93,3.55,-5.32,0.45,-3.17,224
18180,2,87.03,-8.05,88.91,1.79,4.28,0.00,37.85,42.85,0.81,0.60,3.93,3.55,-5.30,0.71,-3.09,224
18199,2,87.24,-3.15,88.99,1.66,3.58,0.00,37.89,42.89,1.65,1.71,3.93,3.55,-5.26,1.68,-3.01,224
18220,2,87.89,6.69,88.91,1.23,2.07,0.00,37.96,42.95,2.43,2.51,3.93,3.55,-5.20,2.47,-3.09,224
18240,2,88.32,10.69,88.83,0.68,0.56,0.00,38.04,43.04,2.77,2.88,3.93,3.55,-5.11,2.83,-3.17,224
18260,2,88.39,8.66,88.75,0.42,0.07,0.00,38.12,43.12,2.43,2.59,3.93,3.55,-5.03,2.51,-3.25,224
18279,2,88.01,1.18,88.67,0.74,1.38,0.00,38.18,43.18,1.22,1.03,3.93,3.55,-4.97,1.13,-3.33,224
18300,2,87.30,-8.97,88.75,1.26,3.13,0.00,38.19,43.19,-0.08,-0.06,3.93,3.55,-4.96,-0.07,-3.25,224
18320,2,87.16,-8.46,88.83,1.59,3.91,0.00,38.19,43.19,0.40,0.28,3.93,3.55,-4.96,0.34,-3.17,224
18340,2,87.35,-3.54,88.91,1.53,3.45,0.00,38.22,43.21,1.20,1.36,3.93,3.55,-4.94,1.28,-3.09,224
18360,2,87.79,3.68,88.90,1.25,2.35,0.00,38.27,43.27,2.03,2.16,3.93,3.55,-4.88,2.09,-3.10,224
18380,2,88.25,9.21,88.82,0.76,0.88,0.00,38.34,43.34,2.51,2.56,3.93,3.55,-4.81,2.54,-3.18,224
18400,2,88.46,9.57,88.74,0.38,-0.03,0.00,38.41,43.41,2.35,2.31,3.93,3.55,-4.74,2.33,-3.26,224
18420,2,88.03,0.94,88.70,0.58,0.90,0.00,38.47,43.47,1.70,1.44,3.93,3.55,-4.68,1.57,-3.30,240
18442,2,87.51,-6.53,88.77,1.18,2.89,0.00,38.49,43.49,0.22,0.20,3.93,3.55,-4.66,0.21,-3.23,224
18458,2,87.39,-7.17,88.85,1.38,3.33,0.00,38.50,43.50,0.28,0.17,3.93,3.55,-4.66,0.23,-3.15,224
18480,2,87.50,-3.15,88.90,1.34,2.94,0.00,38.52,43.51,0.97,0.81,3.93,3.55,-4.64,0.89,-3.10,224
18500,2,87.98,4.44,88.82,1.05,1.90,0.00,38.55,43.55,1.75,1.55,3.93,3.55,-4.60,1.65,-3.18,224
18520,2,88.51,10.65,88.74,0.32,-0.22,0.00,38.61,43.61,2.16,2.34,3.93,3.55,-4.54,2.25,-3.26,224
18540,2,88.77,11.45,88.66,0.02,-0.89,0.00,38.68,43.68,2.14,2.16,3.93,3.55,-4.47,2.15,-3.34,224
18560,2,88.38,2.63,88.58,0.14,-0.15,0.00,38.73,43.73,1.13,1.16,3.93,3.55,-4.42,1.15,-3.42,240
18578,2,88.00,-3.86,88.50,0.58,1.47,0.00,38.74,43.74,-0.26,-0.30,3.93,3.55,-4.41,-0.28,-3.50,224
18600,2,87.54,-8.90,88.58,0.96,2.62,0.00,38.73,43.73,-0.26,-0.36,3.93,3.55,-4.42,-0.31,-3.42,224
18620,2,87.53,-6.67,88.66,1.06,2.71,0.00,38.73,43.73,0.23,0.25,3.93,3.55,-4.42,0.24,-3.34,224
18640,2,87.78,-1.28,88.67,0.96,2.16,0.00,38.74,43.75,0.91,0.73,3.93,3.55,-4.41,0.82,-3.33,224
18660,2,88.22,5.15,88.59,0.57,0.84,0.00,38.78,43.78,1.51,1.44,3.93,3.55,-4.37,1.48,-3.41,224
18680,2,88.63,9.55,88.51,0.06,-0.56,0.00,38.83,43.83,1.89,1.75,3.93,3.55,-4.32,1.82,-3.49,224
18700,2,88.74,8.43,88.47,-0.23,-1.17,0.00,38.89,43.88,1.46,1.50,3.93,3.55,-4.27,1.48,-3.53,224
18720,2,88.43,1.32,88.39,-0.06,-0.39,0.00,38.91,43.91,0.23,0.08,3.93,3.55,-4.24,0.16,-3.61,240
18740,2,88.08,-4.25,88.31,0.22,0.69,0.00,38.90,43.90,-0.52,-0.41,3.93,3.55,-4.25,-0.46,-3.69,224
18760,2,87.83,-6.64,88.34,0.43,1.37,0.00,38.89,43.89,-0.41,-0.32,3.93,3.55,-4.26,-0.37,-3.66,224
18780,2,87.79,-5.31,88.40,0.54,1.54,0.00,38.88,43.88,-0.04,-0.02,3.93,3.55,-4.27,-0.03,-3.60,224
18800,2,87.93,-1.82,88.40,0.52,1.27,0.00,38.89,43.89,0.42,0.46,3.93,3.55,-4.26,0.44,-3.60,224
18820,2,88.13,1.68,88.34,0.32,0.57,0.00,38.91,43.91,0.90,0.59,3.93,3.55,-4.24,0.74,-3.66,240
18838,2,88.34,4.28,88.26,0.00,-0.33,0.00,38.94,43.93,0.97,0.97,3.93,3.55,-4.22,0.97,-3.74,224
18860,2,88.46,4.61,88.31,-0.20,-0.78,0.00,38.97,43.96,0.83,0.74,3.93,3.55,-4.19,0.79,-3.69,224
18880,2,88.37,2.03,88.23,-0.06,-0.29,0.00,38.98,43.98,0.10,0.58,3.93,3.55,-4.17,0.34,-3.77,240
18900,2,88.17,-1.53,88.15,0.01,0.07,0.00,38.97,43.98,-0.32,-0.20,3.93,3.55,-4.17,-0.26,-3.85,240
18920,2,88.02,-3.36,88.11,0.14,0.54,0.00,38.96,43.97,-0.29,-0.46,3.93,3.55,-4.18,-0.38,-3.89,240
18940,2,87.99,-2.73,88.10,0.12,0.48,0.00,38.96,43.96,-0.09,-0.35,3.93,3.55,-4.19,-0.22,-3.90,240
18959,2,88.03,-1.65,88.11,0.07,0.28,0.00,38.96,43.95,0.05,0.13,3.93,3.55,-4.19,0.09,-3.89,240
18980,2,88.16,0.71,88.11,-0.03,-0.07,0.00,38.96,43.96,0.10,0.38,3.93,3.55,-4.19,0.24,-3.89,240
19000,2,88.24,1.43,88.14,-0.12,-0.35,0.00,38.97,43.97,0.18,0.42,3.93,3.55,-4.18,0.30,-3.86,240
19020,2,88.24,1.14,88.10,-0.10,-0.30,0.00,38.97,43.98,0.29,0.01,3.93,3.55,-4.17,0.15,-3.90,240
19040,2,88.22,0.48,88.07,-0.13,-0.31,0.00,38.98,43.98,-0.03,-0.13,3.93,3.55,-4.17,-0.08,-3.93,240
19060,2,88.16,-0.50,88.04,-0.11,-0.20,0.00,38.98,43.97,-0.12,-0.11,3.93,3.55,-4.18,-0.12,-3.96,240
19080,2,88.14,-0.79,88.01,-0.10,-0.13,0.00,38.97,43.97,-0.29,-0.17,3.93,3.55,-4.18,-0.23,-3.99,240
19099,2,88.17,-0.18,88.03,-0.16,-0.30,0.00,38.96,43.96,-0.15,-0.22,3.93,3.55,-4.19,-0.18,-3.97,240
19120,2,88.20,0.17,88.04,-0.16,-0.33,0.00,38.96,43.96,0.00,-0.14,3.93,3.55,-4.19,-0.07,-3.96,240
19140,2,88.21,0.24,88.02,-0.16,-0.35,0.00,38.96,43.95,-0.15,-0.20,3.93,3.55,-4.20,-0.18,-3.98,240
19160,2,88.23,0.52,88.03,-0.21,-0.45,0.00,38.95,43.95,-0.17,-0.17,3.93,3.55,-4.20,-0.17,-3.97,240
19180,2,88.25,0.55,88.01,-0.22,-0.48,0.00,38.94,43.94,-0.25,-0.12,3.93,3.55,-4.21,-0.19,-3.99,240
19200,2,88.25,0.34,88.00,-0.24,-0.51,0.00,38.93,43.94,-0.29,-0.21,3.93,3.55,-4.21,-0.25,-4.00,240
19218,2,88.24,0.07,87.98,-0.24,-0.48,0.00,38.93,43.93,-0.28,-0.31,3.93,3.55,-4.22,-0.29,-4.02,240
19241,2,88.23,-0.19,87.97,-0.25,-0.48,0.00,38.92,43.92,-0.17,-0.53,3.93,3.55,-4.23,-0.35,-4.03,240
19258,2,88.29,0.71,88.00,-0.33,-0.71,0.00,38.91,43.90,-0.15,-0.38,3.93,3.55,-4.24,-0.27,-4.00,240
19280,2,88.36,1.29,88.01,-0.36,-0.81,0.00,38.91,43.90,-0.29,-0.07,3.93,3.55,-4.25,-0.18,-3.99,240
19300,2,88.27,-0.28,87.93,-0.29,-0.58,0.00,38.89,43.89,-0.64,-0.24,3.93,3.55,-4.26,-0.44,-4.07,240
19320,2,88.23,-0.82,87.92,-0.31,-0.56,0.00,38.87,43.88,-0.40,-0.51,3.93,3.55,-4.27,-0.45,-4.08,240
19340,2,88.19,-1.01,87.89,-0.28,-0.49,0.00,38.86,43.86,-0.27,-0.64,3.93,3.55,-4.29,-0.45,-4.11,240
19359,2,88.19,-0.78,87.89,-0.30,-0.53,0.00,38.85,43.85,-0.37,-0.49,3.93,3.55,-4.30,-0.43,-4.11,240
19380,2,88.28,0.54,87.91,-0.36,-0.74,0.00,38.84,43.84,-0.62,-0.34,3.93,3.55,-4.31,-0.48,-4.09,240
19400,2,88.36,1.40,87.95,-0.43,-0.95,0.00,38.83,43.83,-0.20,-0.26,3.93,3.55,-4.32,-0.23,-4.05,240
19418,2,88.38,1.38,87.92,-0.43,-0.97,0.00,38.82,43.82,-0.30,-0.34,3.93,3.55,-4.33,-0.32,-4.08,240
19441,2,88.36,0.38,87.89,-0.44,-0.90,0.00,38.81,43.81,-0.54,-0.50,3.93,3.55,-4.34,-0.52,-4.11,240
19458,2,88.34,-0.10,87.87,-0.45,-0.89,0.00,38.79,43.79,-0.62,-0.60,3.93,3.55,-4.36,-0.61,-4.13,240
19480,2,88.31,-0.56,87.85,-0.45,-0.87,0.00,38.77,43.77,-0.68,-0.51,3.93,3.55,-4.38,-0.59,-4.15,240
19500,2,88.32,-0.46,87.84,-0.46,-0.88,0.00,38.75,43.75,-0.45,-0.76,3.93,3.55,-4.40,-0.61,-4.16,240
19520,2,88.29,-0.79,87.82,-0.46,-0.87,0.00,38.73,43.73,-0.54,-0.52,3.93,3.55,-4.42,-0.53,-4.18,240
19540,2,88.32,-0.29,87.81,-0.48,-0.93,0.00,38.72,43.71,-0.73,-0.69,3.93,3.55,-4.44,-0.71,-4.19,240
19560,2,88.35,0.21,87.84,-0.54,-1.09,0.00,38.70,43.70,-0.58,-0.36,3.93,3.55,-4.45,-0.47,-4.16,224
19580,2,88.30,-0.69,87.76,-0.47,-0.91,0.00,38.68,43.68,-0.67,-0.62,3.93,3.55,-4.47,-0.65,-4.24,240
19599,2,88.27,-1.16,87.76,-0.50,-0.91,0.00,38.66,43.66,-0.61,-0.81,3.93,3.55,-4.49,-0.71,-4.24,240
19620,2,88.26,-0.97,87.74,-0.49,-0.88,0.00,38.64,43.64,-0.60,-0.75,3.93,3.55,-4.51,-0.67,-4.26,240
19640,2,88.30,-0.10,87.78,-0.56,-1.09,0.00,38.62,43.62,-0.43,-0.53,3.93,3.55,-4.53,-0.48,-4.22,224
19660,2,88.26,-0.73,87.72,-0.50,-0.97,0.00,38.61,43.61,-0.58,-0.38,3.93,3.55,-4.55,-0.48,-4.28,240
19680,2,88.24,-1.05,87.70,-0.52,-0.95,0.00,38.58,43.59,-0.60,-0.75,3.93,3.55,-4.57,-0.68,-4.30,240
19700,2,88.25,-0.66,87.69,-0.55,-1.03,0.00,38.56,43.57,-0.86,-0.60,3.93,3.55,-4.59,-0.73,-4.31,224
19720,2,88.29,-0.02,87.72,-0.59,-1.18,0.00,38.54,43.54,-0.32,-0.82,3.93,3.55,-4.61,-0.57,-4.28,224
19739,2,88.25,-0.70,87.66,-0.55,-1.07,0.00,38.53,43.53,-0.67,-0.40,3.93,3.55,-4.62,-0.53,-4.34,224
19760,2,88.20,-1.07,87.62,-0.55,-1.00,0.00,38.51,43.51,-0.66,-0.86,3.93,3.55,-4.65,-0.76,-4.38,224
19780,2,88.19,-0.97,87.63,-0.57,-1.04,0.00,38.48,43.48,-0.91,-0.52,3.93,3.55,-4.67,-0.72,-4.37,224
19800,2,88.23,-0.07,87.63,-0.59,-1.16,0.00,38.46,43.46,-0.48,-0.86,3.93,3.55,-4.69,-0.67,-4.37,224
19820,2,88.22,-0.19,87.60,-0.59,-1.16,0.00,38.44,43.44,-0.76,-0.54,3.93,3.55,-4.71,-0.65,-4.40,224
19840,2,88.21,-0.33,87.58,-0.61,-1.20,0.00,38.42,43.42,-0.49,-1.00,3.93,3.55,-4.73,-0.75,-4.42,224
19858,2,88.17,-0.77,87.55,-0.59,-1.11,0.00,38.40,43.40,-0.85,-0.69,3.93,3.55,-4.75,-0.77,-4.45,224
19880,2,88.16,-0.77,87.54,-0.61,-1.16,0.00,38.38,43.37,-0.73,-0.83,3.93,3.55,-4.78,-0.78,-4.46,224
19900,2,88.11,-1.35,87.50,-0.59,-1.08,0.00,38.35,43.35,-0.90,-0.72,3.93,3.55,-4.80,-0.81,-4.50,224
19920,2,88.10,-1.41,87.50,-0.61,-1.11,0.00,38.33,43.33,-0.81,-0.71,3.93,3.55,-4.82,-0.76,-4.50,224
19940,2,88.13,-0.73,87.50,-0.62,-1.16,0.00,38.30,43.31,-0.58,-0.88,3.93,3.55,-4.85,-0.73,-4.50,224
19960,2,88.11,-1.03,87.48,-0.62,-1.17,0.00,38.28,43.28,-0.71,-0.56,3.93,3.55,-4.87,-0.63,-4.52,224
19980,2,88.09,-1.17,87.44,-0.61,-1.13,0.00,38.26,43.26,-0.63,-0.93,3.93,3.55,-4.89,-0.78,-4.56,224
19999,2,88.08,-1.08,87.44,-0.64,-1.19,0.00,38.24,43.24,-0.90,-0.61,3.93,3.55,-4.91,-0.76,-4.56,224
20020,2,88.09,-0.86,87.42,-0.64,-1.21,0.00,38.21,43.21,-0.66,-0.85,3.93,3.55,-4.94,-0.75,-4.58,224
20040,2,88.04,-1.42,87.38,-0.62,-1.12,0.00,38.19,43.20,-0.84,-0.71,3.93,3.55,-4.96,-0.77,-4.62,224
20060,2,88.02,-1.63,87.37,-0.64,-1.16,0.00,38.17,43.17,-0.76,-0.82,3.93,3.55,-4.98,-0.79,-4.63,224
20080,2,88.02,-1.33,87.36,-0.64,-1.17,0.00,38.14,43.14,-0.76,-0.95,3.93,3.55,-5.01,-0.85,-4.64,224
20100,2,87.99,-1.59,87.34,-0.64,-1.17,0.00,38.12,43.12,-0.81,-0.54,3.93,3.55,-5.03,-0.67,-4.66,224
20119,2,87.96,-1.67,87.30,-0.62,-1.11,0.00,38.10,43.10,-0.65,-0.89,3.93,3.55,-5.05,-0.77,-4.70,224
20140,2,87.91,-2.08,87.26,-0.62,-1.07,0.00,38.07,43.08,-1.02,-0.70,3.93,3.55,-5.08,-0.86,-4.74,224
20160,2,87.87,-2.25,87.25,-0.62,-1.07,0.00,38.05,43.05,-0.67,-0.87,3.93,3.55,-5.10,-0.77,-4.75,224
20180,2,87.78,-2.96,87.18,-0.55,-0.88,0.00,38.03,43.03,-0.79,-0.76,3.93,3.55,-5.12,-0.77,-4.82,240
20200,2,87.71,-3.35,87.16,-0.55,-0.84,0.00,38.01,43.00,-0.72,-0.68,3.93,3.55,-5.15,-0.70,-4.84,240
20219,2,87.70,-2.88,87.14,-0.54,-0.85,0.00,37.98,42.98,-0.83,-0.70,3.93,3.55,-5.17,-0.76,-4.86,240
20239,2,87.72,-1.93,87.18,-0.58,-0.99,0.00,37.96,42.97,-0.69,-0.24,3.93,3.55,-5.19,-0.46,-4.82,240
[Balance] --- End of log ---
