[Balance] --- Log dump (94452 bytes, 1036 samples) ---
t_ms,state,roll,roll_rate,setpoint,angle_err,motor_vel,vel_integ,bl_pos,br_pos,bl_vel,br_vel,arm_l,arm_r,meas_drift,meas_vel,pos_shift,flags
19,1,1.80,-0.15,0.00,0.00,0.00,0.00,20.76,25.95,0.03,0.01,3.92,3.55,0.00,0.00,0.00,0
39,1,1.81,-0.09,0.00,0.00,0.00,0.00,20.76,25.95,0.03,0.01,3.92,3.55,0.00,0.00,0.00,0
60,1,1.81,-0.07,0.00,0.00,0.00,0.00,20.76,25.95,0.03,0.01,3.93,3.56,0.00,0.00,0.00,0
79,1,1.82,0.02,0.00,0.00,0.00,0.00,20.76,25.95,0.03,0.01,3.94,3.57,0.00,0.00,0.00,0
99,1,1.86,0.36,0.00,0.00,0.00,0.00,20.76,25.95,0.03,0.01,3.95,3.58,0.00,0.00,0.00,0
119,1,1.95,1.86,0.00,0.00,0.00,0.00,20.76,25.95,0.03,0.01,3.96,3.59,0.00,0.00,0.00,0
139,1,2.05,2.92,0.00,0.00,0.00,0.00,20.76,25.95,0.03,0.02,3.97,3.60,0.00,0.00,0.00,0
160,1,2.16,3.48,0.00,0.00,0.00,0.00,20.76,25.95,-0.00,0.02,3.99,3.61,0.00,0.00,0.00,0
180,1,2.26,3.95,0.00,0.00,0.00,0.00,20.76,25.95,-0.00,0.02,4.00,3.62,0.00,0.00,0.00,0
199,1,2.39,4.64,0.00,0.00,0.00,0.00,20.76,25.95,-0.00,0.02,4.01,3.63,0.00,0.00,0.00,0
219,1,2.52,5.10,0.00,0.00,0.00,0.00,20.76,25.95,-0.00,0.02,4.03,3.64,0.00,0.00,0.00,0
239,1,2.71,6.18,0.00,0.00,0.00,0.00,20.76,25.95,-0.00,0.02,4.04,3.65,0.00,0.00,0.00,0
260,1,2.97,8.29,0.00,0.00,0.00,0.00,20.76,25.95,-0.00,0.02,4.06,3.66,0.00,0.00,0.00,0
279,1,3.37,11.84,0.00,0.00,0.00,0.00,20.76,25.95,-0.00,0.02,4.07,3.67,0.00,0.00,0.00,0
299,1,3.81,15.02,0.00,0.00,0.00,0.00,20.76,25.95,-0.00,0.01,4.08,3.68,0.00,0.00,0.00,0
319,1,4.28,17.61,0.00,0.00,0.00,0.00,20.76,25.95,0.02,0.01,4.10,3.69,0.00,0.00,0.00,0
339,1,4.73,18.93,0.00,0.00,0.00,0.00,20.76,25.95,0.02,0.01,4.11,3.70,0.00,0.00,0.00,0
360,1,5.16,19.38,0.00,0.00,0.00,0.00,20.76,25.95,0.02,0.01,4.13,3.71,0.00,0.00,0.00,0
380,1,5.58,19.86,0.00,0.00,0.00,0.00,20.76,25.95,0.02,0.01,4.14,3.73,0.00,0.00,0.00,0
399,1,6.03,20.52,0.00,0.00,0.00,0.00,20.76,25.95,0.02,0.01,4.15,3.74,0.00,0.00,0.00,0
419,1,6.47,20.97,0.00,0.00,0.00,0.00,20.76,25.95,0.02,0.01,4.17,3.75,0.00,0.00,0.00,0
439,1,6.93,21.69,0.00,0.00,0.00,0.00,20.76,25.95,0.02,0.01,4.18,3.76,0.00,0.00,0.00,0
460,1,7.40,22.31,0.00,0.00,0.00,0.00,20.76,25.95,0.02,0.04,4.20,3.78,0.00,0.00,0.00,0
479,1,7.90,22.91,0.00,0.00,0.00,0.00,20.76,25.95,-0.01,0.04,4.21,3.79,0.00,0.00,0.00,0
499,1,8.39,23.44,0.00,0.00,0.00,0.00,20.76,25.95,-0.01,0.04,4.22,3.80,0.00,0.00,0.00,0
519,1,8.89,24.04,0.00,0.00,0.00,0.00,20.76,25.95,-0.01,0.04,4.24,3.81,0.00,0.00,0.00,0
539,1,9.39,24.33,0.00,0.00,0.00,0.00,20.76,25.95,-0.01,0.04,4.25,3.83,0.00,0.00,0.00,0
560,1,9.90,24.52,0.00,0.00,0.00,0.00,20.76,25.95,-0.01,0.04,4.27,3.84,0.00,0.00,0.00,0
579,1,10.41,24.74,0.00,0.00,0.00,0.00,20.76,25.95,-0.01,0.04,4.28,3.85,0.00,0.00,0.00,0
599,1,10.92,25.02,0.00,0.00,0.00,0.00,20.76,25.95,-0.01,0.04,4.29,3.87,0.00,0.00,0.00,0
619,1,11.44,25.17,0.00,0.00,0.00,0.00,20.76,25.95,-0.01,0.02,4.31,3.88,0.00,0.00,0.00,0
639,1,11.95,25.37,0.00,0.00,0.00,0.00,20.76,25.95,0.00,0.02,4.32,3.89,0.00,0.00,0.00,0
659,1,12.47,25.56,0.00,0.00,0.00,0.00,20.76,25.95,0.00,0.02,4.33,3.91,0.00,0.00,0.00,0
679,1,12.99,25.69,0.00,0.00,0.00,0.00,20.76,25.95,0.00,0.02,4.35,3.92,0.00,0.00,0.00,0
699,1,13.51,25.85,0.00,0.00,0.00,0.00,20.76,25.95,0.00,0.02,4.36,3.93,0.00,0.00,0.00,0
719,1,14.05,26.02,0.00,0.00,0.00,0.00,20.76,25.95,0.00,0.02,4.38,3.95,0.00,0.00,0.00,0
740,1,14.58,26.25,0.00,0.00,0.00,0.00,20.76,25.95,0.00,0.02,4.39,3.96,0.00,0.00,0.00,0
760,1,15.13,26.49,0.00,0.00,0.00,0.00,20.76,25.95,0.00,0.02,4.41,3.97,0.00,0.00,0.00,0
779,1,15.67,26.72,0.00,0.00,0.00,0.00,20.76,25.95,0.00,-0.03,4.42,3.99,0.00,0.00,0.00,0
799,1,16.22,26.73,0.00,0.00,0.00,0.00,20.76,25.95,-0.05,-0.03,4.43,4.00,0.00,0.00,0.00,0
819,1,16.76,26.75,0.00,0.00,0.00,0.00,20.76,25.95,-0.05,-0.03,4.45,4.01,0.00,0.00,0.00,0
839,1,17.31,26.93,0.00,0.00,0.00,0.00,20.76,25.95,-0.05,-0.03,4.46,4.03,0.00,0.00,0.00,0
860,1,17.86,27.13,0.00,0.00,0.00,0.00,20.76,25.95,-0.05,-0.03,4.48,4.04,0.00,0.00,0.00,0
879,1,18.41,27.12,0.00,0.00,0.00,0.00,20.76,25.95,-0.05,-0.03,4.49,4.05,0.00,0.00,0.00,0
899,1,18.96,27.27,0.00,0.00,0.00,0.00,20.76,25.95,-0.05,-0.03,4.50,4.07,0.00,0.00,0.00,0
919,1,19.53,27.58,0.00,0.00,0.00,0.00,20.76,25.95,-0.05,-0.03,4.52,4.08,0.00,0.00,0.00,0
939,1,20.10,27.79,0.00,0.00,0.00,0.00,20.76,25.95,-0.05,-0.01,4.53,4.09,0.00,0.00,0.00,0
960,1,20.68,28.08,0.00,0.00,0.00,0.00,20.76,25.95,-0.02,-0.01,4.55,4.11,0.00,0.00,0.00,0
980,1,21.26,28.32,0.00,0.00,0.00,0.00,20.76,25.95,-0.02,-0.01,4.56,4.12,0.00,0.00,0.00,0
999,1,21.83,28.39,0.00,0.00,0.00,0.00,20.76,25.95,-0.02,-0.01,4.57,4.14,0.00,0.00,0.00,0
1019,1,22.41,28.54,0.00,0.00,0.00,0.00,20.76,25.95,-0.02,-0.01,4.59,4.15,0.00,0.00,0.00,0
1039,1,22.99,28.70,0.00,0.00,0.00,0.00,20.76,25.95,-0.02,-0.01,4.60,4.17,0.00,0.00,0.00,0
1060,1,23.58,28.69,0.00,0.00,0.00,0.00,20.76,25.95,-0.02,-0.01,4.62,4.18,0.00,0.00,0.00,0
1079,1,24.16,28.81,0.00,0.00,0.00,0.00,20.76,25.95,-0.02,-0.01,4.63,4.19,0.00,0.00,0.00,0
1099,1,24.74,28.88,0.00,0.00,0.00,0.00,20.76,25.95,-0.02,-0.03,4.65,4.21,0.00,0.00,0.00,0
1119,1,25.31,28.81,0.00,0.00,0.00,0.00,20.76,25.95,0.04,-0.03,4.66,4.22,0.00,0.00,0.00,0
1139,1,25.89,28.70,0.00,0.00,0.00,0.00,20.76,25.95,0.04,-0.03,4.67,4.24,0.00,0.00,0.00,0
1160,1,26.46,28.73,0.00,0.00,0.00,0.00,20.76,25.95,0.04,-0.03,4.69,4.25,0.00,0.00,0.00,0
1179,1,27.05,28.84,0.00,0.00,0.00,0.00,20.76,25.95,0.04,-0.03,4.70,4.26,0.00,0.00,0.00,0
1199,1,27.64,29.05,0.00,0.00,0.00,0.00,20.76,25.95,0.04,-0.03,4.71,4.28,0.00,0.00,0.00,0
1219,1,28.24,29.28,0.00,0.00,0.00,0.00,20.76,25.95,0.04,-0.03,4.73,4.29,0.00,0.00,0.00,0
1239,1,28.84,29.43,0.00,0.00,0.00,0.00,20.76,25.95,0.04,-0.03,4.74,4.31,0.00,0.00,0.00,0
1260,1,29.44,29.49,0.00,0.00,0.00,0.00,20.76,25.95,0.04,-0.04,4.76,4.32,0.00,0.00,0.00,0
1279,1,30.03,29.48,0.00,0.00,0.00,0.00,20.76,25.95,-0.00,-0.04,4.77,4.33,0.00,0.00,0.00,0
1299,1,30.61,29.35,0.00,0.00,0.00,0.00,20.76,25.95,-0.00,-0.04,4.79,4.35,0.00,0.00,0.00,0
1319,1,31.18,28.72,0.00,0.00,0.00,0.00,20.76,25.95,-0.00,-0.04,4.80,4.36,0.00,0.00,0.00,0
1339,1,31.72,27.93,0.00,0.00,0.00,0.00,20.76,25.95,-0.00,-0.04,4.81,4.37,0.00,0.00,0.00,0
1360,1,32.21,26.55,0.00,0.00,0.00,0.00,20.76,25.95,-0.00,-0.04,4.83,4.38,0.00,0.00,0.00,0
1379,1,32.67,25.01,0.00,0.00,0.00,0.00,20.76,25.95,-0.00,-0.04,4.84,4.39,0.00,0.00,0.00,0
1399,1,33.06,23.22,0.00,0.00,0.00,0.00,20.76,25.95,-0.00,-0.04,4.86,4.40,0.00,0.00,0.00,0
1419,1,33.44,21.79,0.00,0.00,0.00,0.00,20.76,25.95,-0.00,0.05,4.87,4.41,0.00,0.00,0.00,0
1439,1,33.82,20.95,0.00,0.00,0.00,0.00,20.76,25.95,-0.02,0.05,4.88,4.42,0.00,0.00,0.00,0
1460,1,34.20,20.55,0.00,0.00,0.00,0.00,20.76,25.95,-0.02,0.05,4.90,4.43,0.00,0.00,0.00,0
1479,1,34.62,20.75,0.00,0.00,0.00,0.00,20.76,25.95,-0.02,0.05,4.91,4.44,0.00,0.00,0.00,0
1499,1,35.05,20.76,0.00,0.00,0.00,0.00,20.76,25.95,-0.02,0.05,4.93,4.45,0.00,0.00,0.00,0
1519,1,35.47,20.72,0.00,0.00,0.00,0.00,20.76,25.95,-0.02,0.05,4.94,4.46,0.00,0.00,0.00,0
1539,1,35.89,20.62,0.00,0.00,0.00,0.00,20.76,25.95,-0.02,0.05,4.95,4.47,0.00,0.00,0.00,0
1559,1,36.30,20.39,0.00,0.00,0.00,0.00,20.76,25.95,-0.02,0.05,4.97,4.48,0.00,0.00,0.00,0
1579,1,36.69,20.03,0.00,0.00,0.00,0.00,20.76,25.95,-0.02,-0.01,4.98,4.49,0.00,0.00,0.00,0
1599,1,37.08,19.82,0.00,0.00,0.00,0.00,20.76,25.95,-0.04,-0.01,5.00,4.50,0.00,0.00,0.00,0
1619,1,37.46,19.43,0.00,0.00,0.00,0.00,20.76,25.95,-0.04,-0.01,5.01,4.51,0.00,0.00,0.00,0
1639,1,37.84,19.04,0.00,0.00,0.00,0.00,20.76,25.95,-0.04,-0.01,5.02,4.51,0.00,0.00,0.00,0
1660,1,38.20,18.77,0.00,0.00,0.00,0.00,20.76,25.95,-0.04,-0.01,5.04,4.52,0.00,0.00,0.00,0
1679,1,38.58,18.86,0.00,0.00,0.00,0.00,20.76,25.95,-0.04,-0.01,5.05,4.53,0.00,0.00,0.00,0
1699,1,38.96,18.78,0.00,0.00,0.00,0.00,20.76,25.95,-0.04,-0.01,5.07,4.54,0.00,0.00,0.00,0
1719,1,39.35,18.86,0.00,0.00,0.00,0.00,20.76,25.95,-0.04,-0.01,5.08,4.55,0.00,0.00,0.00,0
1739,1,39.73,18.76,0.00,0.00,0.00,0.00,20.76,25.95,-0.04,0.01,5.09,4.56,0.00,0.00,0.00,0
1760,1,40.11,18.69,0.00,0.00,0.00,0.00,20.76,25.95,0.02,0.01,5.11,4.57,0.00,0.00,0.00,0
1779,1,40.48,18.50,0.00,0.00,0.00,0.00,20.76,25.95,0.02,0.01,5.12,4.57,0.00,0.00,0.00,0
1799,1,40.84,18.25,0.00,0.00,0.00,0.00,20.76,25.95,0.02,0.01,5.13,4.58,0.00,0.00,0.00,0
1818,1,41.19,17.90,0.00,0.00,0.00,0.00,20.76,25.95,0.02,0.01,5.15,4.59,0.00,0.00,0.00,0
1841,1,41.55,17.72,0.00,0.00,0.00,0.00,20.76,25.95,0.02,0.01,5.16,4.60,0.00,0.00,0.00,0
1859,1,41.90,17.64,0.00,0.00,0.00,0.00,20.76,25.95,0.02,0.01,5.17,4.61,0.00,0.00,0.00,0
1880,1,42.26,17.70,0.00,0.00,0.00,0.00,20.76,25.95,0.02,0.01,5.19,4.61,0.00,0.00,0.00,0
1899,1,42.62,17.65,0.00,0.00,0.00,0.00,20.76,25.95,0.02,-0.04,5.20,4.62,0.00,0.00,0.00,0
1919,1,42.98,17.52,0.00,0.00,0.00,0.00,20.76,25.95,0.04,-0.04,5.21,4.63,0.00,0.00,0.00,0
1939,1,43.32,17.27,0.00,0.00,0.00,0.00,20.76,25.95,0.04,-0.04,5.22,4.64,0.00,0.00,0.00,0
1959,1,43.67,17.06,0.00,0.00,0.00,0.00,20.76,25.95,0.04,-0.04,5.23,4.64,0.00,0.00,0.00,0
1980,1,44.00,16.84,0.00,0.00,0.00,0.00,20.76,25.95,0.04,-0.04,5.25,4.65,0.00,0.00,0.00,0
1999,1,44.34,16.82,0.00,0.00,0.00,0.00,20.76,25.95,0.04,-0.04,5.26,4.66,0.00,0.00,0.00,0
2019,1,44.67,16.78,0.00,0.00,0.00,0.00,20.76,25.95,0.04,-0.04,5.27,4.67,0.00,0.00,0.00,0
2039,1,45.01,16.57,0.00,0.00,0.00,0.00,20.76,25.95,0.04,-0.04,5.28,4.67,0.00,0.00,0.00,0
2059,1,45.34,16.30,0.00,0.00,0.00,0.00,20.76,25.95,0.04,0.02,5.30,4.68,0.00,0.00,0.00,0
2080,1,45.66,16.14,0.00,0.00,0.00,0.00,20.76,25.95,-0.06,0.02,5.31,4.69,0.00,0.00,0.00,0
2099,1,45.98,16.01,0.00,0.00,0.00,0.00,20.76,25.95,-0.06,0.02,5.32,4.69,0.00,0.00,0.00,0
2119,1,46.31,16.06,0.00,0.00,0.00,0.00,20.76,25.95,-0.06,0.02,5.33,4.70,0.00,0.00,0.00,0
2139,1,46.64,16.04,0.00,0.00,0.00,0.00,20.76,25.95,-0.06,0.02,5.34,4.71,0.00,0.00,0.00,0
2159,1,46.97,16.08,0.00,0.00,0.00,0.00,20.76,25.95,-0.06,0.02,5.35,4.72,0.00,0.00,0.00,0
2180,1,47.30,16.03,0.00,0.00,0.00,0.00,20.76,25.95,-0.06,0.02,5.36,4.72,0.00,0.00,0.00,0
2199,1,47.63,15.92,0.00,0.00,0.00,0.00,20.76,25.95,-0.06,0.02,5.37,4.73,0.00,0.00,0.00,0
2219,1,47.95,15.74,0.00,0.00,0.00,0.00,20.76,25.95,-0.06,-0.03,5.38,4.74,0.00,0.00,0.00,0
2239,1,48.27,15.68,0.00,0.00,0.00,0.00,20.76,25.95,0.03,-0.03,5.40,4.74,0.00,0.00,0.00,0
2259,1,48.58,15.59,0.00,0.00,0.00,0.00,20.76,25.95,0.03,-0.03,5.41,4.75,0.00,0.00,0.00,0
2280,1,48.90,15.54,0.00,0.00,0.00,0.00,20.76,25.95,0.03,-0.03,5.42,4.76,0.00,0.00,0.00,0
2299,1,49.21,15.25,0.00,0.00,0.00,0.00,20.76,25.95,0.03,-0.03,5.43,4.76,0.00,0.00,0.00,0
2319,1,49.52,15.04,0.00,0.00,0.00,0.00,20.76,25.95,0.03,-0.03,5.44,4.77,0.00,0.00,0.00,0
2339,1,49.81,14.81,0.00,0.00,0.00,0.00,20.76,25.95,0.03,-0.03,5.45,4.77,0.00,0.00,0.00,0
2359,1,50.11,14.72,0.00,0.00,0.00,0.00,20.76,25.95,0.03,-0.03,5.46,4.78,0.00,0.00,0.00,0
2380,1,50.40,14.61,0.00,0.00,0.00,0.00,20.76,25.95,0.03,-0.02,5.47,4.79,0.00,0.00,0.00,0
2399,1,50.70,14.63,0.00,0.00,0.00,0.00,20.76,25.95,0.00,-0.02,5.48,4.79,0.00,0.00,0.00,0
2419,1,51.01,14.72,0.00,0.00,0.00,0.00,20.76,25.95,0.00,-0.02,5.49,4.80,0.00,0.00,0.00,0
2439,1,51.31,14.60,0.00,0.00,0.00,0.00,20.76,25.95,0.00,-0.02,5.50,4.80,0.00,0.00,0.00,0
2459,1,51.60,14.38,0.00,0.00,0.00,0.00,20.76,25.95,0.00,-0.02,5.51,4.81,0.00,0.00,0.00,0
2480,1,51.88,14.10,0.00,0.00,0.00,0.00,20.76,25.95,0.00,-0.02,5.52,4.82,0.00,0.00,0.00,0
2499,1,52.15,13.85,0.00,0.00,0.00,0.00,20.76,25.95,0.00,-0.02,5.53,4.82,0.00,0.00,0.00,0
2519,1,52.43,13.83,0.00,0.00,0.00,0.00,20.76,25.95,0.00,-0.02,5.54,4.83,0.00,0.00,0.00,0
2539,1,52.71,13.84,0.00,0.00,0.00,0.00,20.76,25.95,0.00,-0.07,5.55,4.84,0.00,0.00,0.00,0
2559,1,53.01,13.91,0.00,0.00,0.00,0.00,20.76,25.95,-0.00,-0.07,5.55,4.84,0.00,0.00,0.00,0
2579,1,53.29,13.82,0.00,0.00,0.00,0.00,20.76,25.95,-0.00,-0.07,5.56,4.85,0.00,0.00,0.00,0
2599,1,53.57,13.68,0.00,0.00,0.00,0.00,20.76,25.95,-0.00,-0.07,5.57,4.85,0.00,0.00,0.00,0
2619,1,53.84,13.40,0.00,0.00,0.00,0.00,20.76,25.95,-0.00,-0.07,5.58,4.86,0.00,0.00,0.00,0
2639,1,54.11,13.23,0.00,0.00,0.00,0.00,20.76,25.95,-0.00,-0.07,5.59,4.86,0.00,0.00,0.00,0
2659,1,54.36,13.05,0.00,0.00,0.00,0.00,20.76,25.95,-0.00,-0.07,5.60,4.87,0.00,0.00,0.00,0
2680,1,54.63,13.06,0.00,0.00,0.00,0.00,20.76,25.95,-0.00,-0.07,5.61,4.87,0.00,0.00,0.00,0
2699,1,54.91,13.20,0.00,0.00,0.00,0.00,20.76,25.95,-0.00,0.02,5.62,4.88,0.00,0.00,0.00,0
2719,1,55.18,13.35,0.00,0.00,0.00,0.00,20.76,25.95,-0.03,0.02,5.63,4.88,0.00,0.00,0.00,0
2739,1,55.47,13.43,0.00,0.00,0.00,0.00,20.76,25.95,-0.03,0.02,5.63,4.89,0.00,0.00,0.00,0
2759,1,55.76,13.33,0.00,0.00,0.00,0.00,20.76,25.95,-0.03,0.02,5.64,4.89,0.00,0.00,0.00,0
2780,1,56.02,12.80,0.00,0.00,0.00,0.00,20.76,25.95,-0.03,0.02,5.65,4.90,0.00,0.00,0.00,0
2799,1,56.23,11.81,0.00,0.00,0.00,0.00,20.76,25.95,-0.03,0.02,5.66,4.90,0.00,0.00,0.00,0
2820,1,56.42,11.04,0.00,0.00,0.00,0.00,20.76,25.95,-0.03,0.02,5.67,4.91,0.00,0.00,0.00,0
2839,1,56.62,10.89,0.00,0.00,0.00,0.00,20.76,25.95,-0.03,0.02,5.67,4.91,0.00,0.00,0.00,0
2859,1,56.84,11.15,0.00,0.00,0.00,0.00,20.76,25.95,-0.03,0.02,5.68,4.92,0.00,0.00,0.00,0
2880,1,57.12,12.05,0.00,0.00,0.00,0.00,20.76,25.95,0.04,0.02,5.69,4.92,0.00,0.00,0.00,0
2899,1,57.42,12.91,0.00,0.00,0.00,0.00,20.76,25.95,0.04,0.02,5.70,4.93,0.00,0.00,0.00,0
2919,1,57.75,13.63,0.00,0.00,0.00,0.00,20.76,25.95,0.04,0.02,5.71,4.93,0.00,0.00,0.00,0
2939,1,58.07,13.95,0.00,0.00,0.00,0.00,20.76,25.95,0.04,0.02,5.71,4.94,0.00,0.00,0.00,0
2959,1,58.36,13.56,0.00,0.00,0.00,0.00,20.76,25.95,0.04,0.02,5.72,4.94,0.00,0.00,0.00,0
2980,1,58.62,13.00,0.00,0.00,0.00,0.00,20.76,25.95,0.04,0.02,5.73,4.95,0.00,0.00,0.00,0
2999,1,58.83,11.90,0.00,0.00,0.00,0.00,20.76,25.95,0.04,0.02,5.74,4.95,0.00,0.00,0.00,0
3019,1,59.02,10.98,0.00,0.00,0.00,0.00,20.76,25.95,0.04,-0.04,5.74,4.96,0.00,0.00,0.00,0
3039,1,59.20,10.52,0.00,0.00,0.00,0.00,20.76,25.95,-0.00,-0.04,5.75,4.96,0.00,0.00,0.00,0
3059,1,59.40,10.55,0.00,0.00,0.00,0.00,20.76,25.95,-0.00,-0.04,5.76,4.97,0.00,0.00,0.00,0
3080,1,59.64,11.01,0.00,0.00,0.00,0.00,20.76,25.95,-0.00,-0.04,5.77,4.97,0.00,0.00,0.00,0
3099,1,59.89,11.54,0.00,0.00,0.00,0.00,20.76,25.95,-0.00,-0.04,5.77,4.98,0.00,0.00,0.00,0
3119,1,60.17,11.96,0.00,0.00,0.00,0.00,20.76,25.95,-0.00,-0.04,5.78,4.98,0.00,0.00,0.00,0
3139,1,60.44,12.14,0.00,0.00,0.00,0.00,20.76,25.95,-0.00,-0.04,5.79,4.98,0.00,0.00,0.00,0
3159,1,60.70,12.00,0.00,0.00,0.00,0.00,20.76,25.95,-0.00,-0.04,5.80,4.99,0.00,0.00,0.00,0
3180,1,60.93,11.67,0.00,0.00,0.00,0.00,20.76,25.95,-0.00,0.00,5.80,4.99,0.00,0.00,0.00,0
3199,1,61.15,11.19,0.00,0.00,0.00,0.00,20.76,25.95,-0.00,0.00,5.81,5.00,0.00,0.00,0.00,0
3219,1,61.36,10.78,0.00,0.00,0.00,0.00,20.76,25.95,-0.00,0.00,5.81,5.00,0.00,0.00,0.00,0
3239,1,61.56,10.33,0.00,0.00,0.00,0.00,20.76,25.95,-0.00,0.00,5.82,5.00,0.00,0.00,0.00,0
3259,1,61.75,10.03,0.00,0.00,0.00,0.00,20.76,25.95,-0.00,0.00,5.83,5.01,0.00,0.00,0.00,0
3280,1,61.95,10.00,0.00,0.00,0.00,0.00,20.76,25.95,-0.00,0.00,5.84,5.01,0.00,0.00,0.00,0
3299,1,62.15,10.00,0.00,0.00,0.00,0.00,20.76,25.95,-0.00,0.00,5.84,5.02,0.00,0.00,0.00,0
3319,1,62.37,9.99,0.00,0.00,0.00,0.00,20.76,25.95,-0.00,0.00,5.85,5.02,0.00,0.00,0.00,0
3339,1,62.57,9.91,0.00,0.00,0.00,0.00,20.76,25.95,-0.00,-0.03,5.85,5.03,0.00,0.00,0.00,0
3359,1,62.77,9.78,0.00,0.00,0.00,0.00,20.76,25.95,0.03,-0.03,5.86,5.03,0.00,0.00,0.00,0
3380,1,62.97,9.65,0.00,0.00,0.00,0.00,20.76,25.95,0.03,-0.03,5.87,5.03,0.00,0.00,0.00,0
3399,1,63.16,9.46,0.00,0.00,0.00,0.00,20.76,25.95,0.03,-0.03,5.87,5.04,0.00,0.00,0.00,0
3419,1,63.34,9.41,0.00,0.00,0.00,0.00,20.76,25.95,0.03,-0.03,5.88,5.04,0.00,0.00,0.00,0
3439,1,63.55,9.63,0.00,0.00,0.00,0.00,20.76,25.95,0.03,-0.03,5.89,5.04,0.00,0.00,0.00,0
3459,1,63.76,9.89,0.00,0.00,0.00,0.00,20.76,25.95,0.03,-0.03,5.89,5.05,0.00,0.00,0.00,0
3479,1,63.98,10.22,0.00,0.00,0.00,0.00,20.76,25.95,0.03,-0.03,5.90,5.05,0.00,0.00,0.00,0
3499,1,64.20,10.38,0.00,0.00,0.00,0.00,20.76,25.95,0.03,-0.00,5.90,5.06,0.00,0.00,0.00,0
3519,1,64.42,10.34,0.00,0.00,0.00,0.00,20.76,25.95,-0.01,-0.00,5.91,5.06,0.00,0.00,0.00,0
3539,1,64.64,10.17,0.00,0.00,0.00,0.00,20.76,25.95,-0.01,-0.00,5.92,5.06,0.00,0.00,0.00,0
3559,1,64.83,9.82,0.00,0.00,0.00,0.00,20.76,25.95,-0.01,-0.00,5.92,5.07,0.00,0.00,0.00,0
3580,1,65.02,9.42,0.00,0.00,0.00,0.00,20.76,25.95,-0.01,-0.00,5.93,5.07,0.00,0.00,0.00,0
3599,1,65.19,8.96,0.00,0.00,0.00,0.00,20.76,25.95,-0.01,-0.00,5.94,5.07,0.00,0.00,0.00,0
3619,1,65.36,8.59,0.00,0.00,0.00,0.00,20.76,25.95,-0.01,-0.00,5.94,5.08,0.00,0.00,0.00,0
3639,1,65.52,8.32,0.00,0.00,0.00,0.00,20.76,25.95,-0.01,-0.00,5.95,5.08,0.00,0.00,0.00,0
3659,1,65.67,8.08,0.00,0.00,0.00,0.00,20.76,25.95,-0.01,0.02,5.95,5.08,0.00,0.00,0.00,0
3680,1,65.83,8.06,0.00,0.00,0.00,0.00,20.76,25.95,0.02,0.02,5.96,5.09,0.00,0.00,0.00,0
3699,1,66.00,8.17,0.00,0.00,0.00,0.00,20.76,25.95,0.02,0.02,5.96,5.09,0.00,0.00,0.00,0
3719,1,66.19,8.52,0.00,0.00,0.00,0.00,20.76,25.95,0.02,0.02,5.97,5.09,0.00,0.00,0.00,0
3739,1,66.39,8.82,0.00,0.00,0.00,0.00,20.76,25.95,0.02,0.02,5.97,5.10,0.00,0.00,0.00,0
3759,1,66.59,9.16,0.00,0.00,0.00,0.00,20.76,25.95,0.02,0.02,5.98,5.10,0.00,0.00,0.00,0
3780,1,66.80,9.30,0.00,0.00,0.00,0.00,20.76,25.95,0.02,0.02,5.98,5.10,0.00,0.00,0.00,0
3799,1,67.00,9.18,0.00,0.00,0.00,0.00,20.76,25.95,0.02,0.02,5.99,5.11,0.00,0.00,0.00,0
3819,1,67.19,8.85,0.00,0.00,0.00,0.00,20.76,25.95,0.02,-0.01,5.99,5.11,0.00,0.00,0.00,0
3839,1,67.34,8.18,0.00,0.00,0.00,0.00,20.76,25.95,0.01,-0.01,6.00,5.11,0.00,0.00,0.00,0
3859,1,67.47,7.64,0.00,0.00,0.00,0.00,20.76,25.95,0.01,-0.01,6.00,5.12,0.00,0.00,0.00,0
3879,1,67.60,7.25,0.00,0.00,0.00,0.00,20.76,25.95,0.01,-0.01,6.01,5.12,0.00,0.00,0.00,0
3900,1,67.74,7.09,0.00,0.00,0.00,0.00,20.76,25.95,0.01,-0.01,6.01,5.12,0.00,0.00,0.00,0
3919,1,67.90,7.50,0.00,0.00,0.00,0.00,20.76,25.95,0.01,-0.01,6.02,5.12,0.00,0.00,0.00,0
3939,1,68.08,7.91,0.00,0.00,0.00,0.00,20.76,25.95,0.01,-0.01,6.02,5.13,0.00,0.00,0.00,0
3959,1,68.27,8.42,0.00,0.00,0.00,0.00,20.76,25.95,0.01,-0.01,6.03,5.13,0.00,0.00,0.00,0
3979,1,68.47,8.83,0.00,0.00,0.00,0.00,20.76,25.95,0.01,-0.02,6.03,5.13,0.00,0.00,0.00,0
4000,1,68.68,9.14,0.00,0.00,0.00,0.00,20.76,25.95,-0.05,-0.02,6.04,5.14,0.00,0.00,0.00,0
4020,1,68.89,9.35,0.00,0.00,0.00,0.00,20.76,25.95,-0.05,-0.02,6.04,5.14,0.00,0.00,0.00,0
4039,1,69.09,9.48,0.00,0.00,0.00,0.00,20.76,25.95,-0.05,-0.02,6.04,5.14,0.00,0.00,0.00,0
4059,1,69.29,9.47,0.00,0.00,0.00,0.00,20.76,25.95,-0.05,-0.02,6.05,5.15,0.00,0.00,0.00,0
4079,1,69.48,9.22,0.00,0.00,0.00,0.00,20.76,25.95,-0.05,-0.02,6.05,5.15,0.00,0.00,0.00,0
4100,1,69.66,8.87,0.00,0.00,0.00,0.00,20.76,25.95,-0.05,-0.02,6.06,5.15,0.00,0.00,0.00,0
4119,1,69.81,8.31,0.00,0.00,0.00,0.00,20.76,25.95,-0.05,-0.02,6.06,5.15,0.00,0.00,0.00,0
4139,1,69.95,7.74,0.00,0.00,0.00,0.00,20.76,25.95,-0.05,0.01,6.07,5.16,0.00,0.00,0.00,0
4159,1,70.08,7.20,0.00,0.00,0.00,0.00,20.76,25.95,-0.00,0.01,6.07,5.16,0.00,0.00,0.00,0
4179,1,70.21,6.81,0.00,0.00,0.00,0.00,20.76,25.95,-0.00,0.01,6.08,5.16,0.00,0.00,0.00,0
4200,1,70.33,6.48,0.00,0.00,0.00,0.00,20.76,25.95,-0.00,0.01,6.08,5.16,0.00,0.00,0.00,0
4220,1,70.45,6.28,0.00,0.00,0.00,0.00,20.76,25.95,-0.00,0.01,6.08,5.17,0.00,0.00,0.00,0
4239,1,70.58,6.27,0.00,0.00,0.00,0.00,20.76,25.95,-0.00,0.01,6.09,5.17,0.00,0.00,0.00,0
4259,1,70.71,6.34,0.00,0.00,0.00,0.00,20.76,25.95,-0.00,0.01,6.09,5.17,0.00,0.00,0.00,0
4279,1,70.87,6.72,0.00,0.00,0.00,0.00,20.76,25.95,-0.00,0.01,6.10,5.17,0.00,0.00,0.00,0
4300,1,71.02,7.00,0.00,0.00,0.00,0.00,20.76,25.95,-0.00,-0.03,6.10,5.18,0.00,0.00,0.00,0
4319,1,71.19,7.26,0.00,0.00,0.00,0.00,20.76,25.95,-0.00,-0.03,6.11,5.18,0.00,0.00,0.00,0
4339,1,71.36,7.45,0.00,0.00,0.00,0.00,20.76,25.95,-0.00,-0.03,6.11,5.18,0.00,0.00,0.00,0
4359,1,71.53,7.64,0.00,0.00,0.00,0.00,20.76,25.95,-0.00,-0.03,6.11,5.18,0.00,0.00,0.00,0
4379,1,71.70,7.69,0.00,0.00,0.00,0.00,20.76,25.95,-0.00,-0.03,6.12,5.19,0.00,0.00,0.00,0
4400,1,71.86,7.61,0.00,0.00,0.00,0.00,20.76,25.95,-0.00,-0.03,6.12,5.19,0.00,0.00,0.00,0
4419,1,72.02,7.47,0.00,0.00,0.00,0.00,20.76,25.95,-0.00,-0.03,6.12,5.19,0.00,0.00,0.00,0
4439,1,72.16,7.30,0.00,0.00,0.00,0.00,20.76,25.95,-0.00,-0.03,6.13,5.19,0.00,0.00,0.00,0
4459,1,72.31,7.08,0.00,0.00,0.00,0.00,20.76,25.95,-0.00,0.03,6.13,5.20,0.00,0.00,0.00,0
4479,1,72.44,6.80,0.00,0.00,0.00,0.00,20.76,25.95,-0.03,0.03,6.13,5.20,0.00,0.00,0.00,0
4499,1,72.57,6.52,0.00,0.00,0.00,0.00,20.76,25.95,-0.03,0.03,6.14,5.20,0.00,0.00,0.00,0
4519,1,72.70,6.28,0.00,0.00,0.00,0.00,20.76,25.95,-0.03,0.03,6.14,5.20,0.00,0.00,0.00,0
4539,1,72.81,6.03,0.00,0.00,0.00,0.00,20.76,25.95,-0.03,0.03,6.14,5.21,0.00,0.00,0.00,0
4559,1,72.93,5.86,0.00,0.00,0.00,0.00,20.76,25.95,-0.03,0.03,6.15,5.21,0.00,0.00,0.00,0
4579,1,73.04,5.73,0.00,0.00,0.00,0.00,20.76,25.95,-0.03,0.03,6.15,5.21,0.00,0.00,0.00,0
4600,1,73.15,5.62,0.00,0.00,0.00,0.00,20.76,25.95,-0.03,0.03,6.16,5.21,0.00,0.00,0.00,0
4619,1,73.27,5.53,0.00,0.00,0.00,0.00,20.76,25.95,-0.03,-0.03,6.16,5.21,0.00,0.00,0.00,0
4639,1,73.38,5.56,0.00,0.00,0.00,0.00,20.76,25.95,-0.01,-0.03,6.16,5.22,0.00,0.00,0.00,0
4659,1,73.50,5.62,0.00,0.00,0.00,0.00,20.76,25.95,-0.01,-0.03,6.17,5.22,0.00,0.00,0.00,0
4679,1,73.63,5.78,0.00,0.00,0.00,0.00,20.76,25.95,-0.01,-0.03,6.17,5.22,0.00,0.00,0.00,0
4700,1,73.76,5.95,0.00,0.00,0.00,0.00,20.76,25.95,-0.01,-0.03,6.17,5.22,0.00,0.00,0.00,0
4719,1,73.90,6.22,0.00,0.00,0.00,0.00,20.76,25.95,-0.01,-0.03,6.18,5.22,0.00,0.00,0.00,0
4739,1,74.04,6.47,0.00,0.00,0.00,0.00,20.76,25.95,-0.01,-0.03,6.18,5.23,0.00,0.00,0.00,0
4759,1,74.19,6.67,0.00,0.00,0.00,0.00,20.76,25.95,-0.01,-0.03,6.18,5.23,0.00,0.00,0.00,0
4779,1,74.34,6.76,0.00,0.00,0.00,0.00,20.76,25.95,-0.01,0.00,6.18,5.23,0.00,0.00,0.00,0
4800,1,74.49,6.75,0.00,0.00,0.00,0.00,20.76,25.95,0.02,0.00,6.19,5.23,0.00,0.00,0.00,0
4820,1,74.63,6.67,0.00,0.00,0.00,0.00,20.76,25.95,0.02,0.00,6.19,5.24,0.00,0.00,0.00,0
4839,1,74.76,6.52,0.00,0.00,0.00,0.00,20.76,25.95,0.02,0.00,6.20,5.24,0.00,0.00,0.00,0
4859,1,74.89,6.29,0.00,0.00,0.00,0.00,20.76,25.95,0.02,0.00,6.20,5.24,0.00,0.00,0.00,0
4879,1,75.01,6.04,0.00,0.00,0.00,0.00,20.76,25.95,0.02,0.00,6.20,5.24,0.00,0.00,0.00,0
4900,1,75.12,5.73,0.00,0.00,0.00,0.00,20.76,25.95,0.02,0.00,6.21,5.24,0.00,0.00,0.00,0
4919,1,75.22,5.47,0.00,0.00,0.00,0.00,20.76,25.95,0.02,0.00,6.21,5.24,0.00,0.00,0.00,0
4939,1,75.32,5.22,0.00,0.00,0.00,0.00,20.76,25.95,0.02,0.00,6.21,5.25,0.00,0.00,0.00,0
4959,1,75.42,5.02,0.00,0.00,0.00,0.00,20.76,25.95,-0.02,0.00,6.21,5.25,0.00,0.00,0.00,0
4980,1,75.51,4.88,0.00,0.00,0.00,0.00,20.76,25.95,-0.02,0.00,6.22,5.25,0.00,0.00,0.00,0
5000,1,75.61,4.91,0.00,0.00,0.00,0.00,20.76,25.95,-0.02,0.00,6.22,5.25,0.00,0.00,0.00,0
5019,1,75.71,4.99,0.00,0.00,0.00,0.00,20.76,25.95,-0.02,0.00,6.22,5.25,0.00,0.00,0.00,0
5039,1,75.83,5.06,0.00,0.00,0.00,0.00,20.76,25.95,-0.02,0.00,6.22,5.25,0.00,0.00,0.00,0
5059,1,75.94,5.12,0.00,0.00,0.00,0.00,20.76,25.95,-0.02,0.00,6.23,5.26,0.00,0.00,0.00,0
5079,1,76.05,5.14,0.00,0.00,0.00,0.00,20.76,25.95,-0.02,0.00,6.23,5.26,0.00,0.00,0.00,0
5100,1,76.17,5.11,0.00,0.00,0.00,0.00,20.76,25.95,-0.02,-0.04,6.23,5.26,0.00,0.00,0.00,0
5119,1,76.28,5.10,0.00,0.00,0.00,0.00,20.76,25.95,-0.04,-0.04,6.23,5.26,0.00,0.00,0.00,0
5139,1,76.38,5.01,0.00,0.00,0.00,0.00,20.76,25.95,-0.04,-0.04,6.24,5.26,0.00,0.00,0.00,0
5159,1,76.48,4.87,0.00,0.00,0.00,0.00,20.76,25.95,-0.04,-0.04,6.24,5.27,0.00,0.00,0.00,0
5179,1,76.57,4.79,0.00,0.00,0.00,0.00,20.76,25.95,-0.04,-0.04,6.24,5.27,0.00,0.00,0.00,0
5200,1,76.68,4.80,0.00,0.00,0.00,0.00,20.76,25.95,-0.04,-0.04,6.25,5.27,0.00,0.00,0.00,0
5220,1,76.78,4.87,0.00,0.00,0.00,0.00,20.76,25.95,-0.04,-0.04,6.25,5.27,0.00,0.00,0.00,0
5239,1,76.89,5.00,0.00,0.00,0.00,0.00,20.76,25.95,-0.04,-0.04,6.25,5.27,0.00,0.00,0.00,0
5259,1,77.00,5.16,0.00,0.00,0.00,0.00,20.76,25.95,-0.04,0.02,6.26,5.27,0.00,0.00,0.00,0
5279,1,77.12,5.30,0.00,0.00,0.00,0.00,20.76,25.95,-0.01,0.02,6.26,5.28,0.00,0.00,0.00,0
5300,1,77.24,5.39,0.00,0.00,0.00,0.00,20.76,25.95,-0.01,0.02,6.26,5.28,0.00,0.00,0.00,0
5319,1,77.37,5.50,0.00,0.00,0.00,0.00,20.76,25.95,-0.01,0.02,6.26,5.28,0.00,0.00,0.00,0
5339,1,77.48,5.50,0.00,0.00,0.00,0.00,20.76,25.95,-0.01,0.02,6.26,5.28,0.00,0.00,0.00,0
5359,1,77.60,5.31,0.00,0.00,0.00,0.00,20.76,25.95,-0.01,0.02,6.26,5.28,0.00,0.00,0.00,0
5379,1,77.70,5.01,0.00,0.00,0.00,0.00,20.76,25.95,-0.01,0.02,6.27,5.28,0.00,0.00,0.00,0
5399,1,77.79,4.66,0.00,0.00,0.00,0.00,20.76,25.95,-0.01,0.02,6.27,5.28,0.00,0.00,0.00,0
5419,1,77.87,4.33,0.00,0.00,0.00,0.00,20.76,25.95,-0.01,-0.02,6.27,5.29,0.00,0.00,0.00,0
5439,1,77.94,4.10,0.00,0.00,0.00,0.00,20.76,25.95,-0.04,-0.02,6.27,5.29,0.00,0.00,0.00,0
5459,1,78.02,3.96,0.00,0.00,0.00,0.00,20.76,25.95,-0.04,-0.02,6.28,5.29,0.00,0.00,0.00,0
5479,1,78.10,3.92,0.00,0.00,0.00,0.00,20.76,25.95,-0.04,-0.02,6.28,5.29,0.00,0.00,0.00,0
5500,1,78.18,3.91,0.00,0.00,0.00,0.00,20.76,25.95,-0.04,-0.02,6.28,5.29,0.00,0.00,0.00,0
5519,1,78.26,3.97,0.00,0.00,0.00,0.00,20.76,25.95,-0.04,-0.02,6.29,5.29,0.00,0.00,0.00,0
5539,1,78.35,4.05,0.00,0.00,0.00,0.00,20.76,25.95,-0.04,-0.02,6.29,5.29,0.00,0.00,0.00,0
5559,1,78.44,4.15,0.00,0.00,0.00,0.00,20.76,25.95,-0.04,-0.02,6.29,5.30,0.00,0.00,0.00,0
5579,1,78.54,4.25,0.00,0.00,0.00,0.00,20.76,25.95,-0.04,-0.01,6.30,5.30,0.00,0.00,0.00,0
5599,1,78.64,4.36,0.00,0.00,0.00,0.00,20.76,25.95,-0.05,-0.01,6.30,5.30,0.00,0.00,0.00,0
5619,1,78.74,4.40,0.00,0.00,0.00,0.00,20.76,25.95,-0.05,-0.01,6.30,5.30,0.00,0.00,0.00,0
5639,1,78.83,4.36,0.00,0.00,0.00,0.00,20.76,25.95,-0.05,-0.01,6.30,5.30,0.00,0.00,0.00,0
5659,1,78.92,4.28,0.00,0.00,0.00,0.00,20.76,25.95,-0.05,-0.01,6.30,5.30,0.00,0.00,0.00,0
5679,1,79.01,4.14,0.00,0.00,0.00,0.00,20.76,25.95,-0.05,-0.01,6.31,5.30,0.00,0.00,0.00,0
5700,1,79.09,4.00,0.00,0.00,0.00,0.00,20.76,25.95,-0.05,-0.01,6.31,5.31,0.00,0.00,0.00,0
5719,1,79.18,4.04,0.00,0.00,0.00,0.00,20.76,25.95,-0.05,-0.01,6.31,5.31,0.00,0.00,0.00,0
5739,1,79.26,3.99,0.00,0.00,0.00,0.00,20.76,25.95,-0.05,0.00,6.31,5.31,0.00,0.00,0.00,0
5759,1,79.34,3.97,0.00,0.00,0.00,0.00,20.76,25.95,0.02,0.00,6.31,5.31,0.00,0.00,0.00,0
5779,1,79.43,3.94,0.00,0.00,0.00,0.00,20.76,25.95,0.02,0.00,6.31,5.31,0.00,0.00,0.00,0
5800,1,79.51,4.01,0.00,0.00,0.00,0.00,20.76,25.95,0.02,0.00,6.32,5.31,0.00,0.00,0.00,0
5820,1,79.60,4.04,0.00,0.00,0.00,0.00,20.76,25.95,0.02,0.00,6.32,5.31,0.00,0.00,0.00,0
5839,1,79.69,4.02,0.00,0.00,0.00,0.00,20.76,25.95,0.02,0.00,6.32,5.31,0.00,0.00,0.00,0
5859,1,79.77,3.97,0.00,0.00,0.00,0.00,20.76,25.95,0.02,0.00,6.32,5.32,0.00,0.00,0.00,0
5879,1,79.85,3.85,0.00,0.00,0.00,0.00,20.76,25.95,0.02,0.00,6.32,5.32,0.00,0.00,0.00,0
5899,1,79.93,3.74,0.00,0.00,0.00,0.00,20.76,25.95,0.02,0.02,6.33,5.32,0.00,0.00,0.00,0
5920,1,80.01,3.77,0.00,0.00,0.00,0.00,20.76,25.95,0.02,0.02,6.33,5.32,0.00,0.00,0.00,0
5939,1,80.09,3.83,0.00,0.00,0.00,0.00,20.76,25.95,0.02,0.02,6.33,5.32,0.00,0.00,0.00,0
5959,1,80.18,3.92,0.00,0.00,0.00,0.00,20.76,25.95,0.02,0.02,6.33,5.32,0.00,0.00,0.00,0
5979,1,80.27,3.99,0.00,0.00,0.00,0.00,20.76,25.95,0.02,0.02,6.34,5.32,0.00,0.00,0.00,0
5999,1,80.35,4.00,0.00,0.00,0.00,0.00,20.76,25.95,0.02,0.02,6.34,5.32,0.00,0.00,0.00,0
6020,1,80.44,3.96,0.00,0.00,0.00,0.00,20.76,25.95,0.02,0.02,6.34,5.33,0.00,0.00,0.00,0
6039,1,80.52,3.84,0.00,0.00,0.00,0.00,20.76,25.95,0.02,0.02,6.34,5.33,0.00,0.00,0.00,0
6059,1,80.60,3.70,0.00,0.00,0.00,0.00,20.76,25.95,0.02,0.06,6.34,5.33,0.00,0.00,0.00,0
6079,1,80.67,3.49,0.00,0.00,0.00,0.00,20.76,25.95,0.04,0.06,6.35,5.33,0.00,0.00,0.00,0
6099,1,80.73,3.31,0.00,0.00,0.00,0.00,20.76,25.95,0.04,0.06,6.35,5.33,0.00,0.00,0.00,0
6120,1,80.79,3.16,0.00,0.00,0.00,0.00,20.76,25.95,0.04,0.06,6.35,5.33,0.00,0.00,0.00,0
6139,1,80.85,3.06,0.00,0.00,0.00,0.00,20.76,25.95,0.04,0.06,6.35,5.33,0.00,0.00,0.00,0
6159,1,80.91,3.04,0.00,0.00,0.00,0.00,20.76,25.95,0.04,0.06,6.35,5.33,0.00,0.00,0.00,0
6179,1,80.97,3.04,0.00,0.00,0.00,0.00,20.76,25.95,0.04,0.06,6.35,5.33,0.00,0.00,0.00,0
6199,1,81.04,3.03,0.00,0.00,0.00,0.00,20.76,25.95,0.04,0.06,6.35,5.33,0.00,0.00,0.00,0
6220,1,81.11,3.00,0.00,0.00,0.00,0.00,20.76,25.95,0.04,-0.04,6.35,5.34,0.00,0.00,0.00,0
6239,1,81.18,3.04,0.00,0.00,0.00,0.00,20.76,25.95,0.04,-0.04,6.36,5.34,0.00,0.00,0.00,0
6259,1,81.24,3.03,0.00,0.00,0.00,0.00,20.76,25.95,0.04,-0.04,6.36,5.34,0.00,0.00,0.00,0
6279,1,81.31,3.06,0.00,0.00,0.00,0.00,20.76,25.95,0.04,-0.04,6.36,5.34,0.00,0.00,0.00,0
6299,1,81.37,3.06,0.00,0.00,0.00,0.00,20.76,25.95,0.04,-0.04,6.36,5.34,0.00,0.00,0.00,0
6320,1,81.45,3.16,0.00,0.00,0.00,0.00,20.76,25.95,0.04,-0.04,6.36,5.34,0.00,0.00,0.00,0
6339,1,81.52,3.17,0.00,0.00,0.00,0.00,20.76,25.95,0.04,-0.04,6.36,5.34,0.00,0.00,0.00,0
6359,1,81.58,3.11,0.00,0.00,0.00,0.00,20.76,25.95,0.04,-0.04,6.36,5.34,0.00,0.00,0.00,0
6379,1,81.64,2.98,0.00,0.00,0.00,0.00,20.76,25.95,0.04,0.06,6.37,5.34,0.00,0.00,0.00,0
6399,1,81.70,2.85,0.00,0.00,0.00,0.00,20.76,25.95,0.04,0.06,6.37,5.34,0.00,0.00,0.00,0
6419,1,81.75,2.71,0.00,0.00,0.00,0.00,20.76,25.95,0.04,0.06,6.37,5.34,0.00,0.00,0.00,0
6439,1,81.80,2.56,0.00,0.00,0.00,0.00,20.76,25.95,0.04,0.06,6.37,5.35,0.00,0.00,0.00,0
6459,1,81.84,2.44,0.00,0.00,0.00,0.00,20.76,25.95,0.04,0.06,6.38,5.35,0.00,0.00,0.00,0
6479,1,81.90,2.52,0.00,0.00,0.00,0.00,20.76,25.95,0.04,0.06,6.38,5.35,0.00,0.00,0.00,0
6499,1,81.96,2.64,0.00,0.00,0.00,0.00,20.76,25.95,0.04,0.06,6.38,5.35,0.00,0.00,0.00,0
6519,1,82.02,2.85,0.00,0.00,0.00,0.00,20.76,25.95,0.04,0.06,6.38,5.35,0.00,0.00,0.00,0
6539,1,82.09,3.04,0.00,0.00,0.00,0.00,20.76,25.95,0.04,0.06,6.38,5.35,0.00,0.00,0.00,0
6559,1,82.18,3.27,0.00,0.00,0.00,0.00,20.76,25.95,0.05,0.06,6.39,5.35,0.00,0.00,0.00,0
6579,1,82.26,3.43,0.00,0.00,0.00,0.00,20.76,25.95,0.05,0.06,6.39,5.35,0.00,0.00,0.00,0
6599,1,82.34,3.50,0.00,0.00,0.00,0.00,20.76,25.95,0.05,0.06,6.39,5.35,0.00,0.00,0.00,0
6620,1,82.42,3.50,0.00,0.00,0.00,0.00,20.76,25.95,0.05,0.06,6.39,5.35,0.00,0.00,0.00,0
6639,1,82.49,3.37,0.00,0.00,0.00,0.00,20.76,25.95,0.05,0.06,6.39,5.36,0.00,0.00,0.00,0
6659,1,82.55,3.24,0.00,0.00,0.00,0.00,20.76,25.95,0.05,0.06,6.39,5.36,0.00,0.00,0.00,0
6679,1,82.61,3.04,0.00,0.00,0.00,0.00,20.76,25.95,0.05,0.06,6.39,5.36,0.00,0.00,0.00,0
6699,1,82.67,2.88,0.00,0.00,0.00,0.00,20.76,25.95,0.05,0.02,6.39,5.36,0.00,0.00,0.00,0
6720,1,82.72,2.71,0.00,0.00,0.00,0.00,20.76,25.95,-0.04,0.02,6.39,5.36,0.00,0.00,0.00,0
6739,1,82.77,2.55,0.00,0.00,0.00,0.00,20.76,25.95,-0.04,0.02,6.39,5.36,0.00,0.00,0.00,0
6759,1,82.82,2.47,0.00,0.00,0.00,0.00,20.76,25.95,-0.04,0.02,6.39,5.36,0.00,0.00,0.00,0
6779,1,82.88,2.45,0.00,0.00,0.00,0.00,20.76,25.95,-0.04,0.02,6.40,5.36,0.00,0.00,0.00,0
6799,1,82.93,2.48,0.00,0.00,0.00,0.00,20.76,25.95,-0.04,0.02,6.40,5.36,0.00,0.00,0.00,0
6820,1,82.99,2.55,0.00,0.00,0.00,0.00,20.76,25.95,-0.04,0.02,6.40,5.36,0.00,0.00,0.00,0
6839,1,83.05,2.64,0.00,0.00,0.00,0.00,20.76,25.95,-0.04,0.02,6.40,5.36,0.00,0.00,0.00,0
6859,1,83.11,2.75,0.00,0.00,0.00,0.00,20.76,25.95,-0.04,-0.02,6.40,5.36,0.00,0.00,0.00,0
6879,1,83.18,2.74,0.00,0.00,0.00,0.00,20.76,25.95,-0.03,-0.02,6.40,5.36,0.00,0.00,0.00,0
6899,1,83.24,2.73,0.00,0.00,0.00,0.00,20.76,25.95,-0.03,-0.02,6.40,5.37,0.00,0.00,0.00,0
6920,1,83.29,2.66,0.00,0.00,0.00,0.00,20.76,25.95,-0.03,-0.02,6.40,5.37,0.00,0.00,0.00,0
6938,1,83.34,2.59,0.00,0.00,0.00,0.00,20.76,25.95,-0.03,-0.02,6.40,5.37,0.00,0.00,0.00,0
6961,1,83.39,2.50,0.00,0.00,0.00,0.00,20.76,25.95,-0.03,-0.02,6.41,5.37,0.00,0.00,0.00,0
6981,1,83.44,2.40,0.00,0.00,0.00,0.00,20.76,25.95,-0.03,-0.02,6.41,5.37,0.00,0.00,0.00,0
6999,1,83.49,2.22,0.00,0.00,0.00,0.00,20.76,25.95,-0.03,-0.02,6.41,5.37,0.00,0.00,0.00,0
7020,1,83.53,2.05,0.00,0.00,0.00,0.00,20.76,25.95,-0.03,0.02,6.41,5.37,0.00,0.00,0.00,0
7039,1,83.56,1.90,0.00,0.00,0.00,0.00,20.76,25.95,-0.00,0.02,6.41,5.37,0.00,0.00,0.00,0
7059,1,83.60,1.80,0.00,0.00,0.00,0.00,20.76,25.95,-0.00,0.02,6.41,5.37,0.00,0.00,0.00,0
7079,1,83.63,1.76,0.00,0.00,0.00,0.00,20.76,25.95,-0.00,0.02,6.41,5.37,0.00,0.00,0.00,0
7099,1,83.67,1.77,0.00,0.00,0.00,0.00,20.76,25.95,-0.00,0.02,6.42,5.37,0.00,0.00,0.00,0
7120,1,83.72,1.88,0.00,0.00,0.00,0.00,20.76,25.95,-0.00,0.02,6.42,5.37,0.00,0.00,0.00,0
7140,1,83.77,2.01,0.00,0.00,0.00,0.00,20.76,25.95,-0.00,0.02,6.42,5.37,0.00,0.00,0.00,0
7159,1,83.82,2.16,0.00,0.00,0.00,0.00,20.76,25.95,-0.00,0.02,6.42,5.37,0.00,0.00,0.00,0
7179,1,83.87,2.35,0.00,0.00,0.00,0.00,20.76,25.95,-0.00,-0.01,6.42,5.38,0.00,0.00,0.00,0
7199,1,83.94,2.54,0.00,0.00,0.00,0.00,20.76,25.95,-0.06,-0.01,6.43,5.38,0.00,0.00,0.00,0
7220,1,84.01,2.67,0.00,0.00,0.00,0.00,20.76,25.95,-0.06,-0.01,6.43,5.38,0.00,0.00,0.00,0
7239,1,84.07,2.70,0.00,0.00,0.00,0.00,20.76,25.95,-0.06,-0.01,6.43,5.38,0.00,0.00,0.00,0
7259,1,84.13,2.65,0.00,0.00,0.00,0.00,20.76,25.95,-0.06,-0.01,6.43,5.38,0.00,0.00,0.00,0
7279,1,84.18,2.49,0.00,0.00,0.00,0.00,20.76,25.95,-0.06,-0.01,6.43,5.38,0.00,0.00,0.00,0
7299,1,84.22,2.30,0.00,0.00,0.00,0.00,20.76,25.95,-0.06,-0.01,6.43,5.38,0.00,0.00,0.00,0
7319,1,84.26,2.14,0.00,0.00,0.00,0.00,20.76,25.95,-0.06,-0.01,6.43,5.38,0.00,0.00,0.00,0
7339,1,84.30,1.99,0.00,0.00,0.00,0.00,20.76,25.95,-0.06,-0.00,6.43,5.38,0.00,0.00,0.00,0
7359,1,84.33,1.88,0.00,0.00,0.00,0.00,20.76,25.95,0.01,-0.00,6.43,5.38,0.00,0.00,0.00,0
7379,1,84.36,1.84,0.00,0.00,0.00,0.00,20.76,25.95,0.01,-0.00,6.44,5.38,0.00,0.00,0.00,0
7399,1,84.40,1.88,0.00,0.00,0.00,0.00,20.76,25.95,0.01,-0.00,6.44,5.38,0.00,0.00,0.00,0
7420,1,84.44,1.95,0.00,0.00,0.00,0.00,20.76,25.95,0.01,-0.00,6.44,5.38,0.00,0.00,0.00,0
7439,1,84.49,2.10,0.00,0.00,0.00,0.00,20.76,25.95,0.01,-0.00,6.44,5.38,0.00,0.00,0.00,0
7459,1,84.54,2.26,0.00,0.00,0.00,0.00,20.76,25.95,0.01,-0.00,6.44,5.38,0.00,0.00,0.00,0
7479,1,84.59,2.39,0.00,0.00,0.00,0.00,20.76,25.95,0.01,-0.00,6.44,5.39,0.00,0.00,0.00,0
7499,1,84.65,2.49,0.00,0.00,0.00,0.00,20.76,25.95,0.01,0.02,6.44,5.39,0.00,0.00,0.00,0
7520,1,84.71,2.48,0.00,0.00,0.00,0.00,20.76,25.95,-0.05,0.02,6.44,5.39,0.00,0.00,0.00,0
7540,1,84.77,2.43,0.00,0.00,0.00,0.00,20.76,25.95,-0.05,0.02,6.44,5.39,0.00,0.00,0.00,0
7559,1,84.82,2.35,0.00,0.00,0.00,0.00,20.76,25.95,-0.05,0.02,6.44,5.39,0.00,0.00,0.00,0
7579,1,84.87,2.24,0.00,0.00,0.00,0.00,20.76,25.95,-0.05,0.02,6.44,5.39,0.00,0.00,0.00,0
7599,1,84.91,2.06,0.00,0.00,0.00,0.00,20.76,25.95,-0.05,0.02,6.44,5.39,0.00,0.00,0.00,0
7620,1,84.94,1.86,0.00,0.00,0.00,0.00,20.76,25.95,-0.05,0.02,6.44,5.39,0.00,0.00,0.00,0
7639,1,84.98,1.78,0.00,0.00,0.00,0.00,20.76,25.95,-0.05,0.02,6.44,5.39,0.00,0.00,0.00,0
7659,1,85.01,1.72,0.00,0.00,0.00,0.00,20.76,25.95,-0.05,-0.02,6.44,5.39,0.00,0.00,0.00,0
7679,1,85.05,1.82,0.00,0.00,0.00,0.00,20.76,25.95,-0.06,-0.02,6.44,5.39,0.00,0.00,0.00,0
7699,1,85.09,1.96,0.00,0.00,0.00,0.00,20.76,25.95,-0.06,-0.02,6.44,5.39,0.00,0.00,0.00,0
7720,1,85.15,2.13,0.00,0.00,0.00,0.00,20.76,25.95,-0.06,-0.02,6.44,5.39,0.00,0.00,0.00,0
7740,1,85.20,2.23,0.00,0.00,0.00,0.00,20.76,25.95,-0.06,-0.02,6.44,5.39,0.00,0.00,0.00,0
7759,1,85.26,2.40,0.00,0.00,0.00,0.00,20.76,25.95,-0.06,-0.02,6.44,5.39,0.00,0.00,0.00,0
7779,1,85.32,2.49,0.00,0.00,0.00,0.00,20.76,25.95,-0.06,-0.02,6.45,5.40,0.00,0.00,0.00,0
7799,1,85.38,2.54,0.00,0.00,0.00,0.00,20.76,25.95,-0.06,-0.02,6.45,5.40,0.00,0.00,0.00,0
7819,1,85.43,2.50,0.00,0.00,0.00,0.00,20.76,25.95,-0.06,-0.05,6.45,5.40,0.00,0.00,0.00,0
7839,1,85.48,2.43,0.00,0.00,0.00,0.00,20.76,25.95,0.00,-0.05,6.45,5.40,0.00,0.00,0.00,0
7859,1,85.53,2.36,0.00,0.00,0.00,0.00,20.76,25.95,0.00,-0.05,6.45,5.40,0.00,0.00,0.00,0
7879,1,85.57,2.32,0.00,0.00,0.00,0.00,20.76,25.95,0.00,-0.05,6.45,5.40,0.00,0.00,0.00,0
7899,1,85.62,2.36,0.00,0.00,0.00,0.00,20.76,25.95,0.00,-0.05,6.45,5.40,0.00,0.00,0.00,0
7919,1,85.68,2.48,0.00,0.00,0.00,0.00,20.76,25.95,0.00,-0.05,6.45,5.40,0.00,0.00,0.00,0
7940,1,85.73,2.61,0.00,0.00,0.00,0.00,20.76,25.95,0.00,-0.05,6.45,5.40,0.00,0.00,0.00,0
7959,1,85.81,2.84,0.00,0.00,0.00,0.00,20.76,25.95,0.00,-0.05,6.45,5.40,0.00,0.00,0.00,0
7979,1,85.88,3.03,0.00,0.00,0.00,0.00,20.76,25.95,0.00,0.02,6.45,5.40,0.00,0.00,0.00,0
7999,1,85.96,3.21,0.00,0.00,0.00,0.00,20.76,25.95,0.01,0.02,6.45,5.40,0.00,0.00,0.00,0
8019,1,86.04,3.29,0.00,0.00,0.00,0.00,20.76,25.95,0.01,0.02,6.46,5.40,0.00,0.00,0.00,0
8040,1,86.11,3.25,0.00,0.00,0.00,0.00,20.76,25.95,0.01,0.02,6.46,5.41,0.00,0.00,0.00,0
8060,1,86.17,3.13,0.00,0.00,0.00,0.00,20.76,25.95,0.01,0.02,6.46,5.41,0.00,0.00,0.00,0
8079,1,86.23,3.00,0.00,0.00,0.00,0.00,20.76,25.95,0.01,0.02,6.46,5.41,0.00,0.00,0.00,0
8099,1,86.29,2.84,0.00,0.00,0.00,0.00,20.76,25.95,0.01,0.02,6.46,5.41,0.00,0.00,0.00,0
8119,1,86.34,2.65,0.00,0.00,0.00,0.00,20.76,25.95,0.01,0.02,6.46,5.41,0.00,0.00,0.00,0
8140,1,86.38,2.49,0.00,0.00,0.00,0.00,20.76,25.95,0.01,-0.02,6.46,5.41,0.00,0.00,0.00,0
8159,1,86.43,2.34,0.00,0.00,0.00,0.00,20.76,25.95,0.03,-0.02,6.47,5.41,0.00,0.00,0.00,0
8179,1,86.47,2.21,0.00,0.00,0.00,0.00,20.76,25.95,0.03,-0.02,6.47,5.41,0.00,0.00,0.00,0
8199,1,86.51,2.19,0.00,0.00,0.00,0.00,20.76,25.95,0.03,-0.02,6.47,5.41,0.00,0.00,0.00,0
8219,1,86.55,2.20,0.00,0.00,0.00,0.00,20.76,25.95,0.03,-0.02,6.47,5.41,0.00,0.00,0.00,0
8240,1,86.60,2.23,0.00,0.00,0.00,0.00,20.76,25.95,0.03,-0.02,6.47,5.41,0.00,0.00,0.00,0
8260,1,86.65,2.29,0.00,0.00,0.00,0.00,20.76,25.95,0.03,-0.02,6.47,5.41,0.00,0.00,0.00,0
8279,1,86.71,2.34,0.00,0.00,0.00,0.00,20.76,25.95,0.03,-0.02,6.47,5.41,0.00,0.00,0.00,0
8299,1,86.76,2.36,0.00,0.00,0.00,0.00,20.76,25.95,0.03,0.02,6.47,5.41,0.00,0.00,0.00,0
8319,1,86.81,2.41,0.00,0.00,0.00,0.00,20.76,25.95,0.07,0.02,6.48,5.42,0.00,0.00,0.00,0
8339,1,86.86,2.46,0.00,0.00,0.00,0.00,20.76,25.95,0.07,0.02,6.48,5.42,0.00,0.00,0.00,0
8359,1,86.92,2.51,0.00,0.00,0.00,0.00,20.76,25.95,0.07,0.02,6.48,5.42,0.00,0.00,0.00,0
8379,1,86.97,2.49,0.00,0.00,0.00,0.00,20.76,25.95,0.07,0.02,6.48,5.42,0.00,0.00,0.00,0
8399,1,87.02,2.40,0.00,0.00,0.00,0.00,20.76,25.95,0.07,0.02,6.48,5.42,0.00,0.00,0.00,0
8419,1,87.07,2.28,0.00,0.00,0.00,0.00,20.76,25.95,0.07,0.02,6.48,5.42,0.00,0.00,0.00,0
8440,1,87.11,2.18,0.00,0.00,0.00,0.00,20.76,25.95,0.07,0.02,6.48,5.42,0.00,0.00,0.00,0
8459,1,87.15,2.11,0.00,0.00,0.00,0.00,20.76,25.95,0.07,0.01,6.48,5.42,0.00,0.00,0.00,0
8479,1,87.19,2.02,0.00,0.00,0.00,0.00,20.76,25.95,-0.01,0.01,6.48,5.42,0.00,0.00,0.00,0
8499,1,87.23,1.94,0.00,0.00,0.00,0.00,20.76,25.95,-0.01,0.01,6.48,5.42,0.00,0.00,0.00,0
8519,1,87.27,1.90,0.00,0.00,0.00,0.00,20.76,25.95,-0.01,0.01,6.48,5.42,0.00,0.00,0.00,0
8540,1,87.31,1.89,0.00,0.00,0.00,0.00,20.76,25.95,-0.01,0.01,6.48,5.42,0.00,0.00,0.00,0
8559,1,87.35,1.95,0.00,0.00,0.00,0.00,20.76,25.95,-0.01,0.01,6.48,5.42,0.00,0.00,0.00,0
8579,1,87.40,1.94,0.00,0.00,0.00,0.00,20.76,25.95,-0.01,0.01,6.48,5.42,0.00,0.00,0.00,0
8599,1,87.43,1.85,0.00,0.00,0.00,0.00,20.76,25.95,-0.01,0.01,6.48,5.42,0.00,0.00,0.00,0
8619,1,87.47,1.80,0.00,0.00,0.00,0.00,20.76,25.95,-0.01,0.04,6.48,5.42,0.00,0.00,0.00,0
8640,1,87.51,1.76,0.00,0.00,0.00,0.00,20.76,25.95,0.02,0.04,6.48,5.42,0.00,0.00,0.00,0
8660,1,87.54,1.73,0.00,0.00,0.00,0.00,20.76,25.95,0.02,0.04,6.48,5.43,0.00,0.00,0.00,0
8679,1,87.58,1.69,0.00,0.00,0.00,0.00,20.76,25.95,0.02,0.04,6.48,5.43,0.00,0.00,0.00,0
8700,2,87.62,1.68,87.62,0.00,0.00,0.00,20.76,25.95,0.02,0.04,6.48,5.43,0.00,0.00,0.00,0
8719,2,87.66,1.74,86.59,-0.04,-0.22,-0.00,20.76,25.95,0.03,0.02,6.48,5.43,0.00,0.03,0.00,0
8740,2,87.70,1.76,86.59,-1.12,-2.37,-0.00,20.76,25.95,0.02,0.01,6.48,5.43,0.00,0.02,0.00,0
8760,2,87.59,-0.53,86.58,-1.00,-1.96,-0.00,20.76,25.95,-0.10,-0.04,6.48,5.43,-0.00,-0.07,0.00,0
8780,2,87.30,-4.35,86.58,-0.72,-1.09,-0.00,20.75,25.94,-0.61,-0.51,6.48,5.43,-0.01,-0.56,0.00,0
8800,2,86.82,-8.72,86.58,-0.24,0.21,-0.00,20.72,25.91,-1.31,-1.22,6.48,5.43,-0.04,-1.26,0.00,0
8820,2,86.56,-8.46,86.58,0.02,0.72,-0.00,20.68,25.87,-1.45,-1.35,6.48,5.43,-0.08,-1.40,0.00,0
8840,2,86.75,-2.15,86.58,-0.17,-0.17,-0.00,20.65,25.84,-0.80,-0.78,6.48,5.43,-0.11,-0.79,0.00,0
8859,2,87.23,5.64,86.58,-0.65,-1.75,-0.01,20.64,25.83,0.22,0.06,6.48,5.43,-0.12,0.14,0.00,0
8880,2,87.79,11.02,86.58,-1.21,-3.31,-0.01,20.65,25.84,0.40,0.27,6.48,5.43,-0.11,0.34,0.00,0
8900,2,88.05,10.45,86.57,-1.48,-3.79,-0.01,20.65,25.84,-0.28,-0.25,6.48,5.43,-0.11,-0.26,0.00,0
8920,2,87.66,0.96,86.57,-1.08,-2.24,-0.01,20.63,25.82,-0.98,-0.97,6.48,5.43,-0.13,-0.98,0.00,0
8940,2,87.06,-8.14,86.57,-0.48,-0.32,-0.02,20.58,25.77,-1.93,-2.07,6.48,5.43,-0.18,-2.00,0.00,0
8960,2,86.60,-11.17,86.57,-0.03,0.83,-0.02,20.52,25.70,-2.30,-2.25,6.48,5.43,-0.25,-2.28,0.00,0
8981,2,86.40,-9.51,86.56,0.17,1.10,-0.02,20.46,25.65,-1.47,-1.34,6.48,5.43,-0.30,-1.41,0.00,0
8999,2,86.98,2.02,86.56,-0.42,-1.00,-0.02,20.43,25.62,0.05,-0.49,6.48,5.43,-0.33,-0.22,0.00,0
9020,2,87.74,11.48,86.56,-1.18,-3.27,-0.03,20.44,25.62,0.45,0.44,6.48,5.43,-0.32,0.44,0.00,0
9040,2,88.11,11.86,86.55,-1.55,-4.04,-0.03,20.46,25.63,0.43,0.33,6.48,5.43,-0.31,0.38,0.00,0
9060,2,87.99,5.16,86.55,-1.44,-3.30,-0.04,20.45,25.63,-0.70,-0.55,6.48,5.43,-0.32,-0.62,0.00,0
9079,2,87.22,-7.78,86.54,-0.67,-0.72,-0.04,20.41,25.59,-1.91,-1.76,6.48,5.43,-0.36,-1.83,0.00,0
9099,2,86.50,-15.09,86.54,0.04,1.29,-0.05,20.33,25.53,-2.54,-2.39,6.48,5.43,-0.43,-2.47,0.00,0
9120,2,86.29,-12.06,86.53,0.25,1.47,-0.05,20.26,25.46,-2.01,-2.04,6.48,5.43,-0.49,-2.02,0.00,0
9140,2,86.67,-1.91,86.53,-0.14,-0.12,-0.06,20.23,25.42,-0.24,-0.86,6.48,5.42,-0.53,-0.55,0.00,0
9160,2,87.55,10.27,86.53,-1.02,-2.86,-0.06,20.24,25.43,0.65,0.58,6.48,5.42,-0.52,0.62,0.00,0
9180,2,88.18,14.96,86.52,-1.66,-4.51,-0.07,20.27,25.45,0.85,0.88,6.48,5.43,-0.50,0.87,0.00,0
9200,2,88.13,8.91,86.51,-1.60,-3.92,-0.07,20.27,25.46,-0.36,-0.30,6.48,5.43,-0.49,-0.33,0.00,0
9220,2,87.61,-2.23,86.51,-1.10,-2.02,-0.08,20.23,25.42,-1.78,-1.71,6.48,5.43,-0.53,-1.74,0.00,0
9239,2,86.76,-13.61,86.50,-0.25,0.58,-0.09,20.16,25.35,-2.67,-2.65,6.48,5.43,-0.60,-2.66,0.00,0
9260,2,86.17,-17.22,86.49,0.33,2.04,-0.09,20.08,25.27,-2.39,-2.40,6.48,5.43,-0.68,-2.39,0.00,0
9280,2,86.55,-5.73,86.49,-0.06,0.35,-0.10,20.03,25.22,-1.45,-1.37,6.48,5.42,-0.73,-1.41,0.00,0
9300,2,87.24,5.79,86.48,-0.75,-1.96,-0.11,20.02,25.21,0.47,0.34,6.48,5.42,-0.74,0.41,0.00,0
9320,2,87.80,10.33,86.48,-1.32,-3.47,-0.11,20.05,25.23,0.95,0.54,6.48,5.42,-0.72,0.74,0.00,0
9340,2,88.00,8.26,86.47,-1.53,-3.71,-0.12,20.06,25.24,-0.26,-0.07,6.48,5.42,-0.71,-0.17,0.00,0
9359,2,87.41,-3.07,86.46,-0.95,-1.65,-0.13,20.04,25.22,-1.16,-1.02,6.48,5.43,-0.73,-1.09,0.00,0
9380,2,86.68,-12.56,86.45,-0.22,0.57,-0.14,19.98,25.17,-2.17,-1.90,6.48,5.43,-0.78,-2.04,0.00,0
9400,2,86.15,-15.00,86.44,0.30,1.81,-0.14,19.92,25.11,-2.10,-1.99,6.48,5.42,-0.84,-2.04,0.00,0
9420,2,86.10,-9.93,86.44,0.34,1.48,-0.15,19.87,25.06,-1.24,-1.30,6.48,5.42,-0.89,-1.27,0.00,0
9440,2,86.84,3.03,86.44,-0.40,-1.05,-0.16,19.86,25.05,0.38,0.29,6.48,5.42,-0.90,0.33,0.00,0
9460,2,87.56,11.08,86.43,-1.13,-3.14,-0.17,19.88,25.07,0.98,0.68,6.48,5.42,-0.88,0.83,0.00,0
9480,2,87.62,6.95,86.42,-1.19,-2.94,-0.17,19.91,25.09,0.48,0.58,6.48,5.42,-0.85,0.53,0.00,0
9499,2,87.27,-1.19,86.41,-0.86,-1.61,-0.18,19.90,25.09,-0.81,-0.56,6.48,5.42,-0.86,-0.68,0.00,0
9520,2,86.52,-10.90,86.40,-0.11,0.65,-0.19,19.86,25.05,-1.64,-1.63,6.48,5.42,-0.90,-1.64,0.00,0
9540,2,85.93,-14.64,86.39,0.47,2.10,-0.20,19.81,25.00,-1.72,-1.71,6.48,5.42,-0.95,-1.72,0.00,0
9560,2,85.94,-8.74,86.39,0.45,1.60,-0.20,19.77,24.96,-0.98,-0.97,6.48,5.42,-0.99,-0.97,0.00,0
9580,2,86.46,1.84,86.38,-0.07,-0.29,-0.21,19.76,24.95,0.41,0.37,6.48,5.42,-1.00,0.39,0.00,0
9600,2,87.20,10.74,86.38,-0.81,-2.49,-0.22,19.79,24.98,1.23,1.09,6.48,5.42,-0.97,1.16,0.00,0
9619,2,87.61,11.74,86.37,-1.24,-3.41,-0.23,19.82,25.00,1.01,0.74,6.48,5.42,-0.94,0.87,0.00,0
9640,2,87.29,2.40,86.36,-0.92,-2.04,-0.23,19.82,25.01,-0.44,-0.30,6.48,5.42,-0.94,-0.37,0.00,0
9660,2,86.70,-7.49,86.35,-0.34,-0.08,-0.24,19.80,24.98,-1.45,-1.26,6.48,5.42,-0.97,-1.35,0.00,0
9680,2,86.05,-13.34,86.34,0.30,1.66,-0.25,19.74,24.93,-1.99,-1.79,6.48,5.42,-1.02,-1.89,0.00,0
9700,2,85.73,-12.46,86.34,0.61,2.21,-0.26,19.69,24.89,-1.34,-1.33,6.48,5.42,-1.07,-1.33,0.00,0
9720,2,86.32,0.19,86.33,0.01,0.01,-0.26,19.67,24.86,0.05,-0.19,6.48,5.42,-1.09,-0.07,0.00,0
9739,2,87.03,9.81,86.32,-0.71,-2.19,-0.27,19.69,24.88,1.08,0.85,6.48,5.42,-1.07,0.97,0.00,0
9760,2,87.47,11.36,86.50,-1.15,-3.21,-0.28,19.73,24.90,0.99,0.79,6.42,5.35,-1.04,0.89,0.00,0
9780,2,87.38,4.93,86.86,-0.88,-2.16,-0.29,19.74,24.92,-0.21,0.23,6.28,5.21,-1.03,0.01,0.00,0
9800,2,86.49,-10.69,87.31,0.37,1.59,-0.30,19.71,24.91,-1.44,-1.11,6.11,5.04,-1.05,-1.27,0.00,0
9820,2,85.59,-21.79,87.78,1.72,5.18,-0.30,19.66,24.86,-2.22,-1.80,5.93,4.86,-1.10,-2.01,0.00,0
9840,2,85.40,-19.66,88.28,2.38,6.34,-0.31,19.61,24.81,-0.45,-1.29,5.74,4.67,-1.15,-0.87,0.00,0
9860,2,85.74,-10.27,88.80,2.54,5.91,-0.31,19.63,24.81,1.24,1.20,5.54,4.48,-1.13,1.22,0.00,0
9879,2,86.69,5.31,89.31,2.10,3.78,-0.31,19.71,24.88,3.28,3.30,5.35,4.29,-1.06,3.29,0.00,0
9900,2,87.63,16.50,89.83,1.68,2.04,-0.31,19.83,25.01,4.18,4.43,5.15,4.09,-0.94,4.31,0.00,0
9920,2,88.31,22.99,90.33,1.52,1.21,-0.31,19.95,25.14,3.95,4.14,4.96,3.91,-0.81,4.04,0.00,0
9940,2,88.57,21.58,90.83,1.76,1.80,-0.31,20.05,25.24,2.70,2.79,4.76,3.74,-0.71,2.75,0.00,0
9960,2,88.30,12.05,91.21,2.54,4.11,-0.31,20.11,25.30,1.19,1.07,4.56,3.65,-0.65,1.13,0.00,0
9980,2,88.28,8.48,91.54,2.93,5.18,-0.31,20.13,25.31,0.59,0.70,4.36,3.60,-0.63,0.64,0.00,0
9999,2,88.85,11.42,91.83,2.69,4.47,-0.30,20.17,25.35,1.66,1.77,4.17,3.58,-0.60,1.72,0.00,0
10020,2,89.51,17.10,92.02,2.32,3.27,-0.30,20.24,25.43,3.18,2.98,4.04,3.57,-0.52,3.08,0.00,0
10040,2,90.13,20.96,92.11,1.89,2.10,-0.29,20.35,25.53,3.59,3.74,3.99,3.56,-0.41,3.66,0.00,0
10060,2,90.54,20.94,92.16,1.57,1.47,-0.29,20.45,25.64,2.93,3.30,3.95,3.56,-0.31,3.12,0.00,0
10080,2,90.32,12.57,92.19,1.83,2.66,-0.28,20.53,25.73,2.18,2.18,3.94,3.56,-0.23,2.18,0.00,0
10099,2,90.01,5.05,92.20,2.18,3.95,-0.28,20.58,25.77,1.28,1.07,3.93,3.56,-0.18,1.18,0.00,0
10120,2,89.94,2.77,92.22,2.27,4.32,-0.27,20.61,25.80,1.24,0.76,3.93,3.56,-0.15,1.00,0.00,0
10139,2,90.20,6.00,92.23,2.02,3.57,-0.26,20.66,25.84,1.86,1.77,3.92,3.56,-0.11,1.81,0.00,0
10160,2,90.78,12.98,92.24,1.45,1.85,-0.26,20.73,25.91,2.63,2.86,3.92,3.56,-0.03,2.74,0.00,0
10180,2,91.31,17.00,92.25,0.93,0.51,-0.25,20.82,26.00,2.70,3.02,3.92,3.56,0.05,2.86,0.00,0
10200,2,91.49,14.93,92.26,0.76,0.32,-0.24,20.89,26.09,2.26,2.38,3.92,3.56,0.13,2.32,0.00,0
10220,2,91.25,7.33,92.27,1.01,1.43,-0.23,20.95,26.14,1.21,0.76,3.92,3.56,0.18,0.99,0.00,0
10240,2,90.75,-1.24,92.27,1.51,3.13,-0.22,20.97,26.15,0.16,0.12,3.92,3.56,0.20,0.14,0.00,0
10259,2,90.53,-3.26,92.28,1.74,3.74,-0.22,20.97,26.15,0.28,0.44,3.92,3.55,0.21,0.36,0.00,0
10280,2,90.78,1.75,92.29,1.50,2.87,-0.21,20.99,26.18,1.19,1.52,3.92,3.55,0.23,1.36,0.00,0
10300,2,91.22,8.43,92.30,1.07,1.46,-0.20,21.05,26.24,2.06,2.03,3.92,3.55,0.29,2.05,0.00,0
10320,2,91.80,15.52,92.31,0.50,-0.24,-0.19,21.11,26.31,2.43,2.34,3.92,3.55,0.35,2.38,0.00,0
10340,2,92.24,18.39,92.32,0.07,-1.33,-0.18,21.18,26.37,2.00,1.79,3.92,3.55,0.42,1.89,0.00,0
10360,2,92.07,11.78,92.33,0.25,-0.44,-0.17,21.23,26.41,1.08,0.66,3.92,3.55,0.46,0.87,0.00,0
10379,2,91.86,6.20,92.34,0.47,0.44,-0.16,21.23,26.41,-0.38,-0.22,3.92,3.55,0.46,-0.30,0.00,0
10400,2,91.87,5.20,92.35,0.46,0.51,-0.15,21.21,26.40,-0.72,-0.36,3.92,3.55,0.45,-0.54,0.00,0
10420,2,92.04,6.51,92.36,0.31,0.10,-0.14,21.20,26.39,0.06,0.01,3.92,3.55,0.44,0.04,0.00,0
10440,2,92.35,9.42,92.36,0.00,-0.75,-0.14,21.21,26.40,0.29,0.18,3.92,3.55,0.45,0.24,0.00,0
10460,2,92.68,11.55,92.37,-0.31,-1.55,-0.13,21.22,26.41,0.37,0.28,3.92,3.55,0.46,0.32,0.00,0
10480,2,92.78,10.00,92.38,-0.41,-1.62,-0.12,21.23,26.41,-0.08,0.00,3.92,3.55,0.46,-0.04,0.00,0
10500,2,92.79,7.30,92.39,-0.41,-1.40,-0.11,21.22,26.40,-0.55,-0.46,3.92,3.55,0.45,-0.50,0.00,0
10519,2,92.76,4.59,92.39,-0.37,-1.11,-0.11,21.19,26.38,-0.69,-0.71,3.92,3.55,0.43,-0.70,0.00,0
10540,2,92.69,2.07,92.40,-0.29,-0.75,-0.10,21.17,26.35,-0.95,-1.20,3.92,3.55,0.41,-1.08,0.00,0
10560,2,92.62,0.51,92.41,-0.22,-0.48,-0.09,21.14,26.32,-0.94,-1.10,3.92,3.55,0.37,-1.02,0.00,0
10580,2,92.67,1.17,92.41,-0.26,-0.61,-0.09,21.11,26.30,-0.70,-0.43,3.92,3.55,0.35,-0.56,0.00,0
10600,2,92.83,3.16,92.42,-0.41,-1.08,-0.08,21.10,26.28,-0.46,-0.41,3.92,3.55,0.33,-0.44,0.00,0
10620,2,93.04,5.34,92.43,-0.62,-1.66,-0.07,21.08,26.27,-0.41,-0.49,3.92,3.55,0.32,-0.45,0.00,0
10639,2,93.24,6.72,92.43,-0.81,-2.16,-0.07,21.08,26.26,-0.24,-0.33,3.92,3.55,0.31,-0.29,0.00,0
10660,2,93.26,5.12,92.44,-0.83,-2.06,-0.06,21.06,26.25,-0.75,-0.57,3.92,3.55,0.30,-0.66,0.00,0
10680,2,93.07,1.01,92.44,-0.63,-1.34,-0.06,21.03,26.22,-1.16,-1.02,3.92,3.55,0.27,-1.09,0.00,0
10700,2,92.86,-1.98,92.45,-0.42,-0.69,-0.05,20.99,26.18,-1.34,-1.43,3.92,3.55,0.23,-1.38,0.00,0
10720,2,92.86,-1.42,92.45,-0.41,-0.71,-0.05,20.95,26.13,-1.16,-1.31,3.92,3.55,0.18,-1.24,0.00,0
10740,2,93.02,1.44,92.46,-0.57,-1.25,-0.04,20.91,26.10,-0.89,-0.95,3.92,3.55,0.15,-0.92,0.00,0
10760,2,93.35,5.90,92.46,-0.89,-2.25,-0.04,20.90,26.08,-0.33,-0.24,3.92,3.55,0.13,-0.28,0.00,0
10779,2,93.58,7.69,92.46,-1.12,-2.86,-0.04,20.89,26.08,-0.61,-0.38,3.92,3.55,0.12,-0.49,0.00,0
10800,2,93.53,4.83,92.46,-1.06,-2.51,-0.04,20.86,26.06,-0.89,-0.83,3.92,3.55,0.10,-0.86,0.00,0
10820,2,93.34,0.98,92.47,-0.87,-1.82,-0.03,20.83,26.01,-1.36,-1.59,3.92,3.55,0.06,-1.48,0.00,0
10840,2,93.15,-1.75,92.47,-0.69,-1.24,-0.03,20.78,25.96,-1.72,-1.84,3.92,3.55,0.01,-1.78,0.00,0
10860,2,93.12,-1.56,92.47,-0.66,-1.19,-0.03,20.72,25.90,-1.59,-1.81,3.92,3.55,-0.04,-1.70,0.00,0
10880,2,93.40,3.01,92.47,-0.93,-2.11,-0.03,20.68,25.86,-1.35,-1.27,3.92,3.55,-0.09,-1.31,0.00,0
10899,2,93.74,7.12,92.47,-1.27,-3.10,-0.03,20.65,25.84,-0.79,-0.56,3.92,3.55,-0.11,-0.68,0.00,0
10920,2,94.00,8.63,92.47,-1.52,-3.74,-0.03,20.63,25.82,-0.58,-0.75,3.92,3.55,-0.13,-0.67,0.00,0
10940,2,94.00,6.06,92.47,-1.53,-3.54,-0.03,20.60,25.79,-1.44,-1.63,3.92,3.55,-0.16,-1.54,0.00,0
10960,2,93.72,0.31,92.47,-1.25,-2.52,-0.03,20.54,25.73,-2.08,-2.18,3.92,3.55,-0.22,-2.13,0.00,0
10981,2,93.44,-3.59,92.47,-0.97,-1.65,-0.03,20.47,25.65,-2.55,-2.47,3.92,3.55,-0.29,-2.51,0.00,0
10999,2,93.39,-3.14,92.47,-0.92,-1.60,-0.03,20.40,25.58,-2.31,-2.28,3.92,3.55,-0.37,-2.29,0.00,0
11019,2,93.59,0.73,92.46,-1.12,-2.31,-0.04,20.34,25.53,-1.71,-1.62,3.92,3.55,-0.43,-1.67,0.00,0
11040,2,94.13,8.17,92.46,-1.67,-3.99,-0.04,20.30,25.49,-0.91,-0.88,3.92,3.55,-0.46,-0.89,0.00,0
11060,2,94.55,11.68,92.46,-2.09,-5.11,-0.04,20.27,25.46,-0.95,-1.04,3.92,3.55,-0.49,-0.99,0.00,0
11080,2,94.46,7.23,92.45,-2.00,-4.58,-0.05,20.23,25.42,-1.77,-1.71,3.92,3.55,-0.53,-1.74,0.00,0
11100,2,94.14,0.67,92.44,-1.69,-3.43,-0.06,20.16,25.35,-2.79,-2.70,3.92,3.55,-0.60,-2.74,0.00,0
11120,2,93.77,-4.76,92.44,-1.33,-2.28,-0.06,20.07,25.26,-3.33,-3.27,3.92,3.55,-0.69,-3.30,0.00,0
11140,2,93.55,-6.64,92.43,-1.12,-1.70,-0.07,19.97,25.16,-3.02,-3.03,3.92,3.55,-0.79,-3.02,0.00,0
11159,2,93.83,-1.00,92.42,-1.40,-2.73,-0.08,19.89,25.08,-2.17,-2.38,3.92,3.55,-0.87,-2.27,0.00,0
11180,2,94.30,5.70,92.42,-1.87,-4.20,-0.08,19.84,25.03,-1.28,-1.33,3.92,3.55,-0.92,-1.31,0.00,0
11200,2,94.61,7.90,92.41,-2.20,-5.03,-0.09,19.81,24.99,-0.85,-0.86,3.92,3.55,-0.95,-0.86,0.00,0
11220,2,94.53,3.37,92.40,-2.12,-4.51,-0.10,19.77,24.95,-1.90,-1.78,3.92,3.55,-1.00,-1.84,0.00,0
11240,2,93.95,-6.93,92.39,-1.56,-2.56,-0.11,19.69,24.88,-3.04,-2.91,3.92,3.55,-1.07,-2.97,0.00,0
11260,2,93.33,-15.06,92.37,-0.95,-0.69,-0.12,19.59,24.78,-3.41,-3.27,3.92,3.55,-1.17,-3.34,0.00,0
11279,2,92.94,-17.41,92.36,-0.57,0.26,-0.13,19.49,24.69,-2.91,-2.99,3.92,3.55,-1.27,-2.95,0.00,0
11300,2,93.01,-12.57,92.35,-0.64,-0.28,-0.15,19.42,24.61,-1.40,-1.92,3.92,3.55,-1.34,-1.66,0.00,0
11320,2,93.45,-4.15,92.34,-1.09,-1.86,-0.16,19.41,24.59,-0.01,-0.16,3.92,3.55,-1.36,-0.09,0.00,0
11340,2,93.62,-1.95,92.33,-1.27,-2.39,-0.17,19.41,24.59,-0.10,0.01,3.92,3.55,-1.36,-0.05,0.00,0
11360,2,93.27,-7.27,92.32,-0.94,-1.29,-0.18,19.39,24.58,-0.87,-0.49,3.92,3.55,-1.37,-0.68,0.00,0
11380,2,92.74,-13.57,92.31,-0.42,0.25,-0.19,19.36,24.55,-1.19,-1.06,3.92,3.55,-1.40,-1.12,0.00,0
11400,2,92.12,-19.00,92.30,0.19,1.90,-0.20,19.32,24.51,-1.25,-1.34,3.92,3.55,-1.44,-1.29,0.00,0
11419,2,91.78,-18.56,92.29,0.52,2.52,-0.21,19.29,24.47,-0.76,-1.02,3.92,3.55,-1.48,-0.89,0.00,0
11440,2,92.00,-10.07,92.28,0.29,1.39,-0.22,19.28,24.46,0.30,0.37,3.92,3.55,-1.48,0.33,0.00,0
11460,2,92.27,-3.25,92.28,0.01,0.28,-0.22,19.31,24.49,0.93,1.16,3.92,3.55,-1.46,1.04,0.00,0
11480,2,92.51,1.12,92.27,-0.24,-0.56,-0.23,19.34,24.53,1.30,1.33,3.92,3.55,-1.42,1.31,0.00,0
11500,2,92.47,0.26,92.26,-0.21,-0.44,-0.24,19.38,24.57,1.09,1.14,3.92,3.55,-1.39,1.11,0.00,0
11520,2,92.10,-5.26,92.25,0.16,0.74,-0.25,19.39,24.57,-0.13,-0.26,3.92,3.55,-1.38,-0.20,0.00,0
11539,2,91.85,-7.50,92.24,0.40,1.41,-0.26,19.38,24.56,-0.15,-0.29,3.92,3.55,-1.39,-0.22,0.00,0
11560,2,91.67,-7.76,92.23,0.57,1.75,-0.27,19.38,24.56,0.07,0.11,3.92,3.55,-1.39,0.09,0.00,0
11580,2,91.62,-6.17,92.23,0.61,1.71,-0.27,19.38,24.57,0.24,0.29,3.92,3.55,-1.38,0.26,0.00,0
11600,2,91.87,-0.96,92.22,0.35,0.78,-0.28,19.40,24.58,0.82,0.79,3.92,3.55,-1.37,0.80,0.00,0
11620,2,92.16,3.38,92.21,0.06,-0.16,-0.29,19.43,24.62,1.16,1.08,3.92,3.55,-1.33,1.12,0.00,0
11639,2,92.24,3.54,92.20,-0.02,-0.33,-0.30,19.47,24.65,0.97,1.12,3.92,3.55,-1.30,1.04,0.00,0
11659,2,92.05,0.11,92.20,0.15,0.29,-0.30,19.49,24.68,0.35,0.49,3.92,3.55,-1.27,0.42,0.00,0
11680,2,91.75,-4.17,92.19,0.45,1.22,-0.31,19.49,24.68,-0.13,-0.17,3.92,3.55,-1.27,-0.15,0.00,0
11700,2,91.54,-5.72,92.18,0.65,1.76,-0.32,19.49,24.67,-0.04,-0.13,3.92,3.55,-1.28,-0.09,0.00,0
11720,2,91.59,-3.20,92.18,0.60,1.45,-0.32,19.49,24.68,0.30,0.22,3.92,3.55,-1.27,0.26,0.00,0
11740,2,91.74,0.36,92.17,0.43,0.84,-0.33,19.51,24.69,0.54,0.64,3.92,3.55,-1.26,0.59,0.00,0
11760,2,92.08,5.17,92.17,0.09,-0.22,-0.33,19.53,24.72,0.99,1.08,3.92,3.55,-1.23,1.03,0.00,0
11780,2,92.36,7.88,92.16,-0.19,-1.01,-0.34,19.56,24.75,1.05,1.05,3.92,3.55,-1.20,1.05,0.00,0
11799,2,92.21,4.33,92.16,-0.05,-0.45,-0.34,19.59,24.78,0.25,0.27,3.92,3.55,-1.17,0.26,0.00,0
11820,2,92.03,1.10,92.15,0.12,0.16,-0.35,19.59,24.77,-0.31,-0.35,3.92,3.55,-1.18,-0.33,0.00,0
11840,2,91.98,0.29,92.14,0.17,0.31,-0.36,19.58,24.76,-0.14,-0.21,3.92,3.55,-1.18,-0.18,0.00,0
11860,2,91.92,-0.52,92.14,0.22,0.48,-0.36,19.57,24.76,-0.13,-0.17,3.92,3.55,-1.19,-0.15,0.00,0
11880,2,91.99,0.48,92.13,0.15,0.25,-0.37,19.57,24.75,-0.01,-0.11,3.92,3.55,-1.19,-0.06,0.00,0
11900,2,92.10,1.82,92.13,0.04,-0.08,-0.37,19.57,24.75,0.16,0.07,3.92,3.55,-1.19,0.11,0.00,0
11919,2,92.20,2.71,92.12,-0.07,-0.36,-0.38,19.58,24.76,0.21,0.35,3.92,3.55,-1.19,0.28,0.00,0
11940,2,92.24,2.54,92.12,-0.12,-0.44,-0.38,19.58,24.77,0.09,0.10,3.92,3.55,-1.18,0.09,0.00,0
11960,2,92.25,1.95,92.11,-0.14,-0.43,-0.39,19.58,24.77,-0.06,-0.02,3.92,3.55,-1.18,-0.04,0.00,0
11980,2,92.24,1.20,92.11,-0.13,-0.35,-0.39,19.58,24.77,-0.05,-0.08,3.92,3.55,-1.18,-0.06,0.00,0
12000,2,92.15,-0.36,92.10,-0.04,-0.06,-0.40,19.58,24.76,-0.22,-0.23,3.92,3.55,-1.19,-0.22,0.00,0
12020,2,92.04,-1.83,92.10,0.06,0.27,-0.40,19.57,24.75,-0.33,-0.37,3.92,3.55,-1.20,-0.35,0.00,0
12040,2,92.03,-1.48,92.09,0.07,0.26,-0.41,19.56,24.74,-0.26,-0.33,3.92,3.55,-1.21,-0.30,0.00,0
12058,2,92.09,-0.15,92.09,0.00,0.02,-0.41,19.55,24.74,0.07,0.03,3.92,3.55,-1.21,0.05,0.00,0
12081,2,92.19,1.34,92.08,-0.10,-0.31,-0.42,19.56,24.74,0.16,0.18,3.92,3.55,-1.21,0.17,0.00,0
12099,2,92.28,2.31,92.08,-0.20,-0.58,-0.42,19.56,24.74,0.18,0.17,3.92,3.55,-1.20,0.18,0.00,0
12120,2,92.28,1.70,92.07,-0.20,-0.54,-0.43,19.56,24.75,-0.02,-0.02,3.92,3.55,-1.20,-0.02,0.00,0
12140,2,92.22,0.39,92.07,-0.15,-0.33,-0.43,19.56,24.75,-0.19,-0.24,3.92,3.55,-1.20,-0.22,0.00,0
12160,2,92.11,-1.29,92.06,-0.04,0.02,-0.44,19.55,24.74,-0.36,-0.43,3.92,3.55,-1.21,-0.40,0.00,0
12179,2,92.10,-1.09,92.06,-0.04,0.02,-0.44,19.54,24.73,-0.27,-0.15,3.92,3.55,-1.22,-0.21,0.00,0
12200,2,92.10,-0.73,92.05,-0.04,-0.02,-0.45,19.54,24.73,-0.08,-0.04,3.92,3.55,-1.23,-0.06,0.00,0
12220,2,92.10,-0.42,92.05,-0.05,-0.07,-0.45,19.53,24.72,-0.17,-0.08,3.92,3.55,-1.23,-0.12,0.00,0
12240,2,92.15,0.33,92.04,-0.10,-0.23,-0.46,19.53,24.72,-0.05,-0.01,3.92,3.55,-1.23,-0.03,0.00,0
12260,2,92.18,0.60,92.04,-0.14,-0.32,-0.46,19.53,24.72,-0.03,-0.06,3.92,3.55,-1.23,-0.05,0.00,0
12280,2,92.15,0.02,92.03,-0.12,-0.24,-0.47,19.53,24.72,-0.12,-0.12,3.92,3.55,-1.23,-0.12,0.00,0
12299,2,92.14,-0.28,92.03,-0.10,-0.19,-0.47,19.52,24.71,-0.20,-0.21,3.92,3.55,-1.24,-0.21,0.00,0
12320,2,92.13,-0.35,92.02,-0.10,-0.18,-0.48,19.52,24.71,-0.09,-0.11,3.92,3.55,-1.24,-0.10,0.00,0
12340,2,92.11,-0.60,92.02,-0.09,-0.13,-0.48,19.51,24.70,-0.15,-0.13,3.92,3.55,-1.25,-0.14,0.00,0
12359,2,92.08,-0.89,92.01,-0.06,-0.05,-0.49,19.51,24.70,-0.15,-0.21,3.92,3.55,-1.25,-0.18,0.00,0
12380,2,92.09,-0.48,92.01,-0.07,-0.11,-0.49,19.50,24.69,-0.12,-0.15,3.92,3.55,-1.26,-0.14,0.00,0
12400,2,92.12,0.05,92.00,-0.11,-0.22,-0.50,19.50,24.69,-0.05,-0.03,3.92,3.55,-1.26,-0.04,0.00,0
12420,2,92.13,0.20,92.00,-0.13,-0.27,-0.50,19.50,24.69,-0.09,-0.04,3.92,3.55,-1.26,-0.06,0.00,0
12439,2,92.14,0.22,91.99,-0.14,-0.29,-0.51,19.50,24.69,-0.15,-0.07,3.92,3.55,-1.26,-0.11,0.00,0
12459,2,92.12,-0.17,91.99,-0.12,-0.23,-0.51,19.50,24.68,-0.13,-0.12,3.92,3.55,-1.27,-0.12,0.00,0
12480,2,92.05,-1.03,91.99,-0.06,-0.05,-0.51,19.49,24.68,-0.20,-0.24,3.92,3.55,-1.27,-0.22,0.00,0
12500,2,91.99,-1.63,91.98,-0.01,0.12,-0.52,19.49,24.67,-0.26,-0.31,3.92,3.55,-1.28,-0.29,0.00,0
12520,2,92.02,-0.79,91.98,-0.04,-0.02,-0.52,19.48,24.66,-0.12,-0.15,3.92,3.55,-1.29,-0.14,0.00,0
12540,2,92.09,0.30,91.97,-0.11,-0.25,-0.53,19.48,24.66,0.04,0.01,3.92,3.55,-1.29,0.03,0.00,0
12559,2,92.11,0.55,91.97,-0.14,-0.33,-0.53,19.48,24.66,-0.02,0.01,3.92,3.55,-1.29,-0.00,0.00,0
12580,2,92.13,0.50,91.96,-0.16,-0.36,-0.54,19.48,24.66,-0.06,0.01,3.92,3.55,-1.29,-0.02,0.00,0
12600,2,92.06,-0.56,91.96,-0.10,-0.15,-0.54,19.48,24.66,-0.14,-0.06,3.92,3.55,-1.29,-0.10,0.00,0
12620,2,91.98,-1.51,91.95,-0.03,0.07,-0.54,19.47,24.65,-0.31,-0.26,3.92,3.55,-1.29,-0.28,0.00,0
12640,2,92.04,-0.47,91.95,-0.09,-0.13,-0.55,19.46,24.65,-0.07,-0.07,3.92,3.55,-1.30,-0.07,0.00,0
12660,2,92.07,-0.09,91.95,-0.12,-0.22,-0.55,19.46,24.65,-0.01,0.00,3.92,3.55,-1.30,-0.01,0.00,0
12680,2,92.05,-0.42,91.94,-0.10,-0.17,-0.56,19.46,24.65,-0.11,-0.01,3.92,3.55,-1.30,-0.06,0.00,0
12699,2,92.02,-0.83,91.94,-0.07,-0.08,-0.56,19.46,24.64,-0.11,-0.09,3.92,3.55,-1.31,-0.10,0.00,0
12720,2,91.98,-1.21,91.93,-0.04,0.02,-0.56,19.45,24.64,-0.13,-0.05,3.92,3.55,-1.31,-0.09,0.00,0
12740,2,91.94,-1.42,91.93,-0.01,0.10,-0.57,19.45,24.64,-0.13,-0.06,3.92,3.55,-1.31,-0.10,0.00,0
12759,2,91.92,-1.37,91.93,0.01,0.13,-0.57,19.45,24.64,-0.08,-0.06,3.92,3.55,-1.31,-0.07,0.00,0
12780,2,91.91,-1.22,91.92,0.02,0.13,-0.58,19.44,24.64,0.02,0.01,3.92,3.55,-1.32,0.01,0.00,0
12800,2,91.90,-1.02,91.92,0.02,0.13,-0.58,19.45,24.64,0.03,0.05,3.92,3.55,-1.32,0.04,0.00,0
12819,2,91.90,-0.75,91.91,0.02,0.09,-0.58,19.45,24.64,0.11,0.04,3.92,3.55,-1.31,0.08,0.00,0
12840,2,91.91,-0.55,91.91,0.01,0.06,-0.59,19.45,24.64,0.05,0.10,3.92,3.55,-1.31,0.08,0.00,0
12860,2,91.90,-0.61,91.91,0.01,0.08,-0.59,19.45,24.64,0.07,0.11,3.92,3.55,-1.31,0.09,0.00,0
12880,2,91.86,-0.97,91.90,0.05,0.17,-0.60,19.45,24.64,-0.00,0.02,3.92,3.55,-1.31,0.01,0.00,0
12900,2,91.83,-1.19,91.90,0.07,0.24,-0.60,19.46,24.64,0.02,0.02,3.92,3.55,-1.31,0.02,0.00,0
12920,2,91.81,-1.19,91.90,0.09,0.28,-0.60,19.46,24.64,0.07,0.12,3.92,3.55,-1.31,0.10,0.00,0
12939,2,91.79,-1.12,91.89,0.11,0.30,-0.61,19.46,24.65,0.13,0.11,3.92,3.55,-1.30,0.12,0.00,0
12960,2,91.79,-0.81,91.89,0.10,0.26,-0.61,19.46,24.65,0.21,0.11,3.92,3.55,-1.30,0.16,0.00,0
12982,2,91.82,-0.14,91.89,0.08,0.19,-0.61,19.47,24.65,0.22,0.21,3.92,3.55,-1.30,0.21,0.00,0
12999,2,91.86,0.35,91.88,0.03,0.03,-0.62,19.48,24.66,0.29,0.24,3.92,3.55,-1.29,0.26,0.00,0
13020,2,91.85,0.18,91.88,0.03,0.05,-0.62,19.48,24.67,0.16,0.21,3.92,3.55,-1.28,0.18,0.00,0
13040,2,91.81,-0.51,91.88,0.07,0.18,-0.62,19.49,24.67,0.06,0.03,3.92,3.55,-1.28,0.04,0.00,0
13060,2,91.77,-0.93,91.87,0.11,0.28,-0.63,19.49,24.67,0.06,0.08,3.92,3.55,-1.28,0.07,0.00,0
13079,2,91.76,-0.85,91.87,0.11,0.30,-0.63,19.49,24.67,0.16,0.08,3.92,3.55,-1.28,0.12,0.00,0
13100,2,91.75,-0.78,91.87,0.12,0.31,-0.63,19.49,24.68,0.16,0.16,3.92,3.55,-1.27,0.16,0.00,0
13120,2,91.73,-0.89,91.86,0.14,0.35,-0.63,19.50,24.68,0.08,0.15,3.92,3.55,-1.27,0.11,0.00,0
13140,2,91.72,-0.80,91.86,0.15,0.36,-0.64,19.50,24.69,0.09,0.16,3.92,3.55,-1.26,0.13,0.00,0
13160,2,91.74,-0.30,91.86,0.12,0.27,-0.64,19.50,24.69,0.24,0.20,3.92,3.55,-1.26,0.22,0.00,0
13180,2,91.79,0.52,91.86,0.07,0.10,-0.64,19.51,24.70,0.23,0.24,3.92,3.55,-1.25,0.24,0.00,0
13199,2,91.82,0.71,91.85,0.04,0.02,-0.65,19.52,24.71,0.39,0.30,3.92,3.55,-1.24,0.34,0.00,0
13220,2,91.78,-0.12,91.85,0.08,0.16,-0.65,19.53,24.72,0.15,0.14,3.92,3.55,-1.24,0.14,0.00,0
13240,2,91.72,-0.96,91.85,0.13,0.34,-0.65,19.53,24.72,0.03,0.04,3.92,3.55,-1.23,0.03,0.00,0
13260,2,91.68,-1.19,91.85,0.17,0.43,-0.65,19.53,24.72,0.08,0.04,3.92,3.55,-1.23,0.06,0.00,0
13279,2,91.69,-0.75,91.84,0.16,0.37,-0.66,19.53,24.72,0.19,0.17,3.92,3.55,-1.23,0.18,0.00,0
13300,2,91.67,-0.74,91.84,0.17,0.40,-0.66,19.54,24.73,0.12,0.15,3.92,3.55,-1.22,0.14,0.00,0
13320,2,91.68,-0.46,91.84,0.16,0.35,-0.66,19.54,24.73,0.19,0.08,3.92,3.55,-1.22,0.13,0.00,0
13339,2,91.73,0.26,91.84,0.11,0.20,-0.66,19.55,24.73,0.25,0.22,3.92,3.55,-1.21,0.23,0.00,0
13360,2,91.82,1.57,91.83,0.01,-0.10,-0.67,19.56,24.74,0.43,0.36,3.92,3.55,-1.21,0.40,0.00,0
13380,2,91.84,1.36,91.83,-0.01,-0.12,-0.67,19.57,24.75,0.28,0.35,3.92,3.55,-1.19,0.32,0.00,0
13400,2,91.76,-0.15,91.83,0.07,0.15,-0.67,19.58,24.76,-0.06,0.11,3.92,3.55,-1.19,0.03,0.00,0
13420,2,91.69,-1.17,91.83,0.14,0.38,-0.67,19.57,24.76,-0.14,0.01,3.92,3.55,-1.19,-0.07,0.00,0
13440,2,91.64,-1.50,91.83,0.19,0.49,-0.67,19.57,24.76,0.03,-0.03,3.92,3.55,-1.19,0.00,0.00,0
13459,2,91.64,-1.15,91.82,0.19,0.47,-0.68,19.57,24.76,0.10,0.08,3.92,3.55,-1.19,0.09,0.00,0
13480,2,91.66,-0.54,91.82,0.16,0.37,-0.68,19.58,24.77,0.18,0.18,3.92,3.55,-1.18,0.18,0.00,0
13500,2,91.69,0.05,91.82,0.13,0.26,-0.68,19.58,24.77,0.18,0.23,3.92,3.55,-1.18,0.21,0.00,0
13520,2,91.79,1.48,91.82,0.03,-0.06,-0.68,19.59,24.78,0.36,0.40,3.92,3.55,-1.17,0.38,0.00,0
13540,2,91.86,1.99,91.82,-0.04,-0.24,-0.68,19.60,24.79,0.38,0.36,3.92,3.55,-1.16,0.37,0.00,0
13560,2,91.76,0.09,91.81,0.06,0.11,-0.68,19.61,24.80,0.14,0.07,3.92,3.55,-1.15,0.10,0.00,0
13580,2,91.67,-1.27,91.81,0.15,0.40,-0.69,19.61,24.80,-0.09,-0.05,3.92,3.55,-1.15,-0.07,0.00,0
13600,2,91.63,-1.39,91.81,0.18,0.47,-0.69,19.61,24.80,-0.03,-0.04,3.92,3.55,-1.15,-0.04,0.00,0
13620,2,91.63,-1.06,91.81,0.19,0.45,-0.69,19.61,24.80,0.03,0.05,3.92,3.55,-1.15,0.04,0.00,0
13640,2,91.69,0.13,91.81,0.12,0.23,-0.69,19.61,24.80,0.19,0.22,3.92,3.55,-1.15,0.21,0.00,0
13660,2,91.71,0.33,91.81,0.10,0.17,-0.69,19.62,24.81,0.22,0.18,3.92,3.55,-1.14,0.20,0.00,0
13680,2,91.74,0.61,91.81,0.07,0.09,-0.69,19.63,24.81,0.14,0.11,3.92,3.55,-1.14,0.12,0.00,0
13700,2,91.79,1.08,91.80,0.02,-0.05,-0.70,19.63,24.82,0.25,0.18,3.92,3.55,-1.13,0.22,0.00,0
13719,2,91.80,0.96,91.80,0.00,-0.07,-0.70,19.64,24.82,0.28,0.17,3.92,3.55,-1.12,0.23,0.00,0
13740,2,91.76,0.09,91.80,0.05,0.08,-0.70,19.65,24.83,0.05,0.04,3.92,3.55,-1.12,0.05,0.00,0
13760,2,91.72,-0.54,91.80,0.08,0.21,-0.70,19.64,24.83,-0.03,0.03,3.92,3.55,-1.12,0.00,0.00,0
13780,2,91.69,-0.83,91.80,0.11,0.29,-0.70,19.64,24.83,-0.05,0.06,3.92,3.55,-1.12,0.01,0.00,0
13800,2,91.68,-0.78,91.80,0.12,0.30,-0.70,19.64,24.83,0.01,0.10,3.92,3.55,-1.12,0.05,0.00,0
13820,2,91.71,-0.12,91.80,0.09,0.19,-0.70,19.65,24.83,0.07,0.09,3.92,3.55,-1.12,0.08,0.00,0
13839,2,91.78,0.91,91.79,0.02,-0.04,-0.71,19.65,24.84,0.29,0.29,3.92,3.55,-1.11,0.29,0.00,0
13860,2,91.78,0.59,91.79,0.02,-0.01,-0.71,19.66,24.85,0.16,0.11,3.92,3.55,-1.10,0.14,0.00,0
13880,2,91.74,-0.19,91.79,0.05,0.13,-0.71,19.66,24.85,0.03,0.01,3.92,3.55,-1.10,0.02,0.00,0
13900,2,91.71,-0.55,91.79,0.08,0.20,-0.71,19.66,24.85,0.04,0.03,3.92,3.55,-1.10,0.04,0.00,0
13920,2,91.69,-0.73,91.79,0.10,0.26,-0.71,19.66,24.85,-0.03,0.02,3.92,3.55,-1.10,-0.01,0.00,0
13940,2,91.69,-0.59,91.79,0.10,0.25,-0.71,19.66,24.85,0.06,0.09,3.92,3.55,-1.10,0.07,0.00,0
13960,2,91.71,-0.08,91.79,0.08,0.16,-0.71,19.67,24.85,0.15,0.10,3.92,3.55,-1.10,0.12,0.00,0
13979,2,91.74,0.44,91.79,0.04,0.05,-0.71,19.67,24.86,0.17,0.23,3.92,3.55,-1.09,0.20,0.00,0
14000,2,91.75,0.40,91.78,0.03,0.03,-0.72,19.68,24.87,0.18,0.18,3.92,3.55,-1.09,0.18,0.00,0
14020,2,91.74,0.04,91.78,0.05,0.09,-0.72,19.68,24.87,0.13,-0.00,3.92,3.55,-1.08,0.06,0.00,0
14040,2,91.70,-0.57,91.78,0.09,0.22,-0.72,19.68,24.87,0.04,0.06,3.92,3.55,-1.08,0.05,0.00,0
14060,2,91.67,-0.73,91.78,0.11,0.28,-0.72,19.68,24.87,0.05,0.02,3.92,3.55,-1.08,0.03,0.00,0
14080,2,91.68,-0.42,91.78,0.10,0.23,-0.72,19.69,24.87,0.11,0.05,3.92,3.55,-1.08,0.08,0.00,0
14099,2,91.70,0.01,91.78,0.08,0.15,-0.72,19.69,24.88,0.12,0.18,3.92,3.55,-1.07,0.15,0.00,0
14120,2,91.72,0.17,91.78,0.06,0.11,-0.72,19.69,24.88,0.19,0.17,3.92,3.55,-1.07,0.18,0.00,0
14140,2,91.70,-0.12,91.78,0.08,0.16,-0.72,19.70,24.88,0.11,0.08,3.92,3.55,-1.06,0.09,0.00,0
14160,2,91.68,-0.44,91.78,0.10,0.24,-0.72,19.70,24.89,0.05,-0.00,3.92,3.55,-1.06,0.03,0.00,0
14180,2,91.66,-0.58,91.78,0.12,0.28,-0.72,19.70,24.89,0.05,0.09,3.92,3.55,-1.06,0.07,0.00,0
14199,2,91.66,-0.47,91.78,0.12,0.27,-0.72,19.71,24.89,0.08,0.09,3.92,3.55,-1.06,0.09,0.00,0
14219,2,91.68,-0.04,91.77,0.09,0.19,-0.72,19.71,24.89,0.17,0.12,3.92,3.55,-1.05,0.14,0.00,0
14240,2,91.73,0.67,91.77,0.04,0.03,-0.73,19.72,24.90,0.27,0.23,3.92,3.55,-1.05,0.25,0.00,0
14260,2,91.75,0.63,91.77,0.03,0.00,-0.73,19.72,24.91,0.18,0.24,3.92,3.55,-1.04,0.21,0.00,0
14280,2,91.71,-0.15,91.77,0.06,0.14,-0.73,19.73,24.91,0.09,0.10,3.92,3.55,-1.04,0.10,0.00,0
14300,2,91.68,-0.68,91.77,0.10,0.25,-0.73,19.73,24.91,0.05,-0.01,3.92,3.55,-1.04,0.02,0.00,0
14320,2,91.66,-0.71,91.77,0.11,0.28,-0.73,19.73,24.91,0.04,0.02,3.92,3.55,-1.03,0.03,0.00,0
14340,2,91.67,-0.41,91.77,0.10,0.24,-0.73,19.73,24.92,0.17,0.15,3.92,3.55,-1.03,0.16,0.00,0
14359,2,91.67,-0.22,91.77,0.10,0.21,-0.73,19.74,24.92,0.12,0.27,3.92,3.55,-1.03,0.20,0.00,0
14380,2,91.66,-0.39,91.77,0.11,0.26,-0.73,19.74,24.93,0.10,0.10,3.92,3.55,-1.02,0.10,0.00,0
14400,2,91.66,-0.33,91.77,0.11,0.25,-0.73,19.74,24.93,0.04,0.07,3.92,3.55,-1.02,0.05,0.00,0
14420,2,91.66,-0.16,91.77,0.11,0.22,-0.73,19.75,24.94,0.16,0.11,3.92,3.55,-1.01,0.13,0.00,0
14440,2,91.70,0.30,91.77,0.07,0.12,-0.73,19.75,24.94,0.12,0.17,3.92,3.55,-1.01,0.15,0.00,0
14460,2,91.71,0.36,91.77,0.06,0.09,-0.73,19.76,24.95,0.18,0.24,3.92,3.55,-1.00,0.21,0.00,0
14479,2,91.65,-0.54,91.77,0.12,0.28,-0.73,19.76,24.95,0.15,0.02,3.92,3.55,-1.00,0.09,0.00,0
14499,2,91.60,-1.02,91.77,0.16,0.41,-0.73,19.76,24.95,0.06,0.01,3.92,3.55,-1.00,0.03,0.00,0
14520,2,91.63,-0.43,91.77,0.14,0.32,-0.73,19.77,24.96,0.11,0.10,3.92,3.55,-0.99,0.10,0.00,0
14540,2,91.65,0.02,91.77,0.11,0.23,-0.73,19.77,24.96,0.31,0.26,3.92,3.55,-0.99,0.29,0.00,0
14560,2,91.60,-0.66,91.77,0.17,0.39,-0.73,19.78,24.97,0.16,0.13,3.92,3.55,-0.98,0.15,0.00,0
14580,2,91.57,-0.84,91.77,0.19,0.46,-0.73,19.78,24.97,0.08,0.06,3.92,3.55,-0.98,0.07,0.00,0
14599,2,91.60,-0.22,91.77,0.16,0.35,-0.73,19.79,24.97,0.19,0.22,3.92,3.55,-0.97,0.20,0.00,0
14619,2,91.66,0.67,91.77,0.11,0.16,-0.73,19.80,24.98,0.33,0.20,3.92,3.55,-0.97,0.27,0.00,0
14640,2,91.71,1.22,91.77,0.05,0.01,-0.73,19.81,24.99,0.36,0.31,3.92,3.55,-0.96,0.33,0.00,0
14660,2,91.72,0.92,91.77,0.05,0.02,-0.73,19.82,25.00,0.22,0.29,3.92,3.55,-0.95,0.26,0.00,0
14680,2,91.65,-0.25,91.77,0.11,0.24,-0.73,19.82,25.01,-0.04,0.16,3.92,3.55,-0.94,0.06,0.00,0
14700,2,91.60,-0.97,91.77,0.16,0.40,-0.73,19.82,25.01,0.02,0.02,3.92,3.55,-0.94,0.02,0.00,0
14719,2,91.58,-1.08,91.77,0.19,0.46,-0.73,19.82,25.01,0.10,0.09,3.92,3.55,-0.94,0.10,0.00,0
14739,2,91.57,-0.91,91.77,0.20,0.47,-0.73,19.82,25.01,0.11,0.18,3.92,3.55,-0.94,0.15,0.00,0
14760,2,91.62,-0.00,91.77,0.15,0.29,-0.73,19.83,25.02,0.21,0.25,3.92,3.55,-0.93,0.23,0.00,0
14780,2,91.70,1.11,91.77,0.06,0.04,-0.73,19.84,25.03,0.32,0.39,3.92,3.55,-0.92,0.36,0.00,0
14800,2,91.72,1.07,91.77,0.05,0.01,-0.73,19.85,25.04,0.38,0.40,3.92,3.55,-0.91,0.39,0.00,0
14821,2,91.67,0.05,91.77,0.09,0.19,-0.73,19.86,25.05,0.12,0.03,3.92,3.55,-0.90,0.07,0.00,0
14839,2,91.62,-0.86,91.77,0.15,0.37,-0.73,19.86,25.05,-0.01,-0.02,3.92,3.55,-0.90,-0.02,0.00,0
14859,2,91.58,-1.18,91.77,0.19,0.47,-0.73,19.86,25.05,0.08,0.02,3.92,3.55,-0.90,0.05,0.00,0
14880,2,91.57,-1.09,91.77,0.20,0.48,-0.73,19.86,25.05,0.11,0.12,3.92,3.55,-0.90,0.11,0.00,0
14900,2,91.57,-0.82,91.77,0.20,0.46,-0.73,19.87,25.05,0.16,0.15,3.92,3.55,-0.90,0.15,0.00,0
14920,2,91.62,0.11,91.77,0.15,0.29,-0.73,19.87,25.06,0.29,0.23,3.92,3.55,-0.89,0.26,0.00,0
14940,2,91.70,1.23,91.77,0.07,0.04,-0.73,19.89,25.07,0.46,0.41,3.92,3.55,-0.88,0.44,0.00,0
14960,2,91.71,0.99,91.77,0.06,0.04,-0.73,19.90,25.08,0.43,0.33,3.92,3.55,-0.87,0.38,0.00,0
14981,2,91.67,0.15,91.77,0.10,0.19,-0.73,19.90,25.09,-0.01,0.19,3.92,3.55,-0.86,0.09,0.00,0
14998,2,91.62,-0.62,91.77,0.15,0.34,-0.73,19.90,25.09,0.01,0.08,3.92,3.55,-0.86,0.04,0.00,0
15020,2,91.59,-0.98,91.77,0.18,0.45,-0.73,19.90,25.09,0.06,0.05,3.92,3.55,-0.86,0.06,0.00,0
15040,2,91.59,-0.59,91.77,0.18,0.40,-0.73,19.91,25.10,0.13,0.13,3.92,3.55,-0.85,0.13,0.00,0
15060,2,91.63,0.11,91.77,0.14,0.26,-0.73,19.91,25.10,0.22,0.22,3.92,3.55,-0.85,0.22,0.00,0
15080,2,91.70,0.99,91.77,0.07,0.06,-0.73,19.92,25.11,0.32,0.37,3.92,3.55,-0.84,0.34,0.00,0
15100,2,91.71,0.78,91.77,0.06,0.06,-0.73,19.93,25.12,0.22,0.31,3.92,3.55,-0.83,0.26,0.00,0
15119,2,91.64,-0.42,91.77,0.13,0.29,-0.73,19.94,25.13,0.15,0.03,3.92,3.55,-0.82,0.09,0.00,0
15140,2,91.58,-1.14,91.77,0.19,0.47,-0.73,19.94,25.13,0.05,0.05,3.92,3.55,-0.82,0.05,0.00,0
15160,2,91.57,-1.11,91.77,0.20,0.50,-0.73,19.94,25.13,0.07,0.04,3.92,3.55,-0.82,0.05,0.00,0
15180,2,91.56,-0.97,91.77,0.21,0.50,-0.73,19.94,25.13,0.16,0.16,3.92,3.55,-0.82,0.16,0.00,0
15200,2,91.59,-0.34,91.78,0.19,0.40,-0.72,19.95,25.14,0.14,0.19,3.92,3.55,-0.81,0.17,0.00,0
15220,2,91.68,0.99,91.78,0.10,0.12,-0.72,19.96,25.14,0.48,0.26,3.92,3.55,-0.80,0.37,0.00,0
15240,2,91.79,2.34,91.78,-0.02,-0.22,-0.72,19.98,25.15,0.54,0.50,3.92,3.55,-0.79,0.52,0.00,0
15259,2,91.79,1.54,91.78,-0.01,-0.14,-0.72,19.99,25.17,0.07,0.38,3.92,3.55,-0.78,0.23,0.00,0
15280,2,91.71,-0.08,91.78,0.07,0.14,-0.72,19.98,25.17,0.02,0.04,3.92,3.55,-0.78,0.03,0.00,0
15300,2,91.63,-1.22,91.78,0.15,0.39,-0.72,19.98,25.17,-0.04,-0.04,3.92,3.55,-0.78,-0.04,0.00,0
15319,2,91.56,-1.86,91.78,0.21,0.58,-0.72,19.98,25.17,0.01,-0.02,3.92,3.55,-0.78,-0.01,0.00,0
15340,2,91.53,-1.92,91.78,0.25,0.66,-0.72,19.98,25.17,-0.03,0.09,3.92,3.55,-0.78,0.03,0.00,0
15360,2,91.56,-0.93,91.78,0.22,0.51,-0.72,19.99,25.18,0.13,0.18,3.92,3.55,-0.78,0.16,0.00,0
15379,2,91.64,0.51,91.78,0.14,0.23,-0.72,19.99,25.18,0.26,0.29,3.92,3.55,-0.77,0.27,0.00,0
15400,2,91.80,2.53,91.78,-0.02,-0.23,-0.72,20.01,25.20,0.51,0.53,3.92,3.55,-0.75,0.52,0.00,0
15420,2,91.78,1.65,91.78,-0.00,-0.13,-0.72,20.02,25.21,0.44,0.42,3.92,3.55,-0.74,0.43,0.00,0
15440,2,91.68,-0.37,91.79,0.11,0.24,-0.71,20.03,25.21,-0.05,-0.10,3.92,3.55,-0.74,-0.08,0.00,0
15460,2,91.60,-1.46,91.79,0.18,0.48,-0.71,20.02,25.21,0.03,0.03,3.92,3.55,-0.74,0.03,0.00,0
15480,2,91.55,-1.98,91.79,0.24,0.64,-0.71,20.02,25.21,-0.01,0.06,3.92,3.55,-0.74,0.03,0.00,0
15499,2,91.52,-1.88,91.79,0.27,0.69,-0.71,20.03,25.21,0.08,0.12,3.92,3.55,-0.74,0.10,0.00,0
15520,2,91.55,-0.94,91.79,0.24,0.55,-0.71,20.03,25.22,0.25,0.20,3.92,3.55,-0.73,0.22,0.00,0
15540,2,91.64,0.66,91.79,0.15,0.24,-0.71,20.04,25.23,0.45,0.39,3.92,3.55,-0.72,0.42,0.00,0
15560,2,91.80,2.74,91.79,-0.01,-0.25,-0.71,20.06,25.24,0.68,0.51,3.92,3.55,-0.71,0.60,0.00,0
15580,2,91.81,2.02,91.79,-0.02,-0.21,-0.71,20.07,25.26,0.12,0.41,3.92,3.55,-0.69,0.26,0.00,0
15600,2,91.74,0.13,91.79,0.05,0.09,-0.71,20.07,25.26,-0.09,0.05,3.92,3.55,-0.69,-0.02,0.00,0
15620,2,91.65,-1.34,91.79,0.14,0.39,-0.71,20.07,25.26,0.04,-0.03,3.92,3.55,-0.69,0.00,0.00,0
15639,2,91.55,-2.45,91.80,0.24,0.68,-0.70,20.07,25.26,-0.03,-0.05,3.92,3.55,-0.69,-0.04,0.00,0
15660,2,91.49,-2.69,91.80,0.31,0.84,-0.70,20.07,25.26,0.03,0.04,3.92,3.55,-0.69,0.04,0.00,0
15680,2,91.53,-1.34,91.80,0.26,0.63,-0.70,20.07,25.26,0.20,0.27,3.92,3.55,-0.69,0.24,0.00,0
15700,2,91.62,0.28,91.80,0.17,0.33,-0.70,20.09,25.28,0.47,0.45,3.92,3.55,-0.68,0.46,0.00,0
15720,2,91.58,-0.46,91.80,0.22,0.48,-0.70,20.10,25.29,0.73,0.55,3.92,3.55,-0.66,0.64,0.00,0
15740,2,91.47,-1.72,91.80,0.33,0.80,-0.70,20.12,25.30,0.13,0.05,3.92,3.55,-0.65,0.09,0.00,0
15759,2,91.51,-0.65,91.80,0.29,0.64,-0.70,20.12,25.30,0.27,0.21,3.92,3.55,-0.64,0.24,0.00,0
15780,2,91.59,0.72,91.81,0.21,0.36,-0.69,20.13,25.31,0.51,0.56,3.92,3.55,-0.63,0.54,0.00,0
15800,2,91.52,-0.49,91.81,0.29,0.62,-0.69,20.15,25.33,0.45,0.68,3.92,3.55,-0.61,0.57,0.00,0
15820,2,91.45,-1.21,91.81,0.35,0.81,-0.69,20.16,25.35,0.18,0.28,3.92,3.55,-0.60,0.23,0.00,0
15840,2,91.48,-0.54,91.81,0.33,0.70,-0.69,20.17,25.36,0.37,0.48,3.92,3.55,-0.60,0.43,0.00,0
15860,2,91.46,-0.82,91.81,0.35,0.77,-0.69,20.18,25.37,0.59,0.47,3.92,3.55,-0.58,0.53,0.00,0
15880,2,91.37,-1.88,91.81,0.45,1.04,-0.69,20.20,25.38,0.38,0.19,3.92,3.55,-0.57,0.29,0.00,0
15899,2,91.39,-1.05,91.82,0.43,0.94,-0.68,20.21,25.39,0.48,0.26,3.92,3.55,-0.56,0.37,0.00,0
15921,2,91.51,0.80,91.82,0.31,0.55,-0.68,20.23,25.40,0.75,0.75,3.92,3.55,-0.54,0.75,0.00,0
15939,2,91.59,1.57,91.82,0.23,0.33,-0.68,20.24,25.42,0.42,0.78,3.92,3.55,-0.52,0.60,0.00,0
15960,2,91.57,0.62,91.82,0.25,0.45,-0.68,20.26,25.45,0.50,0.80,3.92,3.55,-0.50,0.65,0.00,0
15980,2,91.44,-1.60,91.82,0.38,0.90,-0.67,20.27,25.46,0.23,0.03,3.92,3.55,-0.49,0.13,0.00,0
16000,2,91.35,-2.50,91.83,0.47,1.15,-0.67,20.28,25.46,0.17,0.04,3.92,3.55,-0.49,0.10,0.00,0
16020,2,91.34,-1.86,91.83,0.48,1.12,-0.67,20.29,25.47,0.63,0.48,3.92,3.55,-0.47,0.55,0.00,0
16039,2,91.34,-1.46,91.83,0.49,1.10,-0.67,20.31,25.49,0.70,0.82,3.92,3.55,-0.45,0.76,0.00,0
16060,2,91.35,-0.95,91.84,0.49,1.05,-0.66,20.33,25.52,0.59,0.73,3.92,3.55,-0.43,0.66,0.00,0
16080,2,91.30,-1.32,91.84,0.54,1.19,-0.66,20.35,25.54,0.76,0.89,3.92,3.55,-0.41,0.83,0.00,0
16100,2,91.28,-1.16,91.84,0.56,1.21,-0.66,20.37,25.56,0.71,0.59,3.92,3.55,-0.39,0.65,0.00,0
16120,2,91.25,-1.11,91.84,0.59,1.26,-0.66,20.39,25.58,0.94,0.73,3.92,3.55,-0.37,0.84,0.00,0
16139,2,91.29,-0.33,91.85,0.55,1.13,-0.65,20.42,25.60,0.89,0.73,3.92,3.55,-0.35,0.81,0.00,0
16160,2,91.26,-0.43,91.85,0.59,1.22,-0.65,20.44,25.63,0.52,0.98,3.92,3.55,-0.32,0.75,0.00,0
16180,2,91.28,0.03,91.85,0.57,1.13,-0.65,20.46,25.65,0.82,0.86,3.92,3.55,-0.30,0.84,0.00,0
16200,2,91.30,0.49,91.86,0.55,1.07,-0.64,20.49,25.68,0.66,0.83,3.92,3.55,-0.28,0.75,0.00,0
16220,2,91.30,0.43,91.86,0.56,1.08,-0.64,20.51,25.70,1.00,0.85,3.92,3.55,-0.25,0.92,0.00,0
16240,2,91.27,-0.02,91.87,0.59,1.18,-0.63,20.54,25.72,0.81,0.68,3.92,3.55,-0.23,0.74,0.00,0
16260,2,91.26,-0.33,91.87,0.61,1.24,-0.63,20.56,25.74,0.64,0.73,3.92,3.55,-0.21,0.68,0.00,0
16279,2,91.31,0.25,91.87,0.56,1.09,-0.63,20.58,25.76,0.73,0.79,3.92,3.55,-0.19,0.76,0.00,0
16300,2,91.34,0.40,91.88,0.53,1.03,-0.62,20.60,25.79,0.63,0.80,3.92,3.55,-0.16,0.72,0.00,0
16320,2,91.37,0.33,91.88,0.50,0.98,-0.62,20.62,25.81,0.78,0.84,3.92,3.55,-0.14,0.81,0.00,0
16340,2,91.37,-0.09,91.89,0.51,1.03,-0.61,20.65,25.84,0.75,0.62,3.92,3.55,-0.11,0.68,0.00,0
16360,2,91.32,-1.06,91.89,0.57,1.22,-0.61,20.67,25.86,0.86,0.77,3.92,3.55,-0.09,0.82,0.00,0
16380,2,91.23,-2.24,91.89,0.66,1.50,-0.60,20.69,25.87,0.60,0.59,3.92,3.55,-0.07,0.60,0.00,0
16399,2,91.17,-2.50,91.90,0.73,1.65,-0.60,20.71,25.89,0.69,0.76,3.92,3.55,-0.05,0.72,0.00,0
16420,2,91.16,-1.85,91.90,0.74,1.62,-0.60,20.73,25.92,0.76,0.81,3.92,3.55,-0.03,0.79,0.00,0
16440,2,91.19,-0.80,91.91,0.72,1.49,-0.59,20.76,25.95,1.01,1.10,3.92,3.55,-0.00,1.05,0.00,0
16460,2,91.22,-0.18,91.91,0.69,1.39,-0.59,20.79,25.98,1.17,1.13,3.92,3.55,0.03,1.15,0.00,0
16480,2,91.25,0.07,91.92,0.66,1.32,-0.58,20.82,26.01,1.10,1.08,3.92,3.55,0.06,1.09,0.00,0
16500,2,91.23,-0.36,91.93,0.69,1.40,-0.57,20.86,26.04,0.93,0.86,3.92,3.55,0.09,0.89,0.00,0
16520,2,91.12,-1.76,91.93,0.80,1.75,-0.57,20.88,26.07,0.82,0.88,3.92,3.55,0.12,0.85,0.00,0
16539,2,91.04,-2.47,91.94,0.89,1.98,-0.56,20.91,26.09,0.88,0.82,3.92,3.55,0.15,0.85,0.00,0
16560,2,91.06,-1.55,91.94,0.88,1.87,-0.56,20.94,26.12,0.91,0.92,3.92,3.55,0.17,0.92,0.00,0
16580,2,91.15,-0.06,91.95,0.79,1.59,-0.55,20.97,26.16,1.14,1.06,3.92,3.55,0.21,1.10,0.00,0
16600,2,91.20,0.60,91.96,0.75,1.45,-0.54,21.01,26.19,1.22,1.29,3.92,3.55,0.24,1.25,0.00,0
16620,2,91.22,0.66,91.96,0.74,1.43,-0.54,21.05,26.23,1.13,1.27,3.92,3.55,0.28,1.20,0.00,0
16640,2,91.13,-0.92,91.97,0.83,1.73,-0.53,21.08,26.27,1.12,1.20,3.92,3.55,0.32,1.16,0.00,0
16659,2,90.96,-3.16,91.98,1.01,2.27,-0.52,21.11,26.30,0.91,0.93,3.92,3.55,0.35,0.92,0.00,0
16680,2,90.89,-3.25,91.98,1.08,2.43,-0.52,21.14,26.32,0.95,0.81,3.92,3.55,0.37,0.88,0.00,0
16700,2,90.93,-1.84,91.99,1.05,2.26,-0.51,21.17,26.36,1.08,1.19,3.92,3.55,0.41,1.13,0.00,0
16720,2,91.05,0.23,92.00,0.94,1.87,-0.50,21.21,26.40,1.42,1.49,3.92,3.55,0.45,1.45,0.00,0
16740,2,91.16,1.66,92.01,0.84,1.55,-0.49,21.26,26.45,1.54,1.59,3.92,3.55,0.50,1.56,0.00,0
16759,2,91.16,0.99,92.01,0.85,1.62,-0.49,21.31,26.49,1.49,1.47,3.92,3.55,0.54,1.48,0.00,0
16779,2,91.05,-1.12,92.02,0.97,2.03,-0.48,21.35,26.53,1.16,1.19,3.92,3.55,0.58,1.17,0.00,0
16800,2,90.87,-3.20,92.03,1.15,2.56,-0.47,21.38,26.56,0.96,0.87,3.92,3.55,0.62,0.92,0.00,0
16820,2,90.75,-3.92,92.04,1.28,2.87,-0.46,21.41,26.59,1.05,1.10,3.92,3.55,0.65,1.08,0.00,0
16840,2,90.76,-2.71,92.05,1.28,2.77,-0.45,21.45,26.63,1.44,1.49,3.92,3.55,0.68,1.47,0.00,0
16860,2,90.86,-0.58,92.06,1.19,2.43,-0.44,21.50,26.68,1.62,1.76,3.92,3.55,0.73,1.69,0.00,0
16880,2,90.95,0.77,92.07,1.11,2.15,-0.43,21.55,26.74,1.90,1.80,3.92,3.55,0.79,1.85,0.00,0
16900,2,90.98,0.83,92.08,1.09,2.11,-0.42,21.61,26.79,1.88,1.84,3.92,3.55,0.84,1.86,0.00,0
16919,2,90.86,-1.11,92.09,1.22,2.52,-0.41,21.66,26.84,1.50,1.69,3.92,3.55,0.90,1.60,0.00,0
16940,2,90.73,-2.76,92.10,1.36,2.95,-0.40,21.70,26.89,1.27,1.28,3.92,3.55,0.94,1.27,0.00,0
16960,2,90.61,-3.57,92.11,1.48,3.25,-0.39,21.74,26.93,1.33,1.30,3.92,3.55,0.98,1.31,0.00,0
16981,2,90.57,-3.20,92.12,1.54,3.34,-0.38,21.79,26.98,1.66,1.60,3.92,3.55,1.03,1.63,0.00,0
16999,2,90.64,-1.38,92.13,1.48,3.07,-0.37,21.85,27.03,2.08,2.00,3.92,3.55,1.08,2.04,0.00,0
17020,2,90.73,0.24,92.15,1.40,2.78,-0.35,21.91,27.10,2.07,2.10,3.92,3.55,1.15,2.09,0.00,0
17039,2,90.77,0.64,92.16,1.37,2.69,-0.34,21.98,27.16,2.20,2.29,3.92,3.55,1.21,2.24,0.00,0
17060,2,90.75,-0.11,92.17,1.41,2.83,-0.33,22.04,27.22,1.96,1.97,3.92,3.55,1.28,1.97,0.00,0
17080,2,90.61,-2.25,92.19,1.57,3.32,-0.31,22.10,27.28,1.90,1.92,3.92,3.55,1.33,1.91,0.00,0
17100,2,90.45,-3.90,92.20,1.73,3.77,-0.30,22.15,27.34,1.66,1.65,3.92,3.55,1.39,1.66,0.00,0
17120,2,90.41,-3.54,92.21,1.79,3.86,-0.28,22.20,27.39,1.85,1.85,3.92,3.55,1.44,1.85,0.00,0
17140,2,90.44,-2.21,92.23,1.77,3.72,-0.27,22.27,27.45,2.21,2.18,3.92,3.55,1.50,2.20,0.00,0
17160,2,90.55,-0.16,92.25,1.68,3.36,-0.25,22.34,27.52,2.54,2.50,3.92,3.55,1.58,2.52,0.00,0
17178,2,90.63,0.80,92.26,1.62,3.17,-0.24,22.42,27.60,2.62,2.59,3.92,3.55,1.65,2.60,0.00,0
17200,2,90.59,-0.11,92.28,1.67,3.35,-0.22,22.49,27.68,2.39,2.41,3.92,3.55,1.73,2.40,0.00,0
17221,2,90.46,-2.00,92.29,1.81,3.79,-0.21,22.54,27.73,2.32,2.35,3.92,3.55,1.78,2.34,0.00,0
17239,2,90.29,-4.07,92.31,2.00,4.33,-0.19,22.63,27.81,2.15,2.10,3.92,3.55,1.86,2.13,0.00,0
17260,2,90.18,-4.73,92.33,2.14,4.65,-0.17,22.69,27.88,2.27,2.12,3.92,3.55,1.93,2.20,0.00,0
17280,2,90.21,-3.01,92.35,2.12,4.47,-0.15,22.76,27.93,2.52,2.46,3.92,3.55,1.99,2.49,0.00,0
17299,2,90.31,-1.03,92.37,2.04,4.17,-0.13,22.85,28.03,2.87,2.86,3.92,3.55,2.08,2.87,0.00,0
17320,2,90.41,0.51,92.39,1.96,3.88,-0.11,22.94,28.12,2.98,3.11,3.92,3.55,2.17,3.04,0.00,0
17340,2,90.42,0.31,92.41,1.97,3.91,-0.09,23.03,28.21,2.95,3.07,3.92,3.55,2.26,3.01,0.00,0
17360,2,90.27,-2.06,92.43,2.14,4.44,-0.07,23.11,28.30,2.83,2.77,3.92,3.55,2.35,2.80,0.00,0
17380,2,90.08,-4.37,92.45,2.35,5.05,-0.05,23.19,28.38,2.59,2.49,3.92,3.55,2.43,2.54,0.00,0
17400,2,89.96,-5.01,92.47,2.49,5.38,-0.03,23.27,28.45,2.68,2.56,3.92,3.55,2.50,2.62,0.00,0
17420,2,89.94,-4.09,92.50,2.54,5.40,-0.00,23.35,28.54,2.98,3.07,3.92,3.55,2.59,3.02,0.00,0
17440,2,90.02,-1.90,92.52,2.48,5.11,0.02,23.45,28.63,3.26,3.45,3.92,3.55,2.69,3.35,0.00,0
17460,2,90.11,-0.24,92.55,2.41,4.84,0.05,23.55,28.74,3.50,3.46,3.92,3.55,2.79,3.48,0.00,0
17480,2,90.11,-0.44,92.57,2.44,4.91,0.07,23.66,28.85,3.63,3.44,3.92,3.55,2.90,3.54,0.00,0
17500,2,90.02,-1.70,92.60,2.55,5.23,0.10,23.77,28.95,3.31,3.42,3.92,3.55,3.00,3.37,0.00,0
17520,2,89.86,-3.71,92.63,2.74,5.78,0.13,23.86,29.05,3.11,3.21,3.92,3.55,3.10,3.16,0.00,0
17540,2,89.74,-4.52,92.66,2.89,6.14,0.16,23.96,29.15,3.20,3.33,3.92,3.55,3.20,3.26,0.00,0
17559,2,89.73,-3.55,92.69,2.93,6.14,0.19,24.06,29.25,3.52,3.46,3.92,3.55,3.30,3.49,0.00,0
17580,2,89.77,-2.12,92.72,2.92,6.00,0.22,24.18,29.36,3.85,3.87,3.92,3.55,3.41,3.86,0.00,0
17600,2,89.83,-1.01,92.75,2.89,5.86,0.25,24.30,29.48,4.04,4.03,3.92,3.55,3.53,4.04,0.00,0
17620,2,89.84,-0.82,92.78,2.91,5.89,0.28,24.42,29.60,4.04,4.08,3.92,3.55,3.65,4.06,0.00,0
17640,2,89.78,-1.69,92.81,3.00,6.13,0.31,24.54,29.72,3.97,3.96,3.92,3.55,3.77,3.96,0.00,0
17660,2,89.66,-3.25,92.85,3.15,6.57,0.35,24.66,29.84,3.85,4.01,3.92,3.55,3.89,3.93,0.00,0
17679,2,89.50,-4.84,92.88,3.34,7.08,0.38,24.77,29.96,3.84,3.90,3.92,3.55,4.01,3.87,0.00,0
17700,2,89.39,-5.31,92.92,3.49,7.41,0.42,24.89,30.08,4.14,4.08,3.92,3.55,4.13,4.11,0.00,0
17720,2,89.37,-4.39,92.96,3.55,7.45,0.46,25.02,30.20,4.35,4.35,3.92,3.55,4.26,4.35,0.00,0
17740,2,89.41,-2.91,93.00,3.55,7.34,0.50,25.16,30.34,4.63,4.66,3.92,3.55,4.39,4.64,0.00,0
17760,2,89.44,-1.88,93.04,3.56,7.27,0.54,25.30,30.49,4.87,4.92,3.92,3.55,4.54,4.90,0.00,0
17780,2,89.42,-1.96,93.08,3.62,7.40,0.58,25.45,30.64,4.90,4.85,3.92,3.55,4.69,4.88,0.00,0
17800,2,89.30,-3.44,93.12,3.78,7.84,0.62,25.60,30.78,4.81,4.83,3.92,3.55,4.84,4.82,0.00,0
17820,2,89.15,-4.85,93.16,3.97,8.32,0.66,25.75,30.93,4.79,4.77,3.92,3.55,4.98,4.78,0.00,0
17840,2,89.03,-5.52,93.20,4.12,8.69,0.70,25.89,31.07,4.80,4.95,3.92,3.55,5.13,4.88,0.00,0
17860,2,88.97,-5.29,93.24,4.23,8.89,0.74,26.04,31.23,5.12,5.21,3.92,3.55,5.28,5.16,0.00,0
17880,2,88.97,-4.03,93.28,4.26,8.85,0.78,26.21,31.39,5.54,5.47,3.92,3.55,5.44,5.51,0.00,0
17900,2,88.98,-3.18,93.32,4.30,8.85,0.82,26.38,31.56,5.71,5.74,3.92,3.55,5.61,5.73,0.00,0
17920,2,88.93,-3.41,93.36,4.39,9.06,0.86,26.55,31.73,5.91,5.73,3.92,3.55,5.79,5.82,0.00,0
17939,2,88.83,-4.08,93.40,4.53,9.38,0.90,26.73,31.91,5.85,5.92,3.92,3.55,5.96,5.89,0.00,0
17960,2,88.69,-5.37,93.44,4.71,9.85,0.94,26.91,32.09,5.91,5.78,3.92,3.55,6.14,5.84,0.00,0
17980,2,88.57,-6.03,93.48,4.87,10.22,0.98,27.09,32.27,6.00,6.09,3.92,3.55,6.32,6.05,0.00,0
18000,2,88.50,-5.62,93.52,4.98,10.40,1.02,27.27,32.45,6.26,6.14,3.92,3.55,6.50,6.20,0.00,0
18020,2,88.46,-4.99,93.56,5.06,10.53,1.06,27.46,32.64,6.50,6.48,3.92,3.55,6.70,6.49,0.00,0
18040,2,88.44,-4.24,93.60,5.12,10.58,1.10,27.66,32.85,6.65,6.76,3.92,3.55,6.90,6.71,0.00,0
18059,2,88.41,-3.58,93.64,5.19,10.67,1.14,27.87,33.05,6.89,6.91,3.92,3.55,7.10,6.90,0.00,0
18080,2,88.38,-2.42,93.68,5.26,10.72,1.18,28.08,33.26,6.99,6.88,3.92,3.55,7.31,6.94,0.00,0
18100,2,88.39,-0.36,93.72,5.29,10.61,1.22,28.29,33.47,7.09,6.91,3.92,3.55,7.53,7.00,0.00,0
18120,2,88.57,5.45,93.76,5.15,9.87,1.26,28.50,33.68,6.96,6.96,3.92,3.55,7.74,6.96,0.00,0
18140,2,88.99,13.60,93.80,4.77,8.46,1.30,28.72,33.89,7.15,7.18,3.92,3.55,7.95,7.16,0.00,0
18160,2,89.74,23.88,93.84,4.06,6.21,1.34,28.93,34.11,6.83,6.97,3.92,3.55,8.16,6.90,0.00,0
18180,2,90.55,31.53,93.88,3.29,4.06,1.38,29.13,34.31,6.08,6.63,3.92,3.55,8.37,6.36,0.00,0
18199,2,91.09,32.11,93.92,2.79,3.01,1.42,29.30,34.50,5.29,5.71,3.92,3.55,8.55,5.50,0.00,0
18220,2,91.37,28.51,93.96,2.55,2.82,1.46,29.45,34.64,4.16,4.08,3.92,3.55,8.69,4.12,0.00,0
18240,2,91.30,20.93,94.00,2.66,3.64,1.50,29.55,34.74,2.98,2.70,3.92,3.55,8.79,2.84,0.00,0
18260,2,91.27,15.95,94.04,2.73,4.19,1.54,29.63,34.81,2.32,1.91,3.92,3.55,8.86,2.12,0.00,0
18280,2,91.64,17.67,94.08,2.40,3.40,1.58,29.69,34.87,2.11,2.04,3.92,3.55,8.92,2.07,0.00,0
18299,2,92.20,21.58,94.12,1.88,2.04,1.62,29.76,34.94,2.51,2.82,3.92,3.55,9.00,2.66,0.00,0
18319,2,92.93,26.43,94.16,1.19,0.26,1.66,29.85,35.04,2.80,3.10,3.92,3.55,9.08,2.95,0.00,0
18340,2,93.52,27.56,94.20,0.64,-0.93,1.70,29.93,35.12,2.51,2.59,3.92,3.55,9.17,2.55,0.00,0
18360,2,93.33,17.61,94.24,0.87,0.33,1.74,29.99,35.18,1.60,1.22,3.92,3.55,9.23,1.41,0.00,0
18380,2,93.06,10.38,94.28,1.17,1.52,1.78,30.00,35.19,-0.18,-0.22,3.92,3.55,9.24,-0.20,0.00,0
18400,2,93.27,12.22,94.32,1.00,1.03,1.82,30.00,35.18,0.02,0.08,3.92,3.55,9.23,0.05,0.00,0
18420,2,93.77,17.41,94.36,0.55,-0.29,1.86,30.01,35.19,0.47,0.52,3.92,3.55,9.24,0.49,0.00,0
18440,2,94.63,24.91,94.40,-0.27,-2.52,1.90,30.03,35.21,0.89,0.95,3.92,3.55,9.27,0.92,0.00,0
18459,2,95.26,27.01,94.44,-0.86,-3.89,1.94,30.05,35.24,0.66,0.79,3.92,3.55,9.29,0.72,0.00,0
18480,2,95.48,22.72,94.48,-1.04,-3.90,1.98,30.06,35.25,-0.33,-0.26,3.92,3.55,9.30,-0.30,0.00,0
18500,2,95.45,15.93,94.52,-0.97,-3.21,2.02,30.03,35.22,-1.41,-1.49,3.92,3.55,9.27,-1.45,0.00,0
18520,2,95.13,7.33,94.56,-0.61,-1.80,2.06,29.97,35.16,-2.26,-2.30,3.92,3.55,9.21,-2.28,0.00,0
18540,2,94.94,3.01,94.60,-0.38,-1.00,2.10,29.90,35.08,-2.44,-2.55,3.92,3.55,9.13,-2.50,0.00,0
18560,2,95.18,6.03,94.64,-0.58,-1.65,2.14,29.83,35.01,-2.11,-2.08,3.92,3.55,9.07,-2.10,0.00,0
18579,2,95.76,13.02,94.68,-1.13,-3.29,2.18,29.78,34.97,-1.01,-1.04,3.92,3.55,9.02,-1.03,0.00,0
18600,2,96.44,19.45,94.72,-1.76,-5.07,2.22,29.76,34.95,-0.52,-0.58,3.92,3.55,9.00,-0.55,0.00,0
18620,2,96.88,20.70,94.76,-2.16,-5.98,2.26,29.74,34.93,-0.97,-0.90,3.92,3.56,8.98,-0.93,0.00,0
18640,2,96.77,13.75,94.80,-2.01,-5.13,2.30,29.69,34.88,-2.33,-2.09,3.92,3.55,8.93,-2.21,0.00,0
18660,2,96.54,7.09,94.84,-1.75,-4.06,2.34,29.60,34.79,-3.46,-3.32,3.92,3.55,8.84,-3.39,0.00,0
18680,2,96.42,3.79,94.87,-1.58,-3.47,2.37,29.49,34.68,-3.73,-3.73,3.92,3.55,8.73,-3.73,0.00,0
18699,2,96.55,5.19,94.91,-1.68,-3.77,2.41,29.38,34.57,-3.31,-3.40,3.92,3.55,8.62,-3.35,0.00,0
18720,2,97.17,13.03,94.94,-2.26,-5.56,2.44,29.29,34.48,-2.60,-2.61,3.92,3.55,8.53,-2.61,0.00,0
18740,2,97.86,19.71,94.97,-2.92,-7.41,2.47,29.23,34.41,-2.01,-2.13,3.92,3.55,8.46,-2.07,0.00,0
18760,2,98.37,21.90,94.99,-3.40,-8.55,2.49,29.16,34.34,-2.57,-2.43,3.92,3.55,8.39,-2.50,0.00,0
18780,2,98.56,18.71,95.01,-3.57,-8.64,2.51,29.06,34.25,-3.77,-3.62,3.92,3.56,8.30,-3.70,0.00,0
18800,2,98.36,10.96,95.03,-3.35,-7.58,2.53,28.93,34.12,-4.87,-4.92,3.92,3.56,8.17,-4.89,0.00,0
18820,2,98.13,5.05,95.04,-3.10,-6.60,2.54,28.77,33.96,-5.57,-5.71,3.92,3.55,8.01,-5.64,0.00,0
18839,2,98.12,4.06,95.05,-3.08,-6.48,2.55,28.60,33.79,-5.64,-5.53,3.92,3.55,7.84,-5.58,0.00,0
18860,2,98.42,7.95,95.06,-3.37,-7.37,2.56,28.44,33.63,-4.92,-4.94,3.92,3.55,7.68,-4.93,0.00,0
18880,2,99.15,16.61,95.06,-4.09,-9.51,2.56,28.30,33.49,-4.19,-4.35,3.92,3.55,7.54,-4.27,0.00,0
18900,2,99.85,22.48,95.06,-4.79,-11.37,2.56,28.18,33.37,-4.09,-4.25,3.92,3.55,7.41,-4.17,0.00,0
18920,2,100.14,21.16,95.05,-5.08,-11.86,2.55,28.04,33.23,-4.97,-4.97,3.92,3.55,7.28,-4.97,0.00,0
18940,2,100.23,17.18,95.03,-5.18,-11.73,2.53,27.87,33.06,-6.26,-6.26,3.92,3.55,7.10,-6.26,0.00,0
18959,2,100.10,11.26,95.01,-5.06,-11.03,2.51,27.66,32.85,-7.27,-7.24,3.92,3.55,6.90,-7.26,0.00,0
18981,2,100.00,7.56,94.99,-4.99,-10.58,2.49,27.42,32.61,-7.79,-7.84,3.92,3.55,6.66,-7.82,0.00,0
18999,2,100.22,9.56,94.96,-5.23,-11.22,2.46,27.19,32.38,-7.44,-7.69,3.92,3.55,6.43,-7.57,0.00,0
19020,2,100.71,14.89,94.93,-5.75,-12.70,2.43,26.97,32.16,-7.18,-7.08,3.92,3.55,6.21,-7.13,0.00,0
19040,2,101.44,21.74,94.89,-6.51,-14.76,2.39,26.76,32.00,-6.98,-6.88,3.92,3.55,6.02,-6.93,0.00,0
19060,2,102.02,24.72,94.85,-7.13,-16.24,2.35,26.54,31.73,-7.47,-7.42,3.92,3.55,5.78,-7.44,0.00,0
19080,2,102.26,22.29,94.81,-7.42,-16.62,2.31,26.30,31.49,-8.36,-8.59,3.92,3.55,5.54,-8.47,0.00,0
19099,2,102.34,18.09,94.77,-7.53,-16.51,2.27,26.02,31.22,-9.72,-9.51,3.92,3.55,5.26,-9.62,0.00,0
19120,2,102.28,13.28,94.73,-7.51,-16.09,2.23,25.71,30.91,-10.61,-10.46,3.92,3.55,4.95,-10.53,0.00,0
19140,2,102.33,11.41,94.69,-7.60,-16.12,2.19,25.38,30.58,-10.95,-10.87,3.92,3.55,4.63,-10.91,0.00,0
19160,2,102.69,14.20,94.65,-8.00,-17.13,2.15,25.06,30.25,-10.74,-10.88,3.92,3.55,4.30,-10.81,0.00,0
19180,2,103.24,19.21,94.61,-8.59,-18.73,2.11,24.73,29.93,-10.41,-10.53,3.92,3.55,3.98,-10.47,0.00,0
19200,2,103.99,25.66,94.57,-9.38,-20.82,2.07,24.42,29.61,-10.68,-10.46,3.92,3.55,3.66,-10.57,0.00,0
19219,2,104.67,29.31,94.53,-10.10,-22.55,2.03,24.09,29.28,-11.31,-11.21,3.92,3.55,3.33,-11.26,0.00,0
19240,2,105.06,28.05,94.49,-10.54,-23.32,1.99,23.73,28.92,-12.40,-12.39,3.92,3.55,2.97,-12.39,0.00,0
19260,2,105.25,24.22,94.45,-10.77,-23.47,1.95,23.33,28.52,-13.76,-13.71,3.92,3.55,2.57,-13.74,0.00,0
19280,2,105.32,19.82,94.41,-10.87,-23.33,1.91,22.89,28.09,-14.83,-14.72,3.92,3.55,2.14,-14.78,0.00,0
19300,2,105.52,18.65,94.37,-11.12,-23.72,1.87,22.43,27.63,-15.31,-15.30,3.92,3.55,1.68,-15.30,0.00,0
19319,2,106.06,22.64,94.33,-11.69,-25.00,1.83,21.97,27.17,-15.23,-15.32,3.92,3.55,1.22,-15.28,0.00,8
19339,2,106.80,28.35,94.29,-12.48,-25.00,1.79,21.51,26.71,-15.22,-15.26,3.92,3.55,0.75,-15.24,0.00,8
19360,2,107.40,23.45,94.25,-13.11,-25.00,1.75,21.05,26.24,-15.48,-15.55,3.92,3.55,0.29,-15.51,0.00,8
19380,2,107.26,6.55,94.20,-13.01,-25.00,1.71,20.56,25.76,-16.33,-16.07,3.92,3.56,-0.19,-16.20,0.00,8
19400,2,105.59,-26.78,94.16,-11.38,-20.63,1.67,20.05,25.27,-17.19,-16.12,3.92,3.56,-0.69,-16.66,0.00,0
19420,2,103.53,-54.65,94.12,-9.38,-14.38,1.63,19.55,24.78,-16.21,-16.23,3.92,3.56,-1.19,-16.22,0.00,0
19440,2,101.27,-76.27,94.08,-7.15,-8.21,1.59,19.07,24.29,-15.16,-16.20,3.92,3.56,-1.68,-15.68,0.00,0
19460,2,99.59,-84.15,94.04,-5.51,-4.29,1.55,18.65,23.82,-13.24,-14.32,3.92,3.56,-2.12,-13.78,0.00,0
19479,2,99.26,-72.15,94.00,-5.22,-4.66,1.51,18.30,23.47,-9.78,-9.60,3.92,3.56,-2.47,-9.69,0.00,0
19500,2,99.38,-57.25,93.96,-5.38,-6.18,1.47,18.07,23.25,-5.99,-5.19,3.92,3.56,-2.69,-5.59,0.00,0
19520,2,99.33,-48.56,93.92,-5.37,-6.85,1.43,17.93,23.14,-3.76,-3.06,3.92,3.56,-2.82,-3.41,0.00,0
19540,2,98.42,-53.80,93.88,-4.50,-4.69,1.39,17.83,23.05,-3.48,-3.43,3.92,3.56,-2.92,-3.45,0.00,0
19560,2,96.35,-70.97,93.84,-2.47,0.74,1.35,17.71,22.91,-4.12,-5.09,3.92,3.56,-3.04,-4.60,0.00,0
19580,2,94.17,-82.88,93.81,-0.32,5.98,1.31,17.58,22.75,-4.37,-5.29,3.92,3.55,-3.19,-4.83,0.00,0
19599,2,92.91,-77.97,93.77,0.90,8.03,1.27,17.46,22.61,-3.51,-3.39,3.92,3.55,-3.32,-3.45,0.00,0
19620,2,92.77,-58.70,93.73,1.00,6.69,1.23,17.41,22.58,0.24,0.57,3.92,3.55,-3.36,0.40,0.00,0
19640,2,93.70,-31.63,93.69,0.03,2.58,1.19,17.47,22.66,3.07,3.56,3.92,3.55,-3.29,3.32,0.00,0
19660,2,94.47,-15.04,93.65,-0.78,-0.36,1.15,17.59,22.79,4.58,4.55,3.92,3.55,-3.17,4.57,0.00,0
19680,2,94.22,-16.20,93.61,-0.57,0.16,1.11,17.72,22.92,4.02,3.97,3.92,3.55,-3.04,3.99,0.00,0
19700,2,92.86,-31.30,93.57,0.75,4.00,1.07,17.81,23.00,1.84,1.24,3.92,3.55,-2.95,1.54,0.00,0
19720,2,91.04,-48.13,93.53,2.53,8.91,1.03,17.82,23.00,-0.49,-0.56,3.92,3.55,-2.95,-0.52,0.00,0
19739,2,89.77,-52.26,93.49,3.75,11.69,0.99,17.81,22.99,0.20,0.37,3.92,3.55,-2.96,0.29,0.00,0
19760,2,90.00,-34.44,93.45,3.49,9.73,0.95,17.85,23.04,2.62,2.92,3.92,3.55,-2.91,2.77,0.00,0
19780,2,90.82,-12.90,93.41,2.63,6.29,0.91,17.98,23.17,5.66,5.55,3.92,3.55,-2.78,5.60,0.00,0
19800,2,91.99,7.50,93.37,1.42,2.23,0.87,18.19,23.37,7.29,6.99,3.92,3.55,-2.58,7.14,0.00,0
19820,2,92.54,12.83,93.33,0.83,0.64,0.83,18.40,23.58,6.62,6.44,3.92,3.55,-2.37,6.53,0.00,0
19840,2,91.61,-3.60,93.29,1.72,3.73,0.79,18.55,23.74,3.76,3.90,3.92,3.55,-2.21,3.83,0.00,0
19859,2,90.08,-24.03,93.25,3.20,8.33,0.75,18.62,23.80,0.78,0.87,3.92,3.55,-2.15,0.83,0.00,0
19880,2,88.95,-34.01,93.21,4.30,11.32,0.71,18.63,23.82,0.59,0.71,3.92,3.55,-2.13,0.65,0.00,0
19900,2,88.56,-30.07,93.17,4.65,11.71,0.67,18.68,23.87,2.84,2.73,3.92,3.55,-2.08,2.79,0.00,0
19920,2,89.36,-10.54,93.13,3.81,8.45,0.63,18.82,24.00,5.60,5.51,3.92,3.55,-1.95,5.55,0.00,0
19940,2,90.40,6.94,93.09,2.73,4.91,0.59,19.02,24.20,7.44,7.49,3.92,3.55,-1.74,7.46,0.00,0
19960,2,91.13,15.06,93.05,1.95,2.70,0.55,19.25,24.43,7.41,7.45,3.92,3.55,-1.52,7.43,0.00,0
19979,2,90.87,6.85,93.01,2.18,3.80,0.51,19.45,24.63,5.42,5.55,3.92,3.55,-1.32,5.49,0.00,0
20000,2,89.53,-14.11,92.97,3.48,8.08,0.47,19.57,24.75,2.83,2.74,3.92,3.55,-1.20,2.79,0.00,0
20020,2,88.11,-30.42,92.93,4.86,12.15,0.43,19.63,24.81,1.58,1.75,3.92,3.55,-1.13,1.66,0.00,0
20040,2,87.63,-28.91,92.91,5.31,12.93,0.41,19.69,24.87,2.72,2.64,3.92,3.55,-1.08,2.68,0.00,0
20060,2,87.89,-17.08,92.89,5.02,11.40,0.39,19.82,25.01,5.73,5.69,3.92,3.55,-0.94,5.71,0.00,0
20080,2,88.87,1.40,92.88,4.02,7.93,0.38,20.04,25.22,8.11,7.80,3.92,3.55,-0.73,7.95,0.00,0
20100,2,89.78,13.61,92.87,3.10,5.10,0.37,20.29,25.47,8.44,8.59,3.92,3.55,-0.48,8.51,0.00,0
20119,2,89.68,7.99,92.86,3.19,5.75,0.36,20.53,25.71,7.44,7.51,3.92,3.55,-0.23,7.48,0.00,0
20139,2,88.88,-5.79,92.85,3.98,8.42,0.35,20.72,25.90,4.95,4.91,3.92,3.55,-0.05,4.93,0.00,0
20160,2,87.43,-25.18,92.85,5.42,12.86,0.35,20.83,26.02,3.26,3.28,3.92,3.55,0.07,3.27,0.00,0
20180,2,86.47,-31.93,92.87,6.38,15.32,0.37,20.93,26.11,3.71,3.62,3.92,3.55,0.17,3.66,0.00,0
20200,2,86.59,-21.65,92.89,6.27,14.28,0.39,21.08,26.26,6.02,6.02,3.92,3.55,0.31,6.02,0.00,0
20220,2,87.29,-5.94,92.91,5.59,11.66,0.41,21.31,26.49,8.65,8.63,3.92,3.55,0.54,8.64,0.00,0
20239,2,88.25,9.01,92.94,4.66,8.60,0.44,21.60,26.78,9.89,9.94,3.92,3.55,0.83,9.91,0.00,0
20260,2,88.79,13.40,92.97,4.14,7.22,0.47,21.89,27.08,9.41,9.64,3.92,3.55,1.13,9.52,0.00,0
20280,2,88.12,-0.03,93.00,4.85,9.70,0.50,22.15,27.33,7.44,7.69,3.92,3.55,1.38,7.56,0.00,0
20300,2,86.91,-17.61,93.04,6.09,13.59,0.54,22.34,27.52,5.32,5.31,3.92,3.55,1.57,5.32,0.00,0
20320,2,85.78,-28.98,93.08,7.26,16.83,0.58,22.48,27.67,4.71,4.59,3.92,3.55,1.72,4.65,0.00,0
20340,2,85.32,-27.73,93.12,7.76,17.73,0.62,22.65,27.83,6.60,6.63,3.92,3.55,1.89,6.61,0.00,0
20360,2,85.98,-11.17,93.16,7.13,15.16,0.66,22.90,28.08,9.26,9.16,3.92,3.55,2.13,9.21,0.00,0
20379,2,86.83,3.55,93.20,6.32,12.36,0.70,23.22,28.40,11.20,11.02,3.92,3.55,2.45,11.11,0.00,0
20400,2,87.39,9.73,93.24,5.81,10.84,0.74,23.56,28.74,11.35,11.39,3.92,3.55,2.79,11.37,0.00,0
20420,2,87.38,5.92,93.28,5.85,11.24,0.78,23.89,29.07,9.92,10.11,3.92,3.55,3.12,10.01,0.00,0
20439,2,86.13,-13.85,93.32,7.14,15.40,0.82,24.15,29.34,8.00,8.01,3.92,3.55,3.39,8.01,0.00,0
20460,2,84.75,-30.14,93.36,8.57,19.55,0.86,24.37,29.56,6.67,6.80,3.92,3.55,3.61,6.74,0.00,0
20480,2,84.12,-31.46,93.40,9.24,20.99,0.90,24.59,29.77,7.84,7.63,3.92,3.55,3.82,7.73,0.00,0
20499,2,84.09,-23.42,93.44,9.31,20.49,0.94,24.87,30.05,10.51,10.33,3.92,3.55,4.10,10.42,0.00,0
20520,2,84.91,-5.89,93.48,8.52,17.52,0.98,25.23,30.40,12.83,12.82,3.92,3.55,4.46,12.82,0.00,0
20540,2,85.67,5.74,93.52,7.81,15.16,1.02,25.64,30.81,13.78,13.84,3.92,3.55,4.87,13.81,0.00,0
20560,2,85.85,5.93,93.56,7.67,14.86,1.06,26.05,31.23,13.23,13.37,3.92,3.55,5.28,13.30,0.00,0
20580,2,85.28,-4.86,93.60,8.27,16.93,1.10,26.42,31.60,11.43,11.42,3.92,3.55,5.66,11.43,0.00,0
20600,2,83.76,-25.99,93.64,9.84,21.76,1.14,26.74,31.92,9.62,9.85,3.92,3.55,5.97,9.74,0.00,0
20619,2,82.42,-38.46,93.68,11.22,25.00,1.18,27.02,32.20,9.50,9.37,3.92,3.55,6.25,9.43,0.00,8
20640,2,81.97,-35.01,93.72,11.70,25.00,1.22,27.34,32.52,11.54,11.53,3.92,3.55,6.57,11.53,0.00,8
20660,2,82.14,-23.56,93.76,11.57,25.00,1.26,27.74,32.92,14.50,14.61,3.92,3.55,6.97,14.56,0.00,8
20680,2,82.87,-7.59,93.80,10.89,22.38,1.30,28.21,33.39,16.19,16.27,3.92,3.55,7.44,16.23,0.00,0
20700,2,83.50,2.47,93.84,10.30,20.40,1.34,28.72,33.90,16.83,16.68,3.92,3.55,7.95,16.75,0.00,0
20720,2,83.33,-1.24,93.88,10.51,21.11,1.38,29.21,34.39,16.16,16.11,3.92,3.55,8.45,16.13,0.00,0
[Balance] --- End of log ---
