time_s,tilt_deg,rate_dps,arm_l,arm_r,target_l,target_r,torque_l,torque_r,phase,committed,wheel_rad_s,setpoint,wheel_request,supported
0.0,87.16,0.0,0.0,0.0,0.0,0.0,0.0,0.0,1,0.0,0,87.16,0.0,0.0
0.02,87.16,0.0,0.0,0.0,0.0,0.0,0.0,0.0,1,0.0,0.0,87.16,0.0,0.0
0.04,87.16,0.0,0.0,0.0,0.0,0.0,0.0,0.0,1,0.0,0.0,87.16,0.0,0.0
0.06,87.16,0.0,0.0,0.0,0.0,0.0,0.0,0.0,1,0.0,0.0,87.16,0.0,0.0
0.08,87.16,0.0,0.0,0.0,0.0,0.0,0.0,0.0,1,0.0,0.0,87.16,0.0,0.0
0.1,87.16,0.0,0.0,0.0,0.0,0.0,0.0,0.0,1,0.0,0.0,87.16,0.0,0.0
0.12,87.16,0.0,0.0,0.0,0.0,0.0,0.0,0.0,1,0.0,0.0,87.16,0.0,0.0
0.14,87.16,0.0,0.0,0.0,0.0,0.0,0.0,0.0,1,0.0,0.0,87.16,0.0,0.0
0.16,87.16,0.0,0.0,0.0,0.0,0.0,0.0,0.0,1,0.0,0.0,87.16,0.0,0.0
0.18,87.16,0.0,0.0,0.0,0.0,0.0,0.0,0.0,1,0.0,0.0,87.16,0.0,0.0
0.2,87.16,0.0,0.0,0.0,0.0,0.0,0.0,0.0,1,0.0,0.0,87.16,0.0,0.0
0.22,87.16,0.0,0.0,0.0,0.0,0.0,0.0,0.0,1,0.0,0.0,87.16,0.0,0.0
0.24,87.16,0.0,0.0,0.0,0.0,0.0,0.0,0.0,1,0.0,0.0,87.16,0.0,0.0
0.26,87.16,0.0,0.0,0.0,0.0,0.0,0.0,0.0,1,0.0,0.0,87.16,0.0,0.0
0.28,87.16,0.0,0.0,0.0,0.0,0.0,0.0,0.0,1,0.0,0.0,87.16,0.0,0.0
0.3,87.16,0.0,0.0,0.0,0.0,0.0,0.0,0.0,1,0.0,0.0,87.16,0.0,0.0
0.32,87.16,0.0,0.0,0.0,0.0,0.0,0.0,0.0,1,0.0,0.0,87.16,0.0,0.0
0.34,87.16,0.0,0.0,0.0,0.0,0.0,0.0,0.0,1,0.0,0.0,87.16,0.0,0.0
0.36,87.16,0.0,0.0,0.0,0.0,0.0,0.0,0.0,1,0.0,0.0,87.16,0.0,0.0
0.38,87.16,0.0,0.0,0.0,0.0,0.0,0.0,0.0,1,0.0,0.0,87.16,0.0,0.0
0.4,87.16,0.0,0.0,0.0,0.0,0.0,0.0,0.0,1,0.0,0.0,87.16,0.0,0.0
0.42,87.16,0.0,0.0,0.0,0.0,0.0,0.0,0.0,1,0.0,0.0,87.16,0.0,0.0
0.44,87.16,0.0,0.0,0.0,0.0,0.0,0.0,0.0,1,0.0,0.0,87.16,0.0,0.0
0.46,87.16,0.0,0.0,0.0,0.0,0.0,0.0,0.0,1,0.0,0.0,87.16,0.0,0.0
0.48,87.16,0.0,0.0,0.0,0.0,0.0,0.0,0.0,2,0.0,0.0,87.16,0.0,0.0
0.5,87.16,0.0,0.0,0.0,-0.004999999888241291,0.004999999888241291,0.0,0.0,2,0.0,0.0,87.16,0.0,0.0
0.52,87.16,0.0,0.0,0.0,-0.009999999776482582,0.009999999776482582,0.0,0.0,2,0.0,0.0,87.16,0.0,0.0
0.54,87.16161149337404,0.06323431091571886,-0.0019368399936986087,0.0019368399936986087,-0.014999999664723873,0.014999999664723873,0.009003513961887711,-0.009003513961887711,2,0.0,-0.0007452533413995067,87.16,0.0,0.0
0.56,87.16429473367035,0.10865705918812212,-0.005117116486559323,0.005117116486559323,-0.019999999552965164,0.019999999552965164,0.014656654370104086,-0.014656654370104086,2,0.0,0.0006137362779002789,87.16678170776683,0.0,0.0
0.58,87.16792734780235,0.15644684909421766,-0.009036078051729401,0.009036078051729401,-0.02499999850988388,0.02499999850988388,0.01831943696196547,-0.01831943696196547,2,0.0,0.005488528780377165,87.17825915828962,0.0,0.0
0.6,87.17265531175494,0.2149236699305835,-0.013393868327831146,0.013393868327831146,-0.029999997466802597,0.029999997466802597,0.02079979344225452,-0.02079979344225452,2,0.0,0.014161790069916259,87.19311843565389,0.0,0.0
0.62,87.1787114741755,0.2855672779131756,-0.018012352091165727,0.018012352091165727,-0.034999996423721313,0.034999996423721313,0.022577678751146617,-0.022577678751146617,2,0.0,0.026260388610823585,87.21065599781022,0.0,0.0
0.64,87.18631472301091,0.36619810960814325,-0.02278570531382321,0.02278570531382321,-0.03999999538064003,0.03999999538064003,0.023938213288063774,-0.023938213288063774,2,0.0,0.041070343948722964,87.2304170097797,0.0,0.0
0.66,87.19561965898873,0.45296134905356644,-0.02765106143155055,0.02765106143155055,-0.044999994337558746,0.044999994337558746,0.02505076800896053,-0.02505076800896053,2,0.0,0.05774216797398905,87.25202830044967,0.0,0.0
0.68,87.20669732832464,0.5415382599156255,-0.0325710734687745,0.0325710734687745,-0.04999999329447746,0.04999999329447746,0.026015952880754988,-0.026015952880754988,2,0.0,0.07542147301136565,87.27513333880566,0.0,0.0
0.7000000000000001,87.21953451696653,0.6278588093966011,-0.03752355480529333,0.03752355480529333,-0.05499999225139618,0.05499999225139618,0.026893529360322695,-0.026893529360322695,2,0.0,0.09332870036298307,87.29937709710634,0.0,0.0
0.72,87.23404356288017,0.7084913262995279,-0.0424953250936112,0.0424953250936112,-0.059999991208314896,0.059999991208314896,0.0277189922012216,-0.0277189922012216,2,0.0,0.11080399243469106,87.32441247261163,0.0,0.0
0.74,87.25007748796989,0.7808221069417745,-0.04747855431912774,0.04747855431912774,-0.06499999016523361,0.06499999016523361,0.028513420120599892,-0.028513420120599892,2,0.0,0.12732799944681317,87.34991351835768,0.0,0.0
0.76,87.26744708482656,0.8430986590626461,-0.05246859092552693,0.05246859092552693,-0.06999999284744263,0.06999999284744263,0.02928932773995157,-0.02928932773995157,2,0.0,0.14252605760912213,87.37558833763886,0.0,0.0
0.78,87.28593780064215,0.8943859800659394,-0.057462671574901314,0.057462671574901314,-0.07499999552965164,0.07499999552965164,0.03005414202548857,-0.03005414202548857,2,0.0,0.1561610585489666,87.40118864125503,0.0,0.0
0.8,87.30532508036833,0.9344700878023593,-0.06245915601246018,0.06245915601246018,-0.07999999821186066,0.07999999821186066,0.030812274474259892,-0.030812274474259892,2,0.0,0.1681189666465712,87.42651513610868,0.0,0.0
0.8200000000000001,87.32538739698981,0.9637328005785262,-0.06745706862026206,0.06745706862026206,-0.08500000089406967,0.08500000089406967,0.031566324570377745,-0.031566324570377745,2,0.0,0.17839001416135422,87.45141898128638,0.0,0.0
0.84,87.34591661663389,0.9830157667351949,-0.0724558296574288,0.0724558296574288,-0.09000000357627869,0.09000000357627869,0.032317835726138625,-0.032317835726138625,2,0.0,0.18704789754249454,87.47579998047071,0.0,0.0
0.86,87.36672562290916,0.9934854943749327,-0.07745509471881162,0.07745509471881162,-0.0950000062584877,0.0950000062584877,0.03306771725337319,-0.03306771725337319,2,0.0,0.19422875724470715,87.49960237007762,0.0,0.0
0.88,87.38765333432573,0.9965082660945654,-0.08245465920454362,0.08245465920454362,-0.10000000894069672,0.10000000894069672,0.03381650176538421,-0.03381650176538421,2,0.0,0.20011123821444204,87.52280898560365,0.0,0.0
0.9,87.40856738098792,0.9935402656590545,-0.0874544015685164,0.0874544015685164,-0.10500001162290573,0.10500001162290573,0.034564498092103796,-0.034564498092103796,2,0.0,0.20489852461740152,87.54543452089277,0.0,0.0
0.92,87.42936478560537,0.9860358977723908,-0.09245424960415095,0.09245424960415095,-0.11000001430511475,0.11000001430511475,0.0353118821230211,-0.0353118821230211,2,0.0,0.20880290044148375,87.56751846814194,0.0,0.0
0.9400000000000001,87.44997103046433,0.97537538958282,-0.09745416041587354,0.09745416041587354,-0.11500001698732376,0.11500001698732376,0.03605875077463039,-0.03605875077463039,2,0.0,0.21203310682779855,87.58911819928906,0.0,0.0
0.96,87.47033789632245,0.9628113498143783,-0.10245410852082269,0.10245410852082269,-0.12000001966953278,0.12000001966953278,0.03680515405123727,-0.03680515405123727,2,0.0,0.21478454589653198,87.61030253082077,0.0,0.0
0.98,87.49044044012201,0.9494329625648992,-0.10745407878046155,0.10745407878046155,-0.1250000149011612,0.1250000149011612,0.03755111409175659,-0.03755111409175659,2,0.0,0.21723221512442556,87.63114600810891,0.0,0.0
1.0,87.51027344349501,0.9361458410052196,-0.11245406220147902,0.11245406220147902,-0.1300000101327896,0.1300000101327896,0.038296636485015106,-0.038296636485015106,2,0.0,0.21952613971719664,87.651724054003,0.0,0.0
1.02,87.52984761718874,0.9236650957525664,-0.117454050732962,0.117454050732962,-0.13500000536441803,0.13500000536441803,0.039041703099557505,-0.039041703099557505,2,0.0,0.22178899646680927,87.67210904987934,0.0,0.0
1.04,87.5491858091306,0.9125196499085426,-0.12245404198425253,0.12245404198425253,-0.14000000059604645,0.14000000059604645,0.039786322944903724,-0.039786322944903724,2,0.0,0.22411557319391923,87.69236734570744,0.0,0.0
1.06,87.56831938815375,0.9030641685924606,-0.12745403485129203,0.12745403485129203,-0.14499999582767487,0.14499999582767487,0.04053048038141249,-0.04053048038141249,2,0.0,0.22657372023873515,87.71255719724266,0.0,0.0
1.08,87.58728495409098,0.8954975429354736,-0.1324540286781953,0.1324540286781953,-0.14999999105930328,0.14999999105930328,0.04127415857305254,-0.04127415857305254,2,0.0,0.2292064201668921,87.73272748721875,0.0,0.0
1.1,87.60612146579504,0.889885035233334,-0.1374540230753223,0.1374540230753223,-0.1549999862909317,0.1549999862909317,0.04201733997818357,-0.04201733997818357,2,0.0,0.23203464709300659,87.75291717304205,0.0,0.0
1.12,87.6248678411403,0.8861824054199083,-0.14245401781120065,0.14245401781120065,-0.15999998152256012,0.15999998152256012,0.042760006641275015,-0.042760006641275015,2,0.0,0.23506071509219803,87.77315533316803,0.0,0.0
1.1400000000000001,87.64356104945311,0.884260442459493,-0.1474540127483201,0.1474540127483201,-0.16499997675418854,0.16499997675418854,0.043502140366418085,-0.043502140366418085,2,0.0,0.23827185312427016,87.79346168747007,0.0,0.0
1.16,87.66223468875856,0.8839286291326585,-0.15245400780499035,0.15245400780499035,-0.16999997198581696,0.16999997198581696,0.04424372282055523,-0.04424372282055523,2,0.0,0.24164378689073554,87.81384747002551,0.0,0.0
1.18,87.68091801827406,0.8849569688444023,-0.15745400293268183,0.15745400293268183,-0.17499996721744537,0.17499996721744537,0.04498473559500617,-0.04498473559500617,2,0.0,0.2451441523098798,87.83431653980537,0.0,0.0
1.2,87.69963540048758,0.8870952872736572,-0.16245399810256472,0.16245399810256472,-0.1799999624490738,0.1799999624490738,0.045725160242255834,-0.045725160242255834,2,0.0,0.2487356087650008,87.85486662610602,0.0,0.0
1.22,87.71840609650022,0.8900895811804701,-0.16745399329751212,0.16745399329751212,-0.1849999576807022,0.1849999576807022,0.04646497829796178,-0.04646497829796178,2,0.0,0.2523785612733127,87.8754906197792,0.0,0.0
1.24,87.73724435250871,0.8936952150713832,-0.17245398850734955,0.17245398850734955,-0.18999995291233063,0.18999995291233063,0.0472041712941023,-0.0472041712941023,2,0.0,0.2560334379220656,87.8961778371217,0.0,0.0
1.26,87.75615971367417,0.8976869594431216,-0.17745398372603266,0.17745398372603266,-0.19499994814395905,0.19499994814395905,0.047942720767313825,-0.047942720767313825,2,0.0,0.2596625013661192,87.91691519956339,0.0,0.0
1.28,87.77515750342576,0.9018660198091821,-0.18245397894997065,0.18245397894997065,-0.19999994337558746,0.19999994337558746,0.04868060826354407,-0.04868060826354407,2,0.0,0.2632312002707357,87.9376882881238,0.0,0.0
1.3,87.79423941072247,0.9060643234031714,-0.18745397417703047,0.18745397417703047,-0.20499993860721588,0.20499993860721588,0.04941781534147405,-0.04941781534147405,2,0.0,0.2667090880392218,87.95848224627125,0.0,0.0
1.32,87.81340413419666,0.9101464118304365,-0.1924539694059448,0.1924539694059448,-0.2099999338388443,0.2099999338388443,0.05015432357438333,-0.05015432357438333,2,0.0,0.2700703520182529,87.97928251780445,0.0,0.0
1.34,87.83264803973458,0.9140093359369861,-0.19745396463596085,0.19745396463596085,-0.21499992907047272,0.21499992907047272,0.05089011455169541,-0.05089011455169541,2,0.0,0.273294006918941,88.00007541736112,0.0,0.0
1.36,87.85196579628459,0.9175809678218386,-0.20245395986663145,0.20245395986663145,-0.21999992430210114,0.21999992430210114,0.051625169879904426,-0.051625169879904426,2,0.0,0.2763638119324455,88.02084853999162,0.0,0.0
1.3800000000000001,87.87135096299325,0.9208171390351605,-0.20745395509769085,0.20745395509769085,-0.22499991953372955,0.22499991953372955,0.05235947118342511,-0.05235947118342511,2,0.0,0.27926797261306335,88.04159102291348,0.0,0.0
1.4000000000000001,87.89079650871913,0.9236979887295997,-0.21245395032898126,0.21245395032898126,-0.22999991476535797,0.22999991476535797,0.05309300010523673,-0.05309300010523673,2,0.0,0.2819986867944401,88.06229367719165,0.0,0.0
1.42,87.91029525223665,0.9262238660495123,-0.21745394556040887,0.21745394556040887,-0.2349999099969864,0.2349999099969864,0.053825738307406515,-0.053825738307406515,2,0.0,0.2845515893757495,88.08294900986417,0.0,0.0
1.44,87.92984021779284,0.9284110822670268,-0.22245394079191796,0.22245394079191796,-0.2399999052286148,0.2399999052286148,0.05455766747172194,-0.05455766747172194,2,0.0,0.28692514452782075,88.10355115820167,0.0,0.0
1.46,87.94942490598372,0.9302877545189393,-0.22745393602347552,0.22745393602347552,-0.24499990046024323,0.24499990046024323,0.0552887693001109,-0.0552887693001109,2,0.0,0.28912002643007945,88.12409575762933,0.0,0.0
1.48,87.96904348412312,0.931889928243843,-0.23245393125506186,0.23245393125506186,-0.24999989569187164,0.24999989569187164,0.05601902551516877,-0.05601902551516877,2,0.0,0.2911385216809305,88.14457976364162,0.0,0.0
1.5,87.98869090340243,0.9332581126092748,-0.2374539264866653,0.2374539264866653,-0.25499990582466125,0.25499990582466125,0.056748417860579096,-0.056748417860579096,2,0.0,0.2929839785459098,88.16500124607941,0.0,0.0
1.52,88.00836295224849,0.9344343146615912,-0.24245392171827884,0.24245392171827884,-0.2599999010562897,0.2599999010562897,0.05747692810164049,-0.05747692810164049,2,0.0,0.29466032063112746,88.1853591716773,0.0,0.0
1.54,88.02805626101706,0.9354598146808215,-0.247453922366459,0.247453922366459,-0.2649998962879181,0.2649998962879181,0.05820456579178817,-0.05820456579178817,2,0.0,0.29617163378573347,88.20565318805212,0.0,0.0
1.56,88.04776824522635,0.9363724329561065,-0.2524539214481909,0.2524539214481909,-0.2699998915195465,0.2699998915195465,0.058931246815431514,-0.058931246815431514,2,0.0,0.29752184812279353,88.22588343857024,0.0,0.0
1.58,88.06749704890527,0.9372066212438808,-0.25745391896704023,0.25745391896704023,-0.2749998867511749,0.2749998867511749,0.05965699538194579,-0.05965699538194579,2,0.0,0.2987144622504365,88.24605031536117,0.0,0.0
1.6,88.08724144372792,0.9379914594445844,-0.262453915557432,0.262453915557432,-0.27999988198280334,0.27999988198280334,0.06038179163586082,-0.06038179163586082,2,0.0,0.2997523797616318,88.26615436692403,0.0,0.0
1.62,88.10700072160888,0.9387505907527203,-0.26745391159625737,0.26745391159625737,-0.28499987721443176,0.28499987721443176,0.06110561644012327,-0.06110561644012327,2,0.0,0.3006378033755499,88.28619614142428,0.0,0.0
1.6400000000000001,88.1267745838173,0.9395021360939456,-0.2724539073074152,0.2724539073074152,-0.2899998724460602,0.2899998724460602,0.06182845109496909,-0.06182845109496909,2,0.0,0.3013721866083764,88.30617607953847,0.0,0.0
1.6600000000000001,88.14656303196045,0.9402588985401481,-0.27745390282391647,0.27745390282391647,-0.2949998676776886,0.2949998676776886,0.06255027717069424,-0.06255027717069424,2,0.0,0.30195623527824905,88.32609443773016,0.0,0.0
1.68,88.16636626581358,0.9410287865752395,-0.28245389822477845,0.28245389822477845,-0.299999862909317,0.299999862909317,0.06327107640831159,-0.06327107640831159,2,0.0,0.30238994840984523,88.34595123678754,0.0,0.0
1.7,88.1861845915895,0.9418153895268514,-0.287453893556943,0.287453893556943,-0.30499985814094543,0.30499985814094543,0.06399083066128321,-0.06399083066128321,2,0.0,0.30267268838280315,88.36574623304757,0.0,0.0
1.72,88.20601834297602,0.9426186449986702,-0.2924538888482967,0.2924538888482967,-0.30999985337257385,0.30999985337257385,0.06470952186049789,-0.06470952186049789,2,0.0,0.30280327085438713,88.38547890907422,0.0,0.0
1.74,88.22586781615314,0.9434355462423668,-0.29745388411540596,0.29745388411540596,-0.31499984860420227,0.31499984860420227,0.0654271319940713,-0.0654271319940713,2,0.0,0.3027800659968766,88.40514848026073,0.0,0.0
1.76,88.24573321906198,0.9442608463696451,-0.30245387936811235,0.30245387936811235,-0.3199998438358307,0.3199998438358307,0.06614364309514206,-0.06614364309514206,2,0.0,0.30260110380564803,88.42475391377107,0.0,0.0
1.78,88.26561463444025,0.9450877254969822,-0.3074538746122626,0.3074538746122626,-0.3249998390674591,0.3249998390674591,0.06685903723539888,-0.06685903723539888,2,0.0,0.30226417755050383,88.44429395637343,0.0,0.0
1.8,88.28551199556576,0.945908395851808,-0.3124538698513297,0.3124538698513297,-0.3299998342990875,0.3299998342990875,0.06757329652050595,-0.06757329652050595,2,0.0,0.30176694077567506,88.46376716800079,0.0,0.0
1.82,88.30542507324672,0.9467146281484691,-0.31745386508737733,0.31745386508737733,-0.33499982953071594,0.33499982953071594,0.06828640308852292,-0.06828640308852292,2,0.0,0.3011069945323779,88.48317195825256,0.0,0.0
1.84,88.32535347235297,0.9474981899153719,-0.32245386032163104,0.32245386032163104,-0.33999982476234436,0.33999982476234436,0.0689983391086223,-0.0689983391086223,2,0.0,0.3002819627022544,88.50250662349013,0.0,0.0
1.86,88.34529663607124,0.9482511927330478,-0.32745385555481904,0.32745385555481904,-0.3449998199939728,0.3449998199939728,0.06970908678048296,-0.06970908678048296,2,0.0,0.29928955430291815,88.52176938264134,0.0,0.0
1.8800000000000001,88.36525385606997,0.948966350455632,-0.332453850787374,0.332453850787374,-0.3499998152256012,0.3499998152256012,0.07041862833426706,-0.07041862833426706,2,0.0,0.2981276125376449,88.5409584102864,0.0,0.0
1.9000000000000001,88.38522428684988,0.9496371544297401,-0.33745384601955275,0.33745384601955275,-0.3549998104572296,0.3549998104572296,0.07112694603083272,-0.07112694603083272,2,0.0,0.296794151051617,88.56007186603156,0.0,0.0
1.92,88.40520696271328,0.950257974538696,-0.3424538412515082,0.3424538412515082,-0.35999980568885803,0.35999980568885803,0.07183402216190371,-0.07183402216190371,2,0.0,0.2952873783871075,88.57910791956613,0.0,0.0
1.94,88.42520081598506,0.9508240966926802,-0.34745383648333084,0.34745383648333084,-0.36499980092048645,0.36499980092048645,0.07253983905037598,-0.07253983905037598,2,0.0,0.2936057120003453,88.59806477113716,0.0,0.0
1.96,88.4452046953447,0.951331708279084,-0.3524538317150746,0.3524538317150746,-0.36999979615211487,0.36999979615211487,0.07324437905076334,-0.07324437905076334,2,0.0,0.29174778342841445,88.61694066745702,0.0,0.0
1.98,88.46521738336249,0.9517778432270355,-0.35745382694677164,0.35745382694677164,-0.3749997913837433,0.3749997913837433,0.07394762454960505,-0.07394762454960505,2,0.0,0.2897124362945313,88.63573391327922,0.0,0.0
2.0,88.48523761256318,0.9521602978786581,-0.3624538221784407,0.3624538221784407,-0.3799997866153717,0.3799997866153717,0.07464955796572992,-0.07464955796572992,2,0.0,0.2874987188362748,88.65444287904133,0.0,0.0
2.02,88.5052640795549,0.9524775279452544,-0.36745381741009325,0.36745381741009325,-0.3849997818470001,0.3849997818470001,0.07535016175083868,-0.07535016175083868,2,0.0,0.2851058725555957,88.67306600508279,0.0,0.0
2.04,88.52529545695351,0.952728535601353,-0.37245381264173605,0.37245381264173605,-0.38999977707862854,0.38999977707862854,0.07604941838990753,-0.07604941838990753,2,0.0,0.28253331844330504,88.69160180300756,0.0,0.0
2.06,88.5453304029982,0.9529127543562722,-0.377453807873373,0.377453807873373,-0.39499977231025696,0.39499977231025696,0.0767473104015553,-0.0767473104015553,2,0.0,0.27978064204396214,88.7100488547818,0.0,0.0
2.08,88.56536756888976,0.9530299378533799,-0.3824538031050065,0.3824538031050065,-0.3999997675418854,0.3999997675418854,0.07744382033855166,-0.07744382033855166,2,0.0,0.27684757841754365,88.72840581014475,0.0,0.0
2.1,88.58540560398886,0.9530800572705721,-0.38745379833663796,0.38745379833663796,-0.4049997627735138,0.4049997627735138,0.0781389307882889,-0.0781389307882889,2,0.0,0.273733997837146,88.74667138287329,0.0,0.0
2.12,88.60544315908888,0.9530632105987917,-0.39245379356826815,0.39245379356826815,-0.4099997580051422,0.4099997580051422,0.07883262437293317,-0.07883262437293317,2,0.0,0.2704398928490623,88.76484434638404,0.0,0.0
2.14,88.6254788880283,0.9529795458122653,-0.3974537887998977,0.3974537887998977,-0.41499975323677063,0.41499975323677063,0.07952488375032069,-0.07952488375032069,2,0.0,0.26696536712273566,88.78292352908889,0.0,0.0
2.16,88.64551144793448,0.9528291988513776,-0.40245378403152676,0.40245378403152676,-0.41999974846839905,0.41999974846839905,0.0802156916140006,-0.0802156916140006,2,0.0,0.26331062634046976,88.80090780984632,0.0,0.0
2.18,88.66553949839869,0.9526122464254595,-0.4074537792631555,0.4074537792631555,-0.42499974370002747,0.42499974370002747,0.08090503069380973,-0.08090503069380973,2,0.0,0.25947597122338506,88.81879611377488,0.0,0.0
2.2,88.68556169987224,0.9523286729254888,-0.41245377449478415,0.41245377449478415,-0.4299997389316559,0.4299997389316559,0.08159288375644647,-0.08159288375644647,2,0.0,0.2554617926647752,88.83658740862377,0.0,0.0
2.22,88.70557671155407,0.9519783502023195,-0.41745376972641274,0.41745376972641274,-0.4349997341632843,0.4349997341632843,0.08227923360554629,-0.08227923360554629,2,0.0,0.25126856884383875,88.85428070182813,0.0,0.0
2.24,88.72558318900914,0.9515610286030098,-0.42245376495804127,0.42245376495804127,-0.4399997293949127,0.4399997293949127,0.08296406308246697,-0.08296406308246697,2,0.0,0.24689686412117245,88.87187503831774,0.0,0.0
2.2600000000000002,88.7455797817227,0.9510763374538799,-0.42745376018966974,0.42745376018966974,-0.44499972462654114,0.44499972462654114,0.08364735506653992,-0.08364735506653992,2,0.0,0.24234732947080223,88.88936949909841,0.0,0.0
2.2800000000000002,88.7655651307582,0.9505237930977751,-0.4324537554212982,0.4324537554212982,-0.44999971985816956,0.44999971985816956,0.0843290924755337,-0.0843290924755337,2,0.0,0.23762070417748354,88.90676320058378,0.0,0.0
2.3000000000000003,88.78553786664764,0.9499028126282375,-0.4374537506529267,0.4374537506529267,-0.454999715089798,0.454999715089798,0.0850092582660811,-0.0850092582660811,2,0.0,0.23271781852135134,88.9240552946253,0.0,0.0
2.32,88.80549660760832,0.9492127315756348,-0.4424537458845551,0.4424537458845551,-0.4599997103214264,0.4599997103214264,0.08568783543410524,-0.08568783543410524,2,0.0,0.22763959717932508,88.94124496916507,0.0,0.0
2.34,88.82543995814605,0.9484528239759807,-0.4474537411161835,0.4474537411161835,-0.4649997055530548,0.4649997055530548,0.0863648070152446,-0.0863648070152446,2,0.0,0.22238706309168868,88.95833144942294,0.0,0.0
2.36,88.84536650807628,0.9476223234650221,-0.45245373634781194,0.45245373634781194,-0.4699997007846832,0.4699997007846832,0.08704015608527717,-0.08704015608527717,2,0.0,0.2169613415688879,88.97531399952184,0.0,0.0
2.38,88.86527483196963,0.9467204442773286,-0.45745373157944036,0.45745373157944036,-0.47499969601631165,0.47499969601631165,0.08771386576054362,-0.08771386576054362,2,0.0,0.21136366444591123,88.99219192445507,0.0,0.0
2.4,88.88516348900923,0.9457464012658637,-0.4624537268110688,0.4624537268110688,-0.47999969124794006,0.47999969124794006,0.08838591919836924,-0.08838591919836924,2,0.0,0.2055953741254761,89.00896457230213,0.0,0.0
2.42,88.90503102323176,0.9446994282903666,-0.4674537220426972,0.4674537220426972,-0.4849996864795685,0.4849996864795685,0.08905629959748518,-0.08905629959748518,2,0.0,0.19965792738602134,89.025631336608,0.0,0.0
2.44,88.92487596411391,0.943578794537486,-0.4724537172743256,0.4724537172743256,-0.4899996817111969,0.4899996817111969,0.0897249901984483,-0.0897249901984483,2,0.0,0.19355289886372365,89.04219165885,0.0,0.0
2.46,88.94469682745915,0.9423838185235336,-0.47745371250595403,0.47745371250595403,-0.4949996769428253,0.4949996769428253,0.09039197428406032,-0.09039197428406032,2,0.0,0.18728198414777925,89.0586450309277,0.0,0.0
2.48,88.96449211653729,0.9411138796949308,-0.48245370773758245,0.48245370773758245,-0.49999967217445374,0.49999967217445374,0.09105723517978563,-0.09105723517978563,2,0.0,0.18084700245526436,89.07499099762354,0.0,0.0
2.5,88.98426032342842,0.9397684276710353,-0.48745370296921087,0.48745370296921087,-0.5049996972084045,0.5049996972084045,0.09172075625416819,-0.09172075625416819,2,0.0,0.17424989887408215,89.09122915899314,0.0,0.0
2.52,89.00399993052585,0.9383469892786652,-0.4924536982008393,0.4924536982008393,-0.509999692440033,0.509999692440033,0.09238252091924737,-0.09238252091924737,2,0.0,0.16749274618113122,89.1073591726561,0.0,0.0
2.54,89.02370942120989,0.9368495725195329,-0.4974537042655889,0.4974537042655889,-0.5149996876716614,0.5149996876716614,0.09304256801583435,-0.09304256801583435,2,0.0,0.1605777424351495,89.12338075596732,0.0,0.0
2.56,89.0433872519966,0.9352749537434453,-0.5024537071974347,0.5024537071974347,-0.5199996829032898,0.5199996829032898,0.09370074938005876,-0.09370074938005876,2,0.0,0.15350723863016763,89.13929372616467,0.0,0.0
2.58,89.0630318876602,0.9336235601938748,-0.5074537070035111,0.5074537070035111,-0.5249996781349182,0.5249996781349182,0.09435713331179271,-0.09435713331179271,2,0.0,0.14628369134066319,89.15509787835124,0.0,0.0
2.6,89.0826417903832,0.9318951896380235,-0.5124537049526698,0.5124537049526698,-0.5299996733665466,0.5299996733665466,0.09501169996140515,-0.09501169996140515,2,0.0,0.1389096878304262,89.17079312217957,0.0,0.0
2.62,89.10221542016848,0.9300897588205418,-0.5174537017986944,0.5174537017986944,-0.534999668598175,0.534999668598175,0.09566443092068368,-0.09566443092068368,2,0.0,0.13138794965353306,89.18637943695687,0.0,0.0
2.64,89.12175123710007,0.9282072913488926,-0.522453697989383,0.522453697989383,-0.5399996638298035,0.5399996638298035,0.0963153086570777,-0.0963153086570777,2,0.0,0.12372133159177444,89.20185686834463,0.0,0.0
2.66,89.14124770340034,0.9262479094191829,-0.5274536937907577,0.5274536937907577,-0.5449996590614319,0.5449996590614319,0.09696431617711902,-0.09696431617711902,2,0.0,0.11591282073907618,89.21722553105164,0.0,0.0
2.68,89.16070328534548,0.9242118279206443,-0.5324536893608538,0.5324536893608538,-0.5499996542930603,0.5499996542930603,0.09761143682701347,-0.09761143682701347,2,0.0,0.10796553563277186,89.23248561080064,0.0,0.0
2.7,89.18011645508076,0.9220993502312799,-0.5374536847935548,0.5374536847935548,-0.5549996495246887,0.5549996495246887,0.09825665417397918,-0.09825665417397918,2,0.0,0.09988272539957499,89.24763736590626,0.0,0.0
2.72,89.19948569236458,0.919910865244494,-0.542453680144634,0.542453680144634,-0.5599996447563171,0.5599996447563171,0.09889995193650279,-0.09889995193650279,2,0.0,0.09166776889070402,89.26268112861513,0.0,0.0
2.74,89.21880948626274,0.9176468453271907,-0.5474536754472241,0.5474536754472241,-0.5649996399879456,0.5649996399879456,0.09954131394210206,-0.09954131394210206,2,0.0,0.0833241737881351,89.27761730629861,0.0,0.0
2.7600000000000002,89.23808633681004,0.9153078450104271,-0.5524536707210087,0.5524536707210087,-0.569999635219574,0.569999635219574,0.10018072410350651,-0.10018072410350651,2,0.0,0.07485557566866663,89.29244638255115,0.0,0.0
2.7800000000000002,89.25731475665201,0.9128945002751122,-0.5574536659776808,0.5574536659776808,-0.5749996304512024,0.5749996304512024,0.10081816640364942,-0.10081816640364942,2,0.0,0.06626573701521783,89.30716891822503,0.0,0.0
2.8000000000000003,89.27649327267754,0.9104075283295805,-0.5624536612241867,0.5624536612241867,-0.5799996256828308,0.5799996256828308,0.1014536248878257,-0.1014536248878257,2,0.0,0.05755854616602499,89.32178555241856,0.0,0.0
2.82,89.29562042765184,0.9078477277905846,-0.5674536564646533,0.5674536564646533,-0.5849996209144592,0.5849996209144592,0.10208708365830356,-0.10208708365830356,2,0.0,0.048738016191893496,89.33629700342573,0.0,0.0
2.84,89.31469478185606,0.9052159791885337,-0.5724536517015323,0.5724536517015323,-0.5899996161460876,0.5899996161460876,0.10271852687210038,-0.10271852687210038,2,0.0,0.03980828369150107,89.35070406965076,0.0,0.0
2.86,89.33371491473986,0.9025132457202697,-0.5774536469362799,0.5774536469362799,-0.5949996113777161,0.5949996113777161,0.10334793873912257,-0.10334793873912257,2,0.0,0.03077360749384147,89.36500763048666,0.0,0.0
2.88,89.35267942659077,0.8997405741754694,-0.5824536421697615,0.5824536421697615,-0.5999996066093445,0.5999996066093445,0.10397530352197325,-0.10397530352197325,2,0.0,0.021638367256749214,89.37920864715514,0.0,0.0
2.9,89.37158694022295,0.8968990959649111,-0.5874536374024907,0.5874536374024907,-0.6049996018409729,0.6049996018409729,0.10460060553509778,-0.10460060553509778,2,0.0,0.012407061950023382,89.3933081635032,0.0,0.0
2.92,89.39043610268651,0.8939900281818384,-0.5924536326347731,0.5924536326347731,-0.6099995970726013,0.6099995970726013,0.10522382914519444,-0.10522382914519444,2,0.0,0.003084308212131526,89.4073073067506,0.0,0.0
2.94,89.40922558699747,0.891014674635186,-0.59745362786679,0.59745362786679,-0.6149995923042297,0.6149995923042297,0.10584495877118975,-0.10584495877118975,2,0.0,-0.006325161429876946,89.42120728818203,0.0,0.0
2.96,89.42795409388688,0.8879744267953658,-0.6024536230986491,0.6024536230986491,-0.6199995875358582,0.6199995875358582,0.10646397888470546,-0.10646397888470546,2,0.0,-0.015816500487115318,89.4350094037769,0.0,0.0
2.98,89.44662035356694,0.8848707646056995,-0.6074536183304147,0.6074536183304147,-0.6249995827674866,0.6249995827674866,0.10708087401002434,-0.10708087401002434,2,0.0,-0.02538475059040994,89.44871503476989,0.0,0.0
3.0,89.46522312751061,0.881705257114632,-0.6124536135621245,0.6124536135621245,-0.629999577999115,0.629999577999115,0.10769562872483458,-0.10769562872483458,2,0.0,-0.035024843734147236,89.46232564813499,0.0,0.0
3.02,89.4837608869292,0.8784524664811909,-0.6174536087938012,0.6174536087938012,-0.6349995732307434,0.6349995732307434,0.10830822766019037,-0.10830822766019037,2,0.0,-0.044735468031866045,89.47583593850031,0.0,0.0
3.04,89.50223219502618,0.8751377542759947,-0.6224536040254584,0.6224536040254584,-0.6399995684623718,0.6399995684623718,0.10891865550118113,-0.10891865550118113,2,0.0,-0.05450793341888505,89.48925756548297,0.0,0.0
3.06,89.52063641285682,0.8718102513260036,-0.6274535992571039,0.6274535992571039,-0.6449995636940002,0.6449995636940002,0.10952689698717272,-0.10952689698717272,2,0.0,-0.06433006742136695,89.50259998255947,0.0,0.0
3.08,89.53897373474051,0.868505665997806,-0.6324535944887424,0.6324535944887424,-0.6499995589256287,0.6499995589256287,0.11013293691204712,-0.11013293691204712,2,0.0,-0.07419159560599382,89.5158665318269,0.0,0.0
3.1,89.55724493915164,0.8652483197718827,-0.6374535897203769,0.6374535897203769,-0.6549995541572571,0.6549995541572571,0.11073676012500919,-0.11073676012500919,2,0.0,-0.08408390637808125,89.52906098420371,0.0,0.0
3.12,89.57545117992514,0.8620530068361316,-0.6424535849520089,0.6424535849520089,-0.6599995493888855,0.6599995493888855,0.11133835153039688,-0.11133835153039688,2,0.0,-0.09399982309479048,89.54218713549015,0.0,0.0
3.14,89.59359381380966,0.8589266897640147,-0.6474535801836394,0.6474535801836394,-0.6649995446205139,0.6649995446205139,0.1119376960886984,-0.1119376960886984,2,0.0,-0.10393338474101481,89.55524857429263,0.0,0.0
3.16,89.61167426112162,0.8558700646961449,-0.652453575415269,0.652453575415269,-0.6699995398521423,0.6699995398521423,0.11253477881607542,-0.11253477881607542,2,0.0,-0.11387963308200137,89.5682485656835,0.0,0.0
3.18,89.62969389678915,0.8528790065695208,-0.6574535706468984,0.6574535706468984,-0.6749995350837708,0.6749995350837708,0.1131295847858036,-0.1131295847858036,2,0.0,-0.12383440724574625,89.58119000901583,0.0,0.0
3.2,89.64765396918715,0.8499458896791159,-0.6624535658785271,0.6624535658785271,-0.6799995303153992,0.6799995303153992,0.11372209912750882,-0.11372209912750882,2,0.0,-0.13379414866534217,89.59407544276704,0.0,0.0
3.22,89.6655555440288,0.8470607715232457,-0.6674535611101559,0.6674535611101559,-0.6849995255470276,0.6849995255470276,0.11431230702860486,-0.11431230702860486,2,0.0,-0.14375572015484417,89.6069070783487,0.0,0.0
3.24,89.68339947035257,0.8442124268323732,-0.6724535563417844,0.6724535563417844,-0.689999520778656,0.689999520778656,0.11490019373395306,-0.11490019373395306,2,0.0,-0.15371624282449367,89.61968685056287,0.0,0.0
3.2600000000000002,89.70118636543481,0.8413892217980613,-0.6774535515734128,0.6774535515734128,-0.6949995160102844,0.6949995160102844,0.11548574454630235,-0.11548574454630235,2,0.0,-0.16367295385987066,89.63241647611815,0.0,0.0
3.2800000000000002,89.71891661533282,0.8385798239277449,-0.6824535468050412,0.6824535468050412,-0.6999995112419128,0.6999995112419128,0.11606894482701191,-0.11606894482701191,2,0.0,-0.17362308716749786,89.64509751414647,0.0,0.0
3.3000000000000003,89.73659038775313,0.8357737491885084,-0.6874535420366696,0.6874535420366696,-0.7049995064735413,0.7049995064735413,0.11664977999613287,-0.11664977999613287,2,0.0,-0.18356377774320093,89.65773142446281,0.0,0.0
3.3200000000000003,89.75420765405104,0.8329617541208422,-0.6924535372682981,0.6924535372682981,-0.7099995017051697,0.7099995017051697,0.11722823553284399,-0.11722823553284399,2,0.0,-0.19349198950775817,89.67031962065826,0.0,0.0
3.34,89.77176821738783,0.8301360857609679,-0.6974535324999265,0.6974535324999265,-0.7149994969367981,0.7149994969367981,0.11780429697581456,-0.11780429697581456,2,0.0,-0.2034044653781118,89.68286351616861,0.0,0.0
3.36,89.78927174438068,0.8272906061470865,-0.7024535277315549,0.7024535277315549,-0.7199994921684265,0.7199994921684265,0.11837794992356594,-0.11837794992356594,2,0.0,-0.21329769756055958,89.69536456229724,0.0,0.0
3.38,89.80671779795217,0.8244208107671006,-0.7074535229631833,0.7074535229631833,-0.7249994874000549,0.7249994874000549,0.11894918003483171,-0.11894918003483171,2,0.0,-0.22316791549012788,89.70782427783799,0.0,0.0
3.4,89.8241058694921,0.821523761565853,-0.7124535181948117,0.7124535181948117,-0.7299994826316833,0.7299994826316833,0.11951797302891605,-0.11951797302891605,2,0.0,-0.23301108849694244,89.72024427046664,0.0,0.0
3.42,89.84143540886254,0.8185979551913247,-0.7174535134264401,0.7174535134264401,-0.7349994778633118,0.7349994778633118,0.12008431468605088,-0.12008431468605088,2,0.0,-0.2428229401401659,89.73262625046347,0.0,0.0
3.44,89.85870585118278,0.815643146221182,-0.7224535086580686,0.7224535086580686,-0.7399994730949402,0.7399994730949402,0.12064819084775126,-0.12064819084775126,2,0.0,-0.2525989711845929,89.74497203760885,0.0,0.0
3.46,89.87591663970792,0.8126601433879892,-0.727453503889697,0.727453503889697,-0.7449994683265686,0.7449994683265686,0.12120958741716939,-0.12120958741716939,2,0.0,-0.262334488372064,89.75728356226986,0.0,0.0
3.48,89.89306724445163,0.8096505945509048,-0.7324534991213254,0.7324534991213254,-0.749999463558197,0.749999463558197,0.12176849035944706,-0.12176849035944706,2,0.0,-0.2720246364229427,89.76956286178452,0.0,0.0
3.5,89.91015717648794,0.8066167735519543,-0.7374534943529538,0.7374534943529538,-0.7549994587898254,0.7549994587898254,0.12232488570206648,-0.12232488570206648,2,0.0,-0.2816644310586809,89.78181207326283,0.0,0.0
3.52,89.92718599809957,0.8035613793505361,-0.7424534895845822,0.7424534895845822,-0.7599994540214539,0.7599994540214539,0.12287875953519958,-0.12287875953519958,2,0.0,-0.2912487912317449,89.79403342387808,0.0,0.0
3.54,89.94415332911606,0.8004873551084832,-0.7474534848162107,0.7474534848162107,-0.7649994492530823,0.7649994492530823,0.1234300980120558,-0.1234300980120558,2,0.0,-0.3007725691571056,89.8062292196304,0.0,0.0
3.56,89.96105884990776,0.7973977323359381,-0.7524534800478391,0.7524534800478391,-0.7699994444847107,0.7699994444847107,0.1239788873492282,-0.1239788873492282,2,0.0,-0.3102305771364806,89.81840183344151,0.0,0.0
3.58,89.97790230157699,0.7942955029066184,-0.7574534752794675,0.7574534752794675,-0.7749994397163391,0.7749994397163391,0.12452511382703814,-0.12452511382703814,2,0.0,-0.3196176105340642,89.83055369329895,0.0,0.0
3.6,89.99468348391966,0.7911835197674184,-0.7624534705110959,0.7624534705110959,-0.7799994349479675,0.7799994349479675,0.12506876378987813,-0.12506876378987813,2,0.0,-0.32892846658897945,89.84268727101849,0.0,0.0
3.62,90.0114022517271,0.7880644255485966,-0.7674534657427243,0.7674534657427243,-0.784999430179596,0.784999430179596,0.12560982364655338,-0.12560982364655338,2,0.0,-0.33815795902518875,89.85480507204691,0.0,0.0
3.64,90.02805850996627,0.7849406070264382,-0.7724534609743527,0.7724534609743527,-0.7899994254112244,0.7899994254112244,0.1261482798706214,-0.1261482798706214,2,0.0,-0.347300928641861,89.86690962658763,0.0,0.0
3.66,90.04465220832417,0.781814172498849,-0.7774534562059812,0.7774534562059812,-0.7949994206428528,0.7949994206428528,0.12668411900073037,-0.12668411900073037,2,0.0,-0.3563522502343849,89.87900348220778,0.0,0.0
3.68,90.061183335536,0.7786869485745562,-0.7824534514376096,0.7824534514376096,-0.7999994158744812,0.7999994158744812,0.12721732764095545,-0.12721732764095545,2,0.0,-0.36530683631148786,89.89108919797827,0.0,0.0
3.7,90.07765191384247,0.7755604926058867,-0.787453446669238,0.787453446669238,-0.8049994111061096,0.8049994111061096,0.12774789246113388,-0.12774789246113388,2,0.0,-0.37415963814248576,89.90316934010986,0.0,0.0
3.72,90.09405799384517,0.7724361169780786,-0.7924534419008664,0.7924534419008664,-0.809999406337738,0.809999406337738,0.128275800197198,-0.128275800197198,2,0.0,-0.3829056446951844,89.91524647898152,0.0,0.0
3.74,90.11040164995481,0.7693149216425633,-0.7974534371324948,0.7974534371324948,-0.8149994015693665,0.8149994015693665,0.12880103765150713,-0.12880103765150713,2,0.0,-0.3915398800182454,89.92732318740816,0.0,0.0
3.7600000000000002,90.12668297655806,0.7661978316086916,-0.8024534323641233,0.8024534323641233,-0.8199993968009949,0.8199993968009949,0.12932359169317736,-0.12932359169317736,2,0.0,-0.4000573995877597,89.93940203996418,0.0,0.0
3.7800000000000002,90.14290208496767,0.7630856365335612,-0.8074534275957517,0.8074534275957517,-0.8249993920326233,0.8249993920326233,0.12984344925840968,-0.12984344925840968,2,0.0,-0.40845328608461273,89.9514856131643,0.0,0.0
3.8000000000000003,90.15905910116895,0.7599790300349091,-0.8124534228273801,0.8124534228273801,-0.8299993872642517,0.8299993872642517,0.13036059735081693,-0.13036059735081693,2,0.0,-0.4167226450030988,89.96357648630153,0.0,0.0
3.8200000000000003,90.17515416433336,0.7568786468563368,-0.8174534180590085,0.8174534180590085,-0.8349993824958801,0.8349993824958801,0.1308750230417483,-0.1308750230417483,2,0.0,-0.4248606004186864,89.97567724274997,0.0,0.0
3.84,90.19118742603925,0.7537850965131693,-0.8224534132906369,0.8224534132906369,-0.8399993777275085,0.8399993777275085,0.13138671347061293,-0.13138671347061293,2,0.0,-0.43286229116822417,89.98779047155764,0.0,0.0
3.86,90.20715905011711,0.7506989925087378,-0.8274534085222653,0.8274534085222653,-0.844999372959137,0.844999372959137,0.13189565584520108,-0.13189565584520108,2,0.0,-0.44072286762447616,89.99991876917612,0.0,0.0
3.88,90.22306921302366,0.7476209766264733,-0.8324534037538938,0.8324534037538938,-0.8499993681907654,0.8499993681907654,0.13240183744200418,-0.13240183744200418,2,0.0,-0.4484374891806498,90.01206474119861,0.0,0.0
3.9,90.23891810464373,0.7445517381552731,-0.8374533989855222,0.8374533989855222,-0.8549993634223938,0.8549993634223938,0.13290524560653277,-0.13290524560653277,2,0.0,-0.45600132250267655,90.02423100400509,0.0,0.0
3.92,90.25470592941916,0.7414920281925896,-0.8424533942171506,0.8424533942171506,-0.8599993586540222,0.8599993586540222,0.13340586775363306,-0.13340586775363306,2,0.0,-0.463409540558189,90.03642018623837,0.0,0.0
3.94,90.27043290770976,0.7384426693894,-0.847453389448779,0.847453389448779,-0.8649993538856506,0.8649993538856506,0.13390369136780123,-0.13390369136780123,2,0.0,-0.47065732239214336,90.04863493005992,0.0,0.0
3.96,90.28609927730098,0.7354045616557285,-0.8524533846804074,0.8524533846804074,-0.869999349117279,0.869999349117279,0.1343987040034966,-0.1343987040034966,2,0.0,-0.47773985358994225,90.06087789215528,0.0,0.0
3.98,90.30170529498382,0.7323786844411863,-0.8574533799120359,0.8574533799120359,-0.8749993443489075,0.8749993443489075,0.13489089328545273,-0.13489089328545273,2,0.0,-0.48465232734900715,90.07315174447835,0.0,0.0
4.0,90.31725123814643,0.7293660962493123,-0.8624533751436643,0.8624533751436643,-0.8799993395805359,0.8799993395805359,0.1353802469089866,-0.1353802469089866,2,0.0,-0.4913899460681347,90.08545917473825,0.0,0.0
4.0200000000000005,90.33273740632926,0.7263679320450671,-0.8674533703752927,0.8674533703752927,-0.8849993348121643,0.8849993348121643,0.1358667526403065,-0.1358667526403065,2,0.0,-0.4979479233596312,90.09780288664444,0.0,0.0
4.04,90.3481641227095,0.7233853991831602,-0.8724533656069211,0.8724533656069211,-0.8899993300437927,0.8899993300437927,0.1363503983168176,-0.1363503983168176,2,0.0,-0.504321486390525,90.11018559993475,0.0,0.0
4.0600000000000005,90.3635317354914,0.7204197724248503,-0.8774533608385495,0.8774533608385495,-0.8949993252754211,0.8949993252754211,0.13683117184742638,-0.13683117184742638,2,0.0,-0.5105058784654303,90.12261005021487,0.0,0.0
4.08,90.37884061919046,0.7174723885379477,-0.8824533560701779,0.8824533560701779,-0.8999993205070496,0.8999993205070496,0.1373090612128424,-0.1373090612128424,2,0.0,-0.5164963617726813,90.13507898864212,0.0,0.0
4.1,90.39409117580833,0.7145446408876445,-0.8874533513018064,0.8874533513018064,-0.904999315738678,0.904999315738678,0.13778405446587927,-0.13778405446587927,2,0.0,-0.522288220227147,90.14759518148504,0.0,0.0
4.12,90.40928383590193,0.7116379743409267,-0.8924533465334348,0.8924533465334348,-0.9099993109703064,0.9099993109703064,0.13825613973175305,-0.13825613973175305,2,0.0,-0.5278767623552719,90.16016140959051,0.0,0.0
4.14,90.424419059556,0.7087538807187096,-0.8974533417650632,0.8974533417650632,-0.9149993062019348,0.9149993062019348,0.13872530520837914,-0.13872530520837914,2,0.0,-0.5332573241810161,90.17278046778563,0.0,0.0
4.16,90.4394973372724,0.705893894952718,-0.9024533369966916,0.9024533369966916,-0.9199993014335632,0.9199993014335632,0.13919153916666752,-0.13919153916666752,2,0.0,-0.5384252720832476,90.18545516423931,0.0,0.0
4.18,90.45451919079112,0.7030595920317793,-0.90745333222832,0.90745333222832,-0.9249992966651917,0.9249992966651917,0.13965482995081568,-0.13965482995081568,2,0.0,-0.543376005606557,90.19818831980359,0.0,0.0
4.2,90.4694851738596,0.7002525847615826,-0.9124533274599484,0.9124533274599484,-0.9299992918968201,0.9299992918968201,0.14011516597860027,-0.14011516597860027,2,0.0,-0.548104960217359,90.21098276735002,0.0,0.0
4.22,90.48439587296602,0.6974745223140533,-0.9174533226915769,0.9174533226915769,-0.9349992871284485,0.9349992871284485,0.1405725357416665,-0.1405725357416665,2,0.0,-0.552607610005225,90.22384135111281,0.0,0.0
4.24,90.49925190805227,0.6947270895044814,-0.9224533179232053,0.9224533179232053,-0.9399992823600769,0.9399992823600769,0.14102692780581594,-0.14102692780581594,2,0.0,-0.5568794703360439,90.2367669260456,0.0,0.0
4.26,90.51405393321971,0.6920120067080635,-0.9274533131548337,0.9274533131548337,-0.9449992775917053,0.9449992775917053,0.14147833081129232,-0.14147833081129232,2,0.0,-0.5609161004685206,90.24976235719548,0.0,0.0
4.28,90.52880263743982,0.6893310303100579,-0.9324533083864621,0.9324533083864621,-0.9499992728233337,0.9499992728233337,0.14192673347306553,-0.14192673347306553,2,0.0,-0.5647131061489894,90.26283051909422,0.0,0.0
4.3,90.54349874527865,0.6866859535770705,-0.9374533036180905,0.9374533036180905,-0.9549992680549622,0.9549992680549622,0.14237212458111376,-0.14237212458111376,2,0.0,-0.5682661422013059,90.27597429516477,0.0,0.0
4.32,90.5581430176425,0.684078607836124,-0.942453298849719,0.942453298849719,-0.9599992632865906,0.9599992632865906,0.14281449300070373,-0.14281449300070373,2,0.0,-0.5715709151293318,90.28919657713828,0.0,0.0
4.34,90.57273625254953,0.6815108638505217,-0.9474532940813474,0.9474532940813474,-0.964999258518219,0.964999258518219,0.14325382767266912,-0.14325382767266912,2,0.0,-0.5746231857496926,90.30250026447565,0.0,0.0
4.36,90.5872792859302,0.6789846332950434,-0.9524532893129758,0.9524532893129758,-0.9699992537498474,0.9699992537498474,0.14369011761368694,-0.14369011761368694,2,0.0,-0.577418771870823,90.31588826378704,0.0,0.0
4.38,90.60177299245713,0.6765018702402241,-0.9574532845446042,0.9574532845446042,-0.9749992489814758,0.9749992489814758,0.14412335191655218,-0.14412335191655218,2,0.0,-0.5799535510334612,90.32936348824141,0.0,0.0
4.4,90.616218286404,0.6740645725728426,-0.9624532797762326,0.9624532797762326,-0.9799992442131042,0.9799992442131042,0.1445535197504505,-0.1445535197504505,2,0.0,-0.5822234633252655,90.34292885695879,0.0,0.0
4.42,90.63061612253132,0.6716747832907048,-0.967453275007861,0.967453275007861,-0.9849992394447327,0.9849992394447327,0.144980610361229,-0.144980610361229,2,0.0,-0.5842245142805643,90.35658729437736,0.0,0.0
4.44,90.64496749699582,0.6693345916259003,-0.9724532702394895,0.9724532702394895,-0.9899992346763611,0.9899992346763611,0.145404613071665,-0.145404613071665,2,0.0,-0.5859527778737633,90.37034172958849,0.0,0.0
4.46,90.6592734482799,0.6670461339612912,-0.9774532654711179,0.9774532654711179,-0.9949992299079895,0.9949992299079895,0.14582551728173304,-0.14582551728173304,2,0.0,-0.5874043996131466,90.38419509563258,0.0,0.0
4.48,90.67353505813627,0.6648115945190283,-0.9824532607027463,0.9824532607027463,-0.9999992251396179,0.9999992251396179,0.14624331246886982,-0.14624331246886982,2,0.0,-0.588575599739486,90.39815032875008,0.0,0.0
4.5,90.68775345254322,0.6626332058076533,-0.9874532559343747,0.9874532559343747,-1.0049992799758911,1.0049992799758911,0.1466579881882374,-0.1466579881882374,2,0.0,-0.589462676532394,90.41221036758172,0.0,0.0
4.5200000000000005,90.701929802666,0.6605132488220812,-0.9924532511660031,0.9924532511660031,-1.0099992752075195,1.0099992752075195,0.14706953407298412,-0.14706953407298412,2,0.0,-0.5900620097259109,90.42637815231328,0.0,0.0
4.54,90.71606534392649,0.658454850843054,-0.9974532680638739,0.9974532680638739,-1.014999270439148,1.014999270439148,0.147478049511089,-0.147478049511089,2,0.0,-0.5903700716752869,90.44065662376084,0.0,0.0
4.5600000000000005,90.73016131787944,0.6564585545672755,-1.0024532786959373,1.0024532786959373,-1.0199992656707764,1.0199992656707764,0.1478832623632963,-0.1478832623632963,2,0.0,-0.5903833775186635,90.4550487990399,0.0,0.0
4.58,90.74421903980404,0.6545280671907242,-1.0074532830764618,1.0074532830764618,-1.0249992609024048,1.0249992609024048,0.14828533201256386,-0.14828533201256386,2,0.0,-0.5900985867036965,90.46955751945116,0.0,0.0
4.6000000000000005,90.75823987444701,0.6526657186979576,-1.012453283743151,1.012453283743151,-1.0299992561340332,1.0299992561340332,0.1486842414019216,-0.1486842414019216,2,0.0,-0.5895124543757537,90.48418572636201,0.0,0.0
4.62,90.7722252342961,0.6508739459191052,-1.0174532822035718,1.0174532822035718,-1.0349992513656616,1.0349992513656616,0.14907997639577442,-0.14907997639577442,2,0.0,-0.588621830142987,90.4989363604201,0.0,0.0
4.64,90.78617658144474,0.6491552682473533,-1.0224532793533205,1.0224532793533205,-1.03999924659729,1.03999924659729,0.1494725246276354,-0.1494725246276354,2,0.0,-0.5874236641384027,90.51381235269923,0.0,0.0
4.66,90.80009542906396,0.6475122722365324,-1.0274532757244417,1.0274532757244417,-1.0449992418289185,1.0449992418289185,0.14986187481358454,-0.14986187481358454,2,0.0,-0.5859150124120863,90.52881662598358,0.0,0.0
4.68,90.81398334261277,0.6459476007301205,-1.0324532716330057,1.0324532716330057,-1.0499992370605469,1.0499992370605469,0.15024801634707352,-0.15024801634707352,2,0.0,-0.5840930420587449,90.54395209451937,0.0,0.0
4.7,90.82784194086338,0.6444639450545763,-1.0374532672667793,1.0374532672667793,-1.0549992322921753,1.0549992322921753,0.15063093905529332,-0.15063093905529332,2,0.0,-0.5819550361599066,90.55922166310827,0.0,0.0
4.72,90.84167289679152,0.6430640391898362,-1.042453262737309,1.042453262737309,-1.0599992275238037,1.0599992275238037,0.15101063305724846,-0.15101063305724846,2,0.0,-0.5794983986162349,90.5746282257922,0.0,0.0
4.74,90.85547793836315,0.6417506551835098,-1.047453258110861,1.047453258110861,-1.0649992227554321,1.0649992227554321,0.15138708867703113,-0.15138708867703113,2,0.0,-0.576720658925664,90.59017466428205,0.0,0.0
4.76,90.86925884923764,0.6405265993183674,-1.0524532534268016,1.0524532534268016,-1.0699992179870605,1.0699992179870605,0.15176029639469474,-0.15176029639469474,2,0.0,-0.5736194769463521,90.60586384621509,0.0,0.0
4.78,90.88301746939851,0.6393947087112187,-1.057453248708517,1.057453248708517,-1.074999213218689,1.074999213218689,0.1521302468151214,-0.1521302468151214,2,0.0,-0.57019264767042,90.6216986232867,0.0,0.0
4.8,90.89675569571808,0.6383578481272357,-1.0624532439699004,1.0624532439699004,-1.0799992084503174,1.0799992084503174,0.15249693065144312,-0.15249693065144312,2,0.0,-0.5664381060255019,90.63768182927899,0.0,0.0
4.82,90.91047548245893,0.6374189068679357,-1.0674532392192053,1.0674532392192053,-1.0849992036819458,1.0849992036819458,0.15286033871350335,-0.15286033871350335,2,0.0,-0.5623539317145111,90.65381627799692,0.0,0.0
4.84,90.924178841712,0.6365807956322532,-1.072453234461335,1.072453234461335,-1.0899991989135742,1.0899991989135742,0.15322046190272615,-0.15322046190272615,2,0.0,-0.5579383541000414,90.67010476111513,0.0,0.0
4.86,90.93786784377039,0.6358464432815494,-1.0774532296992017,1.0774532296992017,-1.0949991941452026,1.0949991941452026,0.15357729120790367,-0.15357729120790367,2,0.0,-0.5531897571367639,90.68655004593472,0.0,0.0
4.88,90.95154461743613,0.6352187934565959,-1.0824532249345364,1.0824532249345364,-1.099999189376831,1.099999189376831,0.15393081770349484,-0.15393081770349484,2,0.0,-0.5481066843530198,90.7031548730485,0.0,0.0
4.9,90.9652113502565,0.6347008010059546,-1.0874532201683662,1.0874532201683662,-1.1049991846084595,1.1049991846084595,0.1542810325488909,-0.1542810325488909,2,0.0,-0.542687843881549,90.71992195391073,0.0,0.0
4.92,90.9788702886857,0.634295428197053,-1.0924532154013027,1.0924532154013027,-1.109999179840088,1.109999179840088,0.154627926986527,-0.154627926986527,2,0.0,-0.5369321135376458,90.73685396830865,0.0,0.0
4.94,90.99252373816736,0.6340056406831159,-1.097453210633708,1.097453210633708,-1.1149991750717163,1.1149991750717163,0.1549714923435348,-0.1549714923435348,2,0.0,-0.5308385459421069,90.75395356173243,0.0,0.0
4.96,91.00617406313258,0.6338344032106956,-1.1024532058657976,1.1024532058657976,-1.1199991703033447,1.1199991703033447,0.15531172002983554,-0.15531172002983554,2,0.0,-0.524406373685217,90.7712233426401,0.0,0.0
4.98,91.01982368690834,0.6337846750494713,-1.1074532010977005,1.1074532010977005,-1.1249991655349731,1.1249991655349731,0.15564860153963808,-0.15564860153963808,2,0.0,-0.5176350145271285,90.78866587961502,0.0,0.0
5.0,91.03347509153033,0.6338594051378681,-1.112453196329492,1.112453196329492,-1.1299991607666016,1.1299991607666016,0.15598212845080156,-0.15598212845080156,2,0.0,-0.5105240766288058,90.80628369841354,0.0,0.0
5.0200000000000005,91.04713081745467,0.6340615269352501,-1.1174531915612171,1.1174531915612171,-1.13499915599823,1.13499915599823,0.15631229242490544,-0.15631229242490544,2,0.0,-0.5030733638070212,90.82407927890037,0.0,0.0
5.04,91.06079346316248,0.6343939529776029,-1.122453186792903,1.122453186792903,-1.1399991512298584,1.1399991512298584,0.15663908520802727,-0.15663908520802727,2,0.0,-0.4952828808058893,90.84205505187079,0.0,0.0
5.0600000000000005,91.07446568465132,0.6348595691363875,-1.1274531820245655,1.1274531820245655,-1.1449991464614868,1.1449991464614868,0.15696249862995487,-0.15696249862995487,2,0.0,-0.4871528385765794,90.86021339575798,0.0,0.0
5.08,91.08815019480767,0.635461228580423,-1.1324531772562139,1.1324531772562139,-1.1499991416931152,1.1499991416931152,0.1572825246056698,-0.1572825246056698,2,0.0,-0.4786836595561335,90.87855663322526,0.0,0.0
5.1000000000000005,91.10184976265447,0.6362017454464268,-1.1374531724878545,1.1374531724878545,-1.1549991369247437,1.1549991369247437,0.15759915513441294,-0.15759915513441294,2,0.0,-0.46987598293540245,90.89708702764281,0.0,0.0
5.12,91.11556721246794,0.6370838882221483,-1.14245316771949,1.14245316771949,-1.159999132156372,1.159999132156372,0.1579123823003107,-0.1579123823003107,2,0.0,-0.4607306699055688,90.91580677944935,0.0,0.0
5.14,91.12930542275814,0.6381103728492077,-1.1474531629511227,1.1474531629511227,-1.1649991273880005,1.1649991273880005,0.1582221982729996,-0.1582221982729996,2,0.0,-0.45124880887196656,90.93471802239948,0.0,0.0
5.16,91.14306732510772,0.6392838555551879,-1.1524531581827535,1.1524531581827535,-1.169999122619629,1.169999122619629,0.1585285953069691,-0.1585285953069691,2,0.0,-0.4414317206232122,90.9538228196982,0.0,0.0
5.18,91.15685590286344,0.6406069254239057,-1.1574531534143835,1.1574531534143835,-1.1749991178512573,1.1749991178512573,0.15883156574232407,-0.15883156574232407,2,0.0,-0.4312809634432146,90.9731231600242,0.0,0.0
5.2,91.17067418967548,0.6420820967149936,-1.1624531486460128,1.1624531486460128,-1.1799991130828857,1.1799991130828857,0.15913110200469172,-0.15913110200469172,2,0.0,-0.4207983381528712,90.99262095344437,0.0,0.0
5.22,91.18452526787988,0.6437118009465308,-1.1674531438776419,1.1674531438776419,-1.1849991083145142,1.1849991083145142,0.15942719660597962,-0.15942719660597962,2,0.0,-0.4099858930677312,91.0123180272227,0.0,0.0
5.24,91.19841226671909,0.6454983787523182,-1.1724531391092705,1.1724531391092705,-1.1899991035461426,1.1899991035461426,0.15971984214385224,-0.15971984214385224,2,0.0,-0.39884592885755993,91.03221612152647,0.0,0.0
5.26,91.21233836039687,0.647444071530389,-1.177453134340899,1.177453134340899,-1.194999098777771,1.194999098777771,0.16000903130191615,-0.16000903130191615,2,0.0,-0.38738100329295216,91.05231688503432,0.0,0.0
5.28,91.22630676596303,0.6495510128977218,-1.1824531295725274,1.1824531295725274,-1.1999990940093994,1.1999990940093994,0.1602947568506134,-0.1602947568506134,2,0.0,-0.3755939358637296,91.07262187045042,0.0,0.0
5.3,91.24032074102485,0.6518212199696108,-1.1874531248041558,1.1874531248041558,-1.2049990892410278,1.2049990892410278,0.16057701164683374,-0.16057701164683374,2,0.0,-0.3634878122534874,91.09313252993013,0.0,0.0
5.32,91.25438358128167,0.6542565844820832,-1.1924531200357842,1.1924531200357842,-1.2099990844726562,1.2099990844726562,0.16085578863423544,-0.16085578863423544,2,0.0,-0.3510659886540043,91.11385021042301,0.0,0.0
5.34,91.26849861787993,0.6568588637781829,-1.1974531152674126,1.1974531152674126,-1.2149990797042847,1.2149990797042847,0.16113108084342165,-0.16113108084342165,2,0.0,-0.3383320959028665,91.13477614893951,0.0,0.0
5.36,91.28266921458602,0.6596296716800416,-1.202453110499041,1.202453110499041,-1.219999074935913,1.219999074935913,0.16140288139211453,-0.16140288139211453,2,0.0,-0.3252900434272296,91.15591146774867,0.0,0.0
5.38,91.29689876477524,0.6625704692713171,-1.2074531057306694,1.2074531057306694,-1.2249990701675415,1.2249990701675415,0.16167118348532755,-0.16167118348532755,2,0.0,-0.31194402297609214,91.17725716951465,0.0,0.0
5.4,91.31119068823537,0.6656825556145588,-1.2124531009622979,1.2124531009622979,-1.22999906539917,1.22999906539917,0.16193598041553514,-0.16193598041553514,2,0.0,-0.2982985121233337,91.19881413238045,0.0,0.0
5.42,91.32554842778376,0.6689670584327796,-1.2174530961939263,1.2174530961939263,-1.2349990606307983,1.2349990606307983,0.16219726556284045,-0.16219726556284045,2,0.0,-0.28435827752299253,91.22058310500857,0.0,0.0
5.44,91.33997544569793,0.6724249247826036,-1.2224530914255547,1.2224530914255547,-1.2399990558624268,1.2399990558624268,0.16245503239514084,-0.16245503239514084,2,0.0,-0.2701283778984882,91.24256470158791,0.0,0.0
5.46,91.35447521995968,0.6760569117523626,-1.2274530866571831,1.2274530866571831,-1.2449990510940552,1.2449990510940552,0.16270927446829125,-0.16270927446829125,2,0.0,-0.25561416674663523,91.26475939681858,0.0,0.0
5.48,91.36905124031381,0.6798635772170009,-1.2324530818888115,1.2324530818888115,-1.2499990463256836,1.2499990463256836,0.16295998542626522,-0.16295998542626522,2,0.0,-0.2408212947375426,91.28716752088535,0.0,0.0
5.5,91.38370700414299,0.6838452706863263,-1.23745307712044,1.23745307712044,-1.25,1.25,0.1632071590013138,-0.1632071590013138,2,0.0,-0.2257557117909247,91.30978925443263,0.0,0.0
5.5200000000000005,91.3984460121614,0.6880021242829374,-1.2424530723520684,1.2424530723520684,-1.25,1.25,0.16345078901412227,-0.16345078901412227,2,0.0,-0.21042366880954733,91.33262462355383,0.0,0.0
5.54,91.41164508278297,0.6297307688309733,-1.245496601304869,1.245496601304869,-1.25,1.25,0.15494291422955855,-0.15494291422955855,2,0.0,-0.19406914972850361,91.35567349480897,0.0,0.0
5.5600000000000005,91.42387519279235,0.5886637414566683,-1.2473127343001804,1.2473127343001804,-1.25,1.25,0.14986385382727987,-0.14986385382727987,2,0.0,-0.17962284496545877,91.37206088634605,0.0,0.0
5.58,91.43525315042457,0.5454921334531969,-1.2483964562255536,1.2483964562255536,-1.25,1.25,0.14683285612170557,-0.14683285612170557,2,0.0,-0.16841247420854885,91.38410372093557,0.0,0.0
5.6000000000000005,91.44563951935206,0.4921896203697713,-1.2490431342026438,1.2490431342026438,-1.25,1.25,0.14502412116781846,-0.14502412116781846,2,0.0,-0.16070042545808114,91.39304563716027,0.0,0.0
5.62,91.45481141644053,0.42728419253658545,-1.2494290195448725,1.2494290195448725,-1.25,1.25,0.1439447854483471,-0.1439447854483471,2,0.0,-0.15612694921452705,91.39955489804687,0.0,0.0
5.64,91.46255894890369,0.35282503395400266,-1.2496592848432473,1.2496592848432473,-1.25,1.25,0.14330071470994848,-0.14330071470994848,2,0.0,-0.15400815129342263,91.4040640697214,0.0,0.0
5.66,91.46873349321925,0.27247883356488606,-1.2497966886309355,1.2497966886309355,-1.25,1.25,0.1429163815625186,-0.1429163815625186,2,0.0,-0.1535317463240592,91.40692731877462,0.0,0.0
5.68,91.4732662389161,0.19036577978674868,-1.2498786801468276,1.2498786801468276,-1.25,1.25,0.14268704120870496,-0.14268704120870496,2,0.0,-0.1538816570856016,91.40848270553012,0.0,0.0
5.7,91.47616896809201,0.11037653956842108,-1.2499276060810494,1.2499276060810494,-1.25,1.25,0.14255018889769136,-0.14255018889769136,2,0.0,-0.1543137003922566,91.40906745180322,0.0,0.0
5.72,91.4775248122201,0.035801126896414404,-1.2499568011387752,1.2499568011387752,-1.25,1.25,0.14246852629632717,-0.14246852629632717,2,0.0,-0.1541977547901708,91.40901256771019,0.0,0.0
5.74,91.47747398122652,-0.0308404394507385,-1.2499742223982597,1.2499742223982597,-1.25,1.25,0.14241979657400033,-0.14241979657400033,9,1.0,-0.15303696898748045,91.40863070624201,-0.153036966919899,0.0
5.76,91.4760146471283,-0.10582405338054168,-1.249984618003053,1.249984618003053,-1.25,1.25,0.14239071857919872,-0.14239071857919872,9,1.0,-0.15303696839084044,91.40863070624201,-0.1930369734764099,0.0
5.78,91.47209006553324,-0.2628254410871785,-1.249990821262875,1.249990821262875,-1.25,1.25,0.14237336716613164,-0.14237336716613164,9,1.0,-0.1645797318782848,91.40863070624201,-0.23303696513175964,0.0
5.8,91.46431717699423,-0.4802376255159212,-1.2499945228688123,1.2499945228688123,-1.25,1.25,0.1423630132373203,-0.1423630132373203,9,1.0,-0.18433437067793693,91.40863070624201,-0.2730369567871094,0.0
5.82,91.45165804956885,-0.7438277615870662,-1.2499967316891598,1.2499967316891598,-1.25,1.25,0.14235683484541367,-0.14235683484541367,9,1.0,-0.2099311917281478,91.40863070624201,-0.3130369484424591,0.0
5.84,91.43329711862403,-1.0446452572387763,-1.2499980497352752,1.2499980497352752,-1.25,1.25,0.14235314807848765,-0.14235314807848765,9,1.0,-0.23968432204403944,91.40863070624201,-0.35303694009780884,0.0
5.86,91.408552994973,-1.377545666441403,-1.2499988362390595,1.2499988362390595,-1.25,1.25,0.14235094811259785,-0.14235094811259785,9,1.0,-0.27239437940723965,91.40863070624201,-0.39303693175315857,0.0
5.88,91.3768146153425,-1.7401533967255256,-1.249999305561184,1.249999305561184,-1.2799999713897705,1.2799999713897705,0.14234963535009543,-0.14234963535009543,9,1.0,-0.3072080861873158,91.40863070624201,-0.4330369234085083,0.0
5.9,91.33749444467156,-2.132137407494637,-1.2499995856148352,1.2499995856148352,-1.309999942779541,1.309999942779541,0.14234885199905944,-0.14234885199905944,9,1.0,-0.34351839426946007,91.40863070624201,-0.47303691506385803,0.0
5.92,91.2957632489135,-2.04354732834932,-1.2567498066202574,1.2567498066202574,-1.3399999141693115,1.3399999141693115,0.022663702564256705,-0.022663702564256705,9,1.0,-0.380893430836961,91.40863070624201,-0.5130369067192078,0.0
5.94,91.25443668123816,-2.227485225539507,-1.274569060587456,1.274569060587456,-1.369999885559082,1.369999885559082,0.24424786701169082,-0.24424786701169082,9,1.0,-0.4190259482017615,91.40863070624201,-0.5530369281768799,0.0
5.96,91.207712324425,-2.6254194874298986,-1.2981558658110772,1.2981558658110772,-1.3999998569488525,1.3999998569488525,0.2644594865269054,-0.2644594865269054,9,1.0,-0.45769736944944234,91.40863070624201,-0.593036949634552,0.0
5.98,91.15177023053816,-3.146440969709107,-1.3247996319076714,1.3247996319076714,-1.429999828338623,1.429999828338623,0.2654842632744605,-0.2654842632744605,9,1.0,-0.4967521835982114,91.40863070624201,-0.6330369710922241,0.0
6.0,91.08357372928431,-3.8304023720356786,-1.352926678750836,1.352926678750836,-1.4599997997283936,1.4599997997283936,0.2664540210566949,-0.2664540210566949,9,1.0,-0.536079755322634,91.40863070624201,-0.6730369925498962,0.0
6.0200000000000005,91.00047797458033,-4.607816320936091,-1.381617510323298,1.381617510323298,-1.489999771118164,1.489999771118164,0.2673238487715143,-0.2673238487715143,9,1.0,-0.575601375228088,91.40863070624201,-0.7130370140075684,0.0
6.04,90.90032243363206,-5.501485498846159,-1.4107174480886684,1.4107174480886684,-1.5199997425079346,1.5199997425079346,0.26808220702356955,-0.26808220702356955,9,1.0,-0.615261047015222,91.40863070624201,-0.7530370354652405,0.0
6.0600000000000005,90.78066016659507,-6.533646112389666,-1.4399628098793946,1.4399628098793946,-1.549999713897705,1.549999713897705,0.2687180245548922,-0.2687180245548922,9,1.0,-0.6550189331836205,91.40863070624201,-0.7530370354652405,0.0
6.08,90.63997191452901,-7.596572873548433,-1.4693033639579616,1.4693033639579616,-1.5799996852874756,1.5799996852874756,0.2692281013277071,-0.2692281013277071,9,1.0,-0.6833039238906102,91.40863070624201,-0.7530370354652405,0.0
6.1000000000000005,90.47696413317954,-8.742432705761487,-1.4987659626098024,1.4987659626098024,-1.609999656677246,1.609999656677246,0.2696110402136757,-0.2696110402136757,9,1.0,-0.7034267416859488,91.40863070624201,-0.7530370354652405,0.0
6.12,90.28967160919386,-10.00049483301123,-1.5283293186500053,1.5283293186500053,-1.6399996280670166,1.6399996280670166,0.269864761817851,-0.269864761817851,9,1.0,-0.7177427370567491,91.40863070624201,-0.7530370354652405,0.0
6.140000000000001,90.0755917266124,-11.395842384319588,-1.557974540068252,1.557974540068252,-1.669999599456787,1.669999599456787,0.2699876703028062,-0.2699876703028062,9,1.0,-0.7279275792364687,91.40863070624201,-0.7530370354652405,0.0
6.16,89.83173840497847,-12.95167970819248,-1.5876862771061595,1.5876862771061595,-1.6999995708465576,1.6999995708465576,0.269978605227006,-0.269978605227006,9,1.0,-0.735173391178918,91.40863070624201,-0.7530370354652405,0.0
6.18,89.55466641730168,-14.690547599692952,-1.6174520580850411,1.6174520580850411,-1.7299995422363281,1.7299995422363281,0.2698367728173906,-0.2698367728173906,9,1.0,-0.74032828604905,91.40863070624201,-0.7530370354652405,0.0
6.2,89.24046848568972,-16.63648185865069,-1.6472545610401652,1.6472545610401652,-1.7599995136260986,1.7599995136260986,0.2695617739277062,-0.2695617739277062,9,1.0,-0.7439956378010927,91.40863070624201,-0.7530370354652405,0.0
6.22,88.88475895492604,-18.814576601737215,-1.6770670610401646,1.6770670610401646,-1.7899994850158691,1.7899994850158691,0.26915378666846207,-0.26915378666846207,9,1.0,-0.7466047053402076,91.40863070624201,-0.7530370354652405,0.0
6.24,88.48267104007157,-21.246879926959128,-1.706879561040164,1.706879561040164,-1.8199994564056396,1.8199994564056396,0.26861324355587113,-0.26861324355587113,9,1.0,-0.7484608767368759,91.40863070624201,-0.7530370354652405,0.0
6.26,88.0288144722108,-23.960934402650263,-1.7366920610401633,1.7366920610401633,-1.8499994277954102,1.8499994277954102,0.2679406249810461,-0.2679406249810461,9,1.0,-0.7497814145160466,91.40863070624201,-0.7530370354652405,0.0
6.28,87.51722372000846,-26.985556477265146,-1.766508148250505,1.766508148250505,-1.8799993991851807,1.8799993991851807,0.2648406094570439,-0.2648406094570439,9,1.0,-0.7507208859621357,91.40863070624201,-0.7530370354652405,0.0
6.3,86.94130370823113,-30.352238669396655,-1.796335728222061,1.796335728222061,-1.9099993705749512,1.9099993705749512,0.25654986140997416,-0.25654986140997416,9,1.0,-0.7513892550250573,91.40863070624201,-0.7530370354652405,0.0
6.32,86.2937556010469,-34.10024994707666,-1.8261740826572554,1.8261740826572554,-1.9399993419647217,1.9399993419647217,0.24858835239504048,-0.24858835239504048,10,1.0,-0.7518647534621096,91.40863070624201,-0.7530370354652405,0.0
6.34,85.56651346508836,-38.26958442345648,-1.856022538152111,1.856022538152111,-1.9699993133544922,1.9699993133544922,0.24092818735641894,-0.24092818735641894,10,1.0,-0.7522030377666686,91.40863070624201,-0.7530370354652405,0.0
6.36,84.75066582346687,-42.90432779174179,-1.8858804633903985,1.8858804633903985,-1.9999992847442627,1.9999992847442627,0.23354339379239542,-0.23354339379239542,10,1.0,-0.7524437036906628,91.40863070624201,-0.7530370354652405,0.0
6.38,84.77005381895947,35.94681304642155,-1.911981423971064,1.911981423971064,-1.9999992847442627,1.9999992847442627,1.7668335956606573,-1.7668335956606573,8,1.0,-0.7526149208774829,91.40863070624201,0.0,0.0
