t_ms,state,roll,roll_rate,setpoint,angle_err,motor_vel,sp_offset,target_vel,bl_pos,br_pos,bl_vel,br_vel,arm_l,arm_r,arm_l_tgt,arm_r_tgt,meas_drift,meas_vel,flags
388,1,-5.12,0.06,0.00,0.00,0.00,0.0000,0.0000,-4.24,-0.70,-0.01,0.01,0.411,-0.231,0.425,-0.217,0.00,0.00,0
391,1,-5.12,0.06,0.00,0.00,0.00,0.0000,0.0000,-4.24,-0.70,0.04,-0.01,0.411,-0.231,0.439,-0.203,0.00,0.00,0
1418,1,-5.08,0.12,0.00,0.00,0.00,0.0000,0.0000,-4.24,-0.70,0.04,-0.01,0.411,-0.231,0.453,-0.189,0.00,0.00,0
1971,1,-5.13,0.00,0.00,0.00,0.00,0.0000,0.0000,-4.24,-0.70,0.04,-0.01,0.411,-0.231,0.467,-0.175,0.00,0.00,0
1974,1,-5.13,0.00,0.00,0.00,0.00,0.0000,0.0000,-4.24,-0.70,0.01,0.02,0.411,-0.231,0.481,-0.161,0.00,0.00,0
2635,1,-5.07,0.18,0.00,0.00,0.00,0.0000,0.0000,-4.24,-0.70,0.01,0.02,0.411,-0.231,0.495,-0.147,0.00,0.00,0
2637,1,-5.07,0.18,0.00,0.00,0.00,0.0000,0.0000,-4.24,-0.70,0.02,0.04,0.411,-0.231,0.509,-0.133,0.00,0.00,0
3668,1,-5.08,0.18,0.00,0.00,0.00,0.0000,0.0000,-4.24,-0.70,-0.02,0.04,0.411,-0.231,0.523,-0.119,0.00,0.00,0
4676,1,-5.09,0.06,0.00,0.00,0.00,0.0000,0.0000,-4.24,-0.70,-0.00,-0.02,0.411,-0.231,0.537,-0.105,0.00,0.00,0
5690,1,-5.14,0.06,0.00,0.00,0.00,0.0000,0.0000,-4.24,-0.70,-0.01,0.00,0.411,-0.231,0.551,-0.091,0.00,0.00,0
5767,1,-5.14,0.02,0.00,0.00,0.00,0.0000,0.0000,-4.24,-0.70,-0.02,0.00,0.411,-0.231,0.565,-0.077,0.00,0.00,0
5770,1,-5.14,0.02,0.00,0.00,0.00,0.0000,0.0000,-4.24,-0.70,-0.02,0.00,0.411,-0.231,0.579,-0.063,0.00,0.00,0
6803,1,-4.92,0.31,0.00,0.00,0.00,0.0000,0.0000,-4.24,-0.70,-0.02,0.00,0.411,-0.231,0.593,-0.049,0.00,0.00,0
7813,1,-4.98,0.18,0.00,0.00,0.00,0.0000,0.0000,-4.24,-0.70,0.02,-0.00,0.411,-0.231,0.607,-0.035,0.00,0.00,0
8826,1,-5.14,0.00,0.00,0.00,0.00,0.0000,0.0000,-4.24,-0.71,-0.03,-0.02,0.411,-0.231,0.621,-0.021,0.00,0.00,0
9836,1,-5.15,0.06,0.00,0.00,0.00,0.0000,0.0000,-4.24,-0.71,-0.01,0.03,0.411,-0.231,0.635,-0.007,0.00,0.00,0
10845,1,-5.10,0.12,0.00,0.00,0.00,0.0000,0.0000,-4.24,-0.71,-0.03,-0.00,0.411,-0.231,0.649,0.007,0.00,0.00,0
11853,1,-5.15,0.00,0.00,0.00,0.00,0.0000,0.0000,-4.24,-0.71,0.06,0.00,0.411,-0.231,0.663,0.021,0.00,0.00,0
12853,1,-5.17,0.00,0.00,0.00,0.00,0.0000,0.0000,-4.24,-0.71,-0.02,0.03,0.411,-0.231,0.677,0.035,0.00,0.00,0
13509,1,-5.20,0.06,0.00,0.00,0.00,0.0000,0.0000,-4.24,-0.71,0.02,-0.03,0.411,-0.231,0.691,0.049,0.00,0.00,0
13513,1,-5.20,0.06,0.00,0.00,0.00,0.0000,0.0000,-4.24,-0.71,0.03,-0.03,0.411,-0.231,0.705,0.063,0.00,0.00,0
13536,1,-5.20,0.08,0.00,0.00,0.00,0.0000,0.0000,-4.24,-0.71,0.03,-0.03,0.411,-0.231,0.719,0.077,0.00,0.00,0
13559,1,-5.20,0.08,0.00,0.00,0.00,0.0000,0.0000,-4.24,-0.71,0.03,-0.02,0.411,-0.231,0.733,0.091,0.00,0.00,0
13575,1,-5.20,0.09,0.00,0.00,0.00,0.0000,0.0000,-4.24,-0.71,0.03,-0.02,0.411,-0.231,0.747,0.105,0.00,0.00,0
13599,1,-5.20,0.08,0.00,0.00,0.00,0.0000,0.0000,-4.24,-0.71,0.03,-0.02,0.411,-0.231,0.761,0.119,0.00,0.00,0
13617,1,-5.20,0.08,0.00,0.00,0.00,0.0000,0.0000,-4.24,-0.71,0.03,-0.02,0.411,-0.231,0.775,0.133,0.00,0.00,0
13638,1,-5.20,0.08,0.00,0.00,0.00,0.0000,0.0000,-4.24,-0.71,0.03,-0.02,0.411,-0.231,0.789,0.147,0.00,0.00,0
13658,1,-5.19,0.09,0.00,0.00,0.00,0.0000,0.0000,-4.24,-0.71,0.03,-0.02,0.411,-0.231,0.803,0.161,0.00,0.00,0
13678,1,-5.19,0.08,0.00,0.00,0.00,0.0000,0.0000,-4.24,-0.71,0.03,-0.02,0.411,-0.231,0.817,0.175,0.00,0.00,0
13697,1,-5.19,0.08,0.00,0.00,0.00,0.0000,0.0000,-4.24,-0.71,0.03,-0.02,0.411,-0.231,0.831,0.189,0.00,0.00,0
13718,1,-5.19,0.07,0.00,0.00,0.00,0.0000,0.0000,-4.24,-0.71,0.03,-0.02,0.411,-0.231,0.845,0.203,0.00,0.00,0
13738,1,-5.19,0.10,0.00,0.00,0.00,0.0000,0.0000,-4.24,-0.71,0.05,-0.02,0.411,-0.231,0.859,0.217,0.00,0.00,0
13756,1,-5.19,0.11,0.00,0.00,0.00,0.0000,0.0000,-4.24,-0.71,0.05,-0.02,0.411,-0.231,0.873,0.231,0.00,0.00,0
13779,1,-5.18,0.11,0.00,0.00,0.00,0.0000,0.0000,-4.24,-0.71,0.05,-0.02,0.411,-0.231,0.887,0.245,0.00,0.00,0
13797,1,-5.18,0.11,0.00,0.00,0.00,0.0000,0.0000,-4.24,-0.71,-0.02,0.01,0.411,-0.231,0.901,0.259,0.00,0.00,0
13818,1,-5.18,0.10,0.00,0.00,0.00,0.0000,0.0000,-4.24,-0.71,-0.02,0.01,0.411,-0.231,0.915,0.273,0.00,0.00,0
13837,1,-5.18,0.11,0.00,0.00,0.00,0.0000,0.0000,-4.24,-0.71,-0.02,0.01,0.411,-0.231,0.929,0.286,0.00,0.00,0
13858,1,-5.18,0.11,0.00,0.00,0.00,0.0000,0.0000,-4.24,-0.71,-0.02,0.01,0.411,-0.231,0.943,0.300,0.00,0.00,0
13878,1,-5.18,0.10,0.00,0.00,0.00,0.0000,0.0000,-4.24,-0.71,-0.02,-0.00,0.411,-0.231,0.957,0.313,0.00,0.00,0
13898,1,-5.18,0.10,0.00,0.00,0.00,0.0000,0.0000,-4.24,-0.71,0.02,-0.00,0.411,-0.231,0.971,0.326,0.00,0.00,0
13918,1,-5.17,0.12,0.00,0.00,0.00,0.0000,0.0000,-4.24,-0.71,0.02,-0.00,0.411,-0.231,0.985,0.340,0.00,0.00,0
13937,1,-5.17,0.10,0.00,0.00,0.00,0.0000,0.0000,-4.24,-0.71,0.02,-0.00,0.411,-0.231,0.999,0.352,0.00,0.00,0
13955,1,-5.17,0.10,0.00,0.00,0.00,0.0000,0.0000,-4.24,-0.71,0.02,-0.00,0.411,-0.231,1.013,0.365,0.00,0.00,0
13979,1,-5.17,0.10,0.00,0.00,0.00,0.0000,0.0000,-4.24,-0.71,0.02,-0.00,0.411,-0.231,1.027,0.378,0.00,0.00,0
13997,1,-5.17,0.11,0.00,0.00,0.00,0.0000,0.0000,-4.24,-0.71,0.02,-0.00,0.411,-0.231,1.041,0.391,0.00,0.00,0
14018,1,-5.17,0.11,0.00,0.00,0.00,0.0000,0.0000,-4.24,-0.71,0.02,-0.00,0.411,-0.231,1.055,0.403,0.00,0.00,0
14038,1,-5.17,0.09,0.00,0.00,0.00,0.0000,0.0000,-4.24,-0.71,0.02,-0.01,0.411,-0.231,1.069,0.416,0.00,0.00,0
14058,1,-5.17,0.09,0.00,0.00,0.00,0.0000,0.0000,-4.24,-0.71,0.03,0.00,0.411,-0.231,1.083,0.428,0.00,0.00,0
14078,1,-5.16,0.11,0.00,0.00,0.00,0.0000,0.0000,-4.24,-0.71,0.03,0.00,0.411,-0.231,1.097,0.440,0.00,0.00,0
14097,1,-5.16,0.11,0.00,0.00,0.00,0.0000,0.0000,-4.24,-0.71,0.03,0.00,0.411,-0.231,1.111,0.452,0.00,0.00,0
14118,1,-5.16,0.09,0.00,0.00,0.00,0.0000,0.0000,-4.24,-0.71,0.03,0.00,0.411,-0.231,1.125,0.464,0.00,0.00,0
14138,1,-5.16,0.10,0.00,0.00,0.00,0.0000,0.0000,-4.24,-0.71,0.03,0.00,0.411,-0.231,1.139,0.476,0.00,0.00,0
14158,1,-5.16,0.09,0.00,0.00,0.00,0.0000,0.0000,-4.24,-0.71,0.03,0.00,0.411,-0.231,1.153,0.487,0.00,0.00,0
14178,1,-5.16,0.10,0.00,0.00,0.00,0.0000,0.0000,-4.24,-0.71,0.03,0.00,0.411,-0.231,1.167,0.499,0.00,0.00,0
14198,1,-5.16,0.11,0.00,0.00,0.00,0.0000,0.0000,-4.24,-0.71,0.03,-0.01,0.411,-0.231,1.181,0.510,0.00,0.00,0
14217,1,-5.16,0.07,0.00,0.00,0.00,0.0000,0.0000,-4.24,-0.71,0.00,-0.01,0.411,-0.231,1.195,0.522,0.00,0.00,0
14238,1,-5.16,0.06,0.00,0.00,0.00,0.0000,0.0000,-4.24,-0.71,0.00,-0.01,0.411,-0.231,1.209,0.533,0.00,0.00,0
14258,1,-5.16,0.07,0.00,0.00,0.00,0.0000,0.0000,-4.24,-0.71,0.00,-0.01,0.411,-0.231,1.223,0.544,0.00,0.00,0
14278,1,-5.16,0.07,0.00,0.00,0.00,0.0000,0.0000,-4.24,-0.71,0.00,-0.01,0.411,-0.231,1.237,0.555,0.00,0.00,0
14298,1,-5.16,0.07,0.00,0.00,0.00,0.0000,0.0000,-4.24,-0.71,0.00,-0.01,0.411,-0.231,1.251,0.566,0.00,0.00,0
14318,1,-5.16,0.08,0.00,0.00,0.00,0.0000,0.0000,-4.24,-0.71,-0.01,0.04,0.411,-0.231,1.264,0.577,0.00,0.00,0
14337,1,-5.15,0.11,0.00,0.00,0.00,0.0000,0.0000,-4.24,-0.71,-0.01,0.04,0.411,-0.231,1.278,0.588,0.00,0.00,0
14358,1,-5.15,0.09,0.00,0.00,0.00,0.0000,0.0000,-4.24,-0.71,-0.01,0.03,0.411,-0.231,1.291,0.599,0.00,0.00,0
14378,1,-5.15,0.09,0.00,0.00,0.00,0.0000,0.0000,-4.24,-0.71,0.01,0.03,0.411,-0.231,1.304,0.609,0.00,0.00,0
14398,1,-5.15,0.11,0.00,0.00,0.00,0.0000,0.0000,-4.24,-0.71,0.01,0.03,0.411,-0.231,1.318,0.620,0.00,0.00,0
14418,1,-5.15,0.12,0.00,0.00,0.00,0.0000,0.0000,-4.24,-0.71,0.01,0.03,0.411,-0.231,1.331,0.630,0.00,0.00,0
14438,1,-5.15,0.13,0.00,0.00,0.00,0.0000,0.0000,-4.24,-0.71,0.01,0.03,0.411,-0.231,1.343,0.640,0.00,0.00,0
14458,1,-5.15,0.11,0.00,0.00,0.00,0.0000,0.0000,-4.24,-0.71,0.01,0.03,0.411,-0.231,1.356,0.650,0.00,0.00,0
14477,1,-5.15,0.10,0.00,0.00,0.00,0.0000,0.0000,-4.24,-0.71,0.01,0.03,0.411,-0.231,1.369,0.660,0.00,0.00,0
14498,1,-5.15,0.11,0.00,0.00,0.00,0.0000,0.0000,-4.24,-0.71,0.01,0.03,0.411,-0.231,1.381,0.670,0.00,0.00,0
14518,1,-5.15,0.10,0.00,0.00,0.00,0.0000,0.0000,-4.24,-0.71,0.01,-0.04,0.411,-0.231,1.394,0.680,0.00,0.00,0
14538,1,-5.15,0.08,0.00,0.00,0.00,0.0000,0.0000,-4.24,-0.71,-0.00,-0.04,0.411,-0.231,1.406,0.690,0.00,0.00,0
14557,1,-5.14,0.10,0.00,0.00,0.00,0.0000,0.0000,-4.24,-0.71,-0.00,-0.04,0.411,-0.231,1.418,0.700,0.00,0.00,0
14578,1,-5.14,0.10,0.00,0.00,0.00,0.0000,0.0000,-4.24,-0.71,-0.01,0.06,0.411,-0.231,1.430,0.709,0.00,0.00,0
14597,1,-5.14,0.10,0.00,0.00,0.00,0.0000,0.0000,-4.24,-0.71,-0.01,0.06,0.411,-0.231,1.442,0.719,0.00,0.00,0
14618,1,-5.14,0.09,0.00,0.00,0.00,0.0000,0.0000,-4.24,-0.71,-0.01,0.06,0.411,-0.231,1.454,0.728,0.00,0.00,0
14638,1,-5.14,0.10,0.00,0.00,0.00,0.0000,0.0000,-4.24,-0.71,-0.01,0.06,0.411,-0.231,1.466,0.738,0.00,0.00,0
14658,1,-5.14,0.08,0.00,0.00,0.00,0.0000,0.0000,-4.24,-0.71,-0.01,0.06,0.411,-0.231,1.477,0.747,0.00,0.00,0
14678,1,-5.14,0.08,0.00,0.00,0.00,0.0000,0.0000,-4.24,-0.71,-0.01,-0.01,0.411,-0.231,1.489,0.756,0.00,0.00,0
14698,1,-5.14,0.11,0.00,0.00,0.00,0.0000,0.0000,-4.24,-0.71,0.00,-0.01,0.411,-0.231,1.500,0.765,0.00,0.00,0
14718,1,-5.14,0.09,0.00,0.00,0.00,0.0000,0.0000,-4.24,-0.71,0.00,-0.01,0.411,-0.231,1.512,0.774,0.00,0.00,0
14737,1,-5.14,0.09,0.00,0.00,0.00,0.0000,0.0000,-4.24,-0.71,0.00,-0.01,0.411,-0.231,1.523,0.783,0.00,0.00,0
14757,1,-5.14,0.10,0.00,0.00,0.00,0.0000,0.0000,-4.24,-0.71,0.00,-0.01,0.411,-0.231,1.534,0.792,0.00,0.00,0
14778,1,-5.14,0.09,0.00,0.00,0.00,0.0000,0.0000,-4.24,-0.71,0.00,-0.01,0.411,-0.231,1.545,0.801,0.00,0.00,0
14798,1,-5.14,0.07,0.00,0.00,0.00,0.0000,0.0000,-4.24,-0.71,0.00,-0.01,0.411,-0.231,1.556,0.809,0.00,0.00,0
14818,1,-5.14,0.08,0.00,0.00,0.00,0.0000,0.0000,-4.24,-0.71,0.00,-0.01,0.411,-0.231,1.566,0.818,0.00,0.00,0
14838,1,-5.14,0.08,0.00,0.00,0.00,0.0000,0.0000,-4.24,-0.71,0.02,0.04,0.411,-0.231,1.577,0.826,0.00,0.00,0
14857,1,-5.14,0.08,0.00,0.00,0.00,0.0000,0.0000,-4.24,-0.71,0.09,0.04,0.411,-0.231,1.588,0.835,0.00,0.00,0
14878,1,-5.14,0.10,0.00,0.00,0.00,0.0000,0.0000,-4.24,-0.71,0.09,0.04,0.411,-0.231,1.598,0.843,0.00,0.00,0
14898,1,-5.14,0.09,0.00,0.00,0.00,0.0000,0.0000,-4.24,-0.71,0.09,0.04,0.411,-0.231,1.609,0.851,0.00,0.00,0
14918,1,-5.14,0.07,0.00,0.00,0.00,0.0000,0.0000,-4.24,-0.71,0.09,0.04,0.411,-0.231,1.619,0.860,0.00,0.00,0
14938,1,-5.13,0.08,0.00,0.00,0.00,0.0000,0.0000,-4.24,-0.71,0.09,0.04,0.411,-0.231,1.629,0.868,0.00,0.00,0
14958,1,-5.13,0.09,0.00,0.00,0.00,0.0000,0.0000,-4.24,-0.71,0.09,0.04,0.411,-0.231,1.639,0.876,0.00,0.00,0
14977,1,-5.13,0.08,0.00,0.00,0.00,0.0000,0.0000,-4.24,-0.71,0.09,0.04,0.411,-0.231,1.649,0.884,0.00,0.00,0
14998,1,-5.13,0.07,0.00,0.00,0.00,0.0000,0.0000,-4.24,-0.71,0.09,0.02,0.411,-0.231,1.659,0.892,0.00,0.00,0
15018,1,-5.13,0.08,0.00,0.00,0.00,0.0000,0.0000,-4.24,-0.71,0.01,0.02,0.411,-0.231,1.669,0.900,0.00,0.00,0
15038,1,-5.13,0.09,0.00,0.00,0.00,0.0000,0.0000,-4.24,-0.71,0.01,0.02,0.411,-0.231,1.679,0.907,0.00,0.00,0
15058,1,-5.13,0.09,0.00,0.00,0.00,0.0000,0.0000,-4.24,-0.71,0.01,0.02,0.411,-0.231,1.688,0.915,0.00,0.00,0
15078,1,-5.13,0.08,0.00,0.00,0.00,0.0000,0.0000,-4.24,-0.71,0.01,0.02,0.411,-0.231,1.698,0.923,0.00,0.00,0
15098,1,-5.13,0.08,0.00,0.00,0.00,0.0000,0.0000,-4.24,-0.71,0.02,0.01,0.411,-0.231,1.707,0.930,0.00,0.00,0
15117,1,-5.13,0.10,0.00,0.00,0.00,0.0000,0.0000,-4.24,-0.71,0.02,0.01,0.411,-0.231,1.717,0.938,0.00,0.00,0
15138,1,-5.13,0.09,0.00,0.00,0.00,0.0000,0.0000,-4.24,-0.71,0.02,0.01,0.411,-0.231,1.726,0.945,0.00,0.00,0
15158,1,-5.13,0.09,0.00,0.00,0.00,0.0000,0.0000,-4.24,-0.71,0.02,0.01,0.411,-0.231,1.735,0.952,0.00,0.00,0
15178,1,-5.13,0.11,0.00,0.00,0.00,0.0000,0.0000,-4.24,-0.71,-0.03,0.01,0.411,-0.231,1.744,0.959,0.00,0.00,0
15198,1,-5.13,0.10,0.00,0.00,0.00,0.0000,0.0000,-4.24,-0.71,-0.03,0.01,0.411,-0.231,1.753,0.967,0.00,0.00,0
15218,1,-5.13,0.08,0.00,0.00,0.00,0.0000,0.0000,-4.24,-0.71,-0.03,0.01,0.411,-0.231,1.762,0.974,0.00,0.00,0
15237,1,-5.13,0.08,0.00,0.00,0.00,0.0000,0.0000,-4.24,-0.71,-0.03,0.01,0.411,-0.231,1.771,0.981,0.00,0.00,0
15258,1,-5.13,0.05,0.00,0.00,0.00,0.0000,0.0000,-4.24,-0.71,-0.03,0.01,0.411,-0.231,1.780,0.988,0.00,0.00,0
15278,1,-5.13,0.07,0.00,0.00,0.00,0.0000,0.0000,-4.24,-0.71,-0.03,0.01,0.411,-0.231,1.788,0.995,0.00,0.00,0
15298,1,-5.13,0.06,0.00,0.00,0.00,0.0000,0.0000,-4.24,-0.71,-0.03,0.01,0.411,-0.231,1.797,1.002,0.00,0.00,0
15318,1,-5.13,0.04,0.00,0.00,0.00,0.0000,0.0000,-4.24,-0.71,-0.03,0.02,0.411,-0.231,1.805,1.008,0.00,0.00,0
15338,1,-5.13,0.06,0.00,0.00,0.00,0.0000,0.0000,-4.24,-0.71,-0.00,0.02,0.411,-0.231,1.814,1.015,0.00,0.00,0
15358,1,-5.13,0.08,0.00,0.00,0.00,0.0000,0.0000,-4.24,-0.71,0.01,-0.04,0.411,-0.231,1.822,1.022,0.00,0.00,0
15377,1,-5.13,0.08,0.00,0.00,0.00,0.0000,0.0000,-4.24,-0.71,0.01,-0.04,0.411,-0.231,1.831,1.028,0.00,0.00,0
15398,1,-5.13,0.10,0.00,0.00,0.00,0.0000,0.0000,-4.24,-0.71,0.01,-0.04,0.411,-0.231,1.839,1.035,0.00,0.00,0
15418,1,-5.12,0.11,0.00,0.00,0.00,0.0000,0.0000,-4.24,-0.71,0.01,-0.04,0.411,-0.231,1.847,1.041,0.00,0.00,0
15438,1,-5.12,0.11,0.00,0.00,0.00,0.0000,0.0000,-4.24,-0.71,0.01,-0.04,0.411,-0.231,1.855,1.048,0.00,0.00,0
15458,1,-5.12,0.11,0.00,0.00,0.00,0.0000,0.0000,-4.24,-0.71,0.01,-0.04,0.411,-0.231,1.863,1.054,0.00,0.00,0
15477,1,-5.12,0.11,0.00,0.00,0.00,0.0000,0.0000,-4.24,-0.71,0.01,0.01,0.411,-0.231,1.871,1.060,0.00,0.00,0
15497,1,-5.12,0.10,0.00,0.00,0.00,0.0000,0.0000,-4.24,-0.71,0.02,0.01,0.411,-0.231,1.879,1.067,0.00,0.00,0
15518,1,-5.12,0.09,0.00,0.00,0.00,0.0000,0.0000,-4.24,-0.71,0.02,0.01,0.411,-0.231,1.886,1.073,0.00,0.00,0
15538,1,-5.12,0.07,0.00,0.00,0.00,0.0000,0.0000,-4.24,-0.71,0.02,0.01,0.411,-0.231,1.894,1.079,0.00,0.00,0
15558,1,-5.12,0.09,0.00,0.00,0.00,0.0000,0.0000,-4.24,-0.71,0.02,0.01,0.411,-0.231,1.902,1.085,0.00,0.00,0
15578,1,-5.12,0.10,0.00,0.00,0.00,0.0000,0.0000,-4.24,-0.71,0.02,0.01,0.411,-0.231,1.909,1.091,0.00,0.00,0
15598,1,-5.12,0.11,0.00,0.00,0.00,0.0000,0.0000,-4.24,-0.71,0.02,0.01,0.411,-0.231,1.917,1.097,0.00,0.00,0
15617,1,-5.12,0.09,0.00,0.00,0.00,0.0000,0.0000,-4.24,-0.71,0.03,-0.03,0.411,-0.231,1.924,1.103,0.00,0.00,0
15638,1,-5.12,0.09,0.00,0.00,0.00,0.0000,0.0000,-4.24,-0.71,0.03,-0.04,0.411,-0.231,1.931,1.109,0.00,0.00,0
15658,1,-5.12,0.11,0.00,0.00,0.00,0.0000,0.0000,-4.24,-0.71,-0.03,-0.04,0.411,-0.231,1.939,1.115,0.00,0.00,0
15678,1,-5.12,0.09,0.00,0.00,0.00,0.0000,0.0000,-4.24,-0.71,-0.03,-0.04,0.411,-0.231,1.946,1.120,0.00,0.00,0
15698,1,-5.12,0.09,0.00,0.00,0.00,0.0000,0.0000,-4.24,-0.71,-0.03,-0.04,0.411,-0.231,1.953,1.126,0.00,0.00,0
15718,1,-5.12,0.10,0.00,0.00,0.00,0.0000,0.0000,-4.24,-0.71,-0.03,-0.04,0.411,-0.231,1.960,1.132,0.00,0.00,0
15738,1,-5.12,0.09,0.00,0.00,0.00,0.0000,0.0000,-4.24,-0.71,-0.03,-0.04,0.411,-0.231,1.967,1.137,0.00,0.00,0
15757,1,-5.12,0.09,0.00,0.00,0.00,0.0000,0.0000,-4.24,-0.71,-0.03,-0.04,0.411,-0.231,1.974,1.143,0.00,0.00,0
15778,1,-5.11,0.10,0.00,0.00,0.00,0.0000,0.0000,-4.24,-0.71,-0.03,-0.04,0.411,-0.231,1.981,1.148,0.00,0.00,0
15798,1,-5.11,0.12,0.00,0.00,0.00,0.0000,0.0000,-4.24,-0.71,-0.03,0.04,0.411,-0.231,1.988,1.154,0.00,0.00,0
15819,1,-5.11,0.11,0.00,0.00,0.00,0.0000,0.0000,-4.24,-0.71,0.05,0.04,0.411,-0.231,1.994,1.159,0.00,0.00,0
15837,1,-5.11,0.10,0.00,0.00,0.00,0.0000,0.0000,-4.24,-0.71,0.05,0.04,0.411,-0.231,2.001,1.164,0.00,0.00,0
15858,1,-5.11,0.07,0.00,0.00,0.00,0.0000,0.0000,-4.24,-0.71,0.05,0.04,0.411,-0.231,2.008,1.170,0.00,0.00,0
15877,1,-5.11,0.09,0.00,0.00,0.00,0.0000,0.0000,-4.24,-0.71,0.02,-0.03,0.411,-0.231,2.014,1.175,0.00,0.00,0
15898,1,-5.11,0.08,0.00,0.00,0.00,0.0000,0.0000,-4.24,-0.71,0.02,-0.03,0.411,-0.231,2.021,1.180,0.00,0.00,0
15918,1,-5.11,0.06,0.00,0.00,0.00,0.0000,0.0000,-4.24,-0.71,0.02,-0.03,0.411,-0.231,2.027,1.185,0.00,0.00,0
15938,1,-5.11,0.07,0.00,0.00,0.00,0.0000,0.0000,-4.24,-0.71,0.02,-0.03,0.411,-0.231,2.034,1.190,0.00,0.00,0
15958,1,-5.11,0.09,0.00,0.00,0.00,0.0000,0.0000,-4.24,-0.71,0.02,-0.02,0.411,-0.231,2.040,1.195,0.00,0.00,0
15978,1,-5.11,0.08,0.00,0.00,0.00,0.0000,0.0000,-4.24,-0.71,0.01,-0.02,0.411,-0.231,2.046,1.200,0.00,0.00,0
15998,1,-5.11,0.09,0.00,0.00,0.00,0.0000,0.0000,-4.24,-0.71,0.01,-0.02,0.411,-0.231,2.052,1.205,0.00,0.00,0
16017,1,-5.11,0.09,0.00,0.00,0.00,0.0000,0.0000,-4.24,-0.71,0.01,-0.02,0.411,-0.231,2.059,1.210,0.00,0.00,0
16038,1,-5.11,0.10,0.00,0.00,0.00,0.0000,0.0000,-4.24,-0.71,0.01,-0.02,0.411,-0.231,2.065,1.215,0.00,0.00,0
16058,1,-5.11,0.09,0.00,0.00,0.00,0.0000,0.0000,-4.24,-0.71,0.01,-0.02,0.411,-0.231,2.071,1.220,0.00,0.00,0
16078,1,-5.11,0.06,0.00,0.00,0.00,0.0000,0.0000,-4.24,-0.71,0.01,-0.02,0.411,-0.231,2.077,1.224,0.00,0.00,0
16098,1,-5.11,0.06,0.00,0.00,0.00,0.0000,0.0000,-4.24,-0.71,0.01,-0.02,0.411,-0.231,2.082,1.229,0.00,0.00,0
16118,1,-5.11,0.07,0.00,0.00,0.00,0.0000,0.0000,-4.24,-0.71,0.01,0.00,0.411,-0.231,2.088,1.234,0.00,0.00,0
16137,1,-5.11,0.10,0.00,0.00,0.00,0.0000,0.0000,-4.24,-0.71,0.01,0.01,0.411,-0.231,2.094,1.238,0.00,0.00,0
16158,1,-5.11,0.11,0.00,0.00,0.00,0.0000,0.0000,-4.24,-0.71,0.01,0.01,0.411,-0.231,2.100,1.243,0.00,0.00,0
16178,1,-5.11,0.12,0.00,0.00,0.00,0.0000,0.0000,-4.24,-0.71,0.01,0.01,0.411,-0.231,2.106,1.248,0.00,0.00,0
16198,1,-5.10,0.13,0.00,0.00,0.00,0.0000,0.0000,-4.24,-0.71,0.01,0.01,0.411,-0.231,2.111,1.252,0.00,0.00,0
16218,1,-5.11,0.11,0.00,0.00,0.00,0.0000,0.0000,-4.24,-0.71,0.01,0.01,0.411,-0.231,2.117,1.257,0.00,0.00,0
16238,1,-5.11,0.12,0.00,0.00,0.00,0.0000,0.0000,-4.24,-0.71,0.01,0.01,0.411,-0.231,2.122,1.261,0.00,0.00,0
16257,1,-5.10,0.12,0.00,0.00,0.00,0.0000,0.0000,-4.24,-0.71,0.01,0.01,0.411,-0.231,2.128,1.265,0.00,0.00,0
16278,1,-5.11,0.11,0.00,0.00,0.00,0.0000,0.0000,-4.24,-0.71,0.01,0.01,0.411,-0.231,2.133,1.270,0.00,0.00,0
16298,1,-5.10,0.11,0.00,0.00,0.00,0.0000,0.0000,-4.24,-0.71,0.02,0.01,0.411,-0.231,2.139,1.274,0.00,0.00,0
16318,1,-5.10,0.09,0.00,0.00,0.00,0.0000,0.0000,-4.24,-0.71,0.02,0.01,0.411,-0.231,2.144,1.278,0.00,0.00,0
16338,1,-5.10,0.09,0.00,0.00,0.00,0.0000,0.0000,-4.24,-0.71,0.02,0.01,0.411,-0.231,2.149,1.282,0.00,0.00,0
16358,1,-5.10,0.09,0.00,0.00,0.00,0.0000,0.0000,-4.24,-0.71,0.02,0.01,0.411,-0.231,2.155,1.287,0.00,0.00,0
16378,1,-5.10,0.09,0.00,0.00,0.00,0.0000,0.0000,-4.24,-0.71,0.02,0.01,0.411,-0.231,2.160,1.291,0.00,0.00,0
16397,1,-5.10,0.09,0.00,0.00,0.00,0.0000,0.0000,-4.24,-0.71,-0.01,0.01,0.411,-0.231,2.165,1.295,0.00,0.00,0
16418,1,-5.10,0.08,0.00,0.00,0.00,0.0000,0.0000,-4.24,-0.71,-0.01,0.01,0.411,-0.231,2.170,1.299,0.00,0.00,0
16438,1,-5.10,0.12,0.00,0.00,0.00,0.0000,0.0000,-4.24,-0.71,-0.01,0.00,0.411,-0.231,2.175,1.303,0.00,0.00,0
16458,1,-5.10,0.11,0.00,0.00,0.00,0.0000,0.0000,-4.24,-0.71,-0.02,0.00,0.411,-0.231,2.180,1.307,0.00,0.00,0
16478,1,-5.10,0.13,0.00,0.00,0.00,0.0000,0.0000,-4.24,-0.71,-0.02,0.00,0.411,-0.231,2.185,1.311,0.00,0.00,0
16498,1,-5.10,0.14,0.00,0.00,0.00,0.0000,0.0000,-4.24,-0.71,-0.02,0.00,0.411,-0.231,2.190,1.315,0.00,0.00,0
16517,1,-5.10,0.10,0.00,0.00,0.00,0.0000,0.0000,-4.24,-0.71,-0.02,0.00,0.411,-0.231,2.195,1.319,0.00,0.00,0
16538,1,-5.10,0.09,0.00,0.00,0.00,0.0000,0.0000,-4.24,-0.71,-0.02,0.00,0.411,-0.231,2.199,1.322,0.00,0.00,0
16558,1,-5.10,0.11,0.00,0.00,0.00,0.0000,0.0000,-4.24,-0.71,-0.02,0.00,0.411,-0.231,2.204,1.326,0.00,0.00,0
16578,1,-5.10,0.10,0.00,0.00,0.00,0.0000,0.0000,-4.24,-0.71,-0.02,0.00,0.411,-0.231,2.209,1.330,0.00,0.00,0
16598,1,-5.10,0.11,0.00,0.00,0.00,0.0000,0.0000,-4.24,-0.71,-0.02,0.02,0.411,-0.231,2.214,1.334,0.00,0.00,0
16618,1,-5.10,0.11,0.00,0.00,0.00,0.0000,0.0000,-4.24,-0.71,0.02,0.02,0.411,-0.231,2.218,1.337,0.00,0.00,0
16638,1,-5.10,0.07,0.00,0.00,0.00,0.0000,0.0000,-4.24,-0.71,0.02,0.02,0.411,-0.231,2.223,1.341,0.00,0.00,0
16657,1,-5.10,0.06,0.00,0.00,0.00,0.0000,0.0000,-4.24,-0.71,-0.04,0.04,0.411,-0.231,2.227,1.345,0.00,0.00,0
16678,1,-5.10,0.08,0.00,0.00,0.00,0.0000,0.0000,-4.24,-0.71,-0.04,0.04,0.411,-0.231,2.232,1.348,0.00,0.00,0
16698,1,-5.10,0.08,0.00,0.00,0.00,0.0000,0.0000,-4.24,-0.71,-0.04,0.04,0.411,-0.231,2.236,1.352,0.00,0.00,0
16718,1,-5.11,0.06,0.00,0.00,0.00,0.0000,0.0000,-4.24,-0.71,-0.04,0.04,0.411,-0.231,2.241,1.355,0.00,0.00,0
16738,1,-5.11,0.07,0.00,0.00,0.00,0.0000,0.0000,-4.24,-0.71,-0.04,0.04,0.411,-0.231,2.245,1.359,0.00,0.00,0
16758,1,-5.10,0.09,0.00,0.00,0.00,0.0000,0.0000,-4.24,-0.71,-0.04,-0.04,0.411,-0.231,2.250,1.362,0.00,0.00,0
16777,1,-5.10,0.09,0.00,0.00,0.00,0.0000,0.0000,-4.24,-0.71,-0.03,-0.04,0.411,-0.231,2.254,1.366,0.00,0.00,0
16798,1,-5.10,0.09,0.00,0.00,0.00,0.0000,0.0000,-4.24,-0.71,-0.03,-0.04,0.411,-0.231,2.258,1.369,0.00,0.00,0
16818,1,-5.10,0.08,0.00,0.00,0.00,0.0000,0.0000,-4.24,-0.71,-0.03,-0.04,0.411,-0.231,2.262,1.372,0.00,0.00,0
16838,1,-5.10,0.10,0.00,0.00,0.00,0.0000,0.0000,-4.24,-0.71,-0.03,-0.04,0.411,-0.231,2.266,1.376,0.00,0.00,0
16858,1,-5.10,0.14,0.00,0.00,0.00,0.0000,0.0000,-4.24,-0.71,-0.03,-0.04,0.411,-0.231,2.271,1.379,0.00,0.00,0
16878,1,-5.10,0.11,0.00,0.00,0.00,0.0000,0.0000,-4.24,-0.71,-0.03,-0.04,0.411,-0.231,2.275,1.382,0.00,0.00,0
16897,1,-5.10,0.12,0.00,0.00,0.00,0.0000,0.0000,-4.24,-0.71,-0.03,-0.04,0.411,-0.231,2.279,1.386,0.00,0.00,0
16919,1,-5.10,0.12,0.00,0.00,0.00,0.0000,0.0000,-4.24,-0.71,0.04,0.04,0.411,-0.231,2.283,1.389,0.00,0.00,0
16937,1,-5.10,0.11,0.00,0.00,0.00,0.0000,0.0000,-4.24,-0.71,0.07,0.04,0.411,-0.231,2.287,1.392,0.00,0.00,0
16958,1,-5.10,0.10,0.00,0.00,0.00,0.0000,0.0000,-4.24,-0.71,0.07,0.04,0.411,-0.231,2.291,1.395,0.00,0.00,0
16978,1,-5.10,0.07,0.00,0.00,0.00,0.0000,0.0000,-4.24,-0.71,0.07,0.04,0.411,-0.231,2.295,1.398,0.00,0.00,0
16998,1,-5.10,0.08,0.00,0.00,0.00,0.0000,0.0000,-4.24,-0.71,0.07,0.04,0.411,-0.231,2.299,1.401,0.00,0.00,0
17018,1,-5.10,0.11,0.00,0.00,0.00,0.0000,0.0000,-4.24,-0.71,0.07,0.04,0.411,-0.231,2.302,1.404,0.00,0.00,0
17037,1,-5.10,0.10,0.00,0.00,0.00,0.0000,0.0000,-4.24,-0.71,0.07,0.04,0.411,-0.231,2.306,1.407,0.00,0.00,0
17058,1,-5.10,0.11,0.00,0.00,0.00,0.0000,0.0000,-4.24,-0.71,0.07,0.04,0.411,-0.231,2.310,1.410,0.00,0.00,0
17078,1,-5.10,0.13,0.00,0.00,0.00,0.0000,0.0000,-4.24,-0.71,0.07,0.02,0.411,-0.231,2.314,1.413,0.00,0.00,0
17098,1,-5.10,0.12,0.00,0.00,0.00,0.0000,0.0000,-4.24,-0.71,0.02,0.02,0.411,-0.231,2.317,1.416,0.00,0.00,0
17119,1,-5.10,0.08,0.00,0.00,0.00,0.0000,0.0000,-4.24,-0.71,0.02,0.02,0.411,-0.231,2.321,1.419,0.00,0.00,0
17137,1,-5.10,0.08,0.00,0.00,0.00,0.0000,0.0000,-4.24,-0.71,0.02,0.02,0.411,-0.231,2.325,1.422,0.00,0.00,0
17157,1,-5.10,0.08,0.00,0.00,0.00,0.0000,0.0000,-4.24,-0.71,0.02,0.02,0.411,-0.231,2.328,1.425,0.00,0.00,0
17178,1,-5.10,0.07,0.00,0.00,0.00,0.0000,0.0000,-4.24,-0.71,0.03,0.01,0.411,-0.231,2.332,1.428,0.00,0.00,0
17198,1,-5.10,0.05,0.00,0.00,0.00,0.0000,0.0000,-4.24,-0.71,0.03,0.01,0.411,-0.231,2.335,1.431,0.00,0.00,0
17219,1,-5.10,0.07,0.00,0.00,0.00,0.0000,0.0000,-4.24,-0.71,0.03,0.01,0.411,-0.231,2.339,1.433,0.00,0.00,0
17237,1,-5.10,0.06,0.00,0.00,0.00,0.0000,0.0000,-4.24,-0.71,0.03,-0.05,0.411,-0.231,2.342,1.436,0.00,0.00,0
17258,1,-5.10,0.05,0.00,0.00,0.00,0.0000,0.0000,-4.24,-0.71,-0.03,-0.05,0.411,-0.231,2.346,1.439,0.00,0.00,0
17278,1,-5.10,0.09,0.00,0.00,0.00,0.0000,0.0000,-4.24,-0.71,-0.03,-0.05,0.411,-0.231,2.349,1.442,0.00,0.00,0
17297,1,-5.10,0.08,0.00,0.00,0.00,0.0000,0.0000,-4.24,-0.71,-0.03,-0.05,0.411,-0.231,2.353,1.444,0.00,0.00,0
17318,1,-5.10,0.08,0.00,0.00,0.00,0.0000,0.0000,-4.24,-0.71,-0.03,-0.05,0.411,-0.231,2.356,1.447,0.00,0.00,0
17338,1,-5.10,0.09,0.00,0.00,0.00,0.0000,0.0000,-4.24,-0.71,-0.03,-0.05,0.411,-0.231,2.359,1.450,0.00,0.00,0
17358,1,-5.10,0.08,0.00,0.00,0.00,0.0000,0.0000,-4.24,-0.71,-0.03,-0.05,0.411,-0.231,2.362,1.452,0.00,0.00,0
17378,1,-5.10,0.11,0.00,0.00,0.00,0.0000,0.0000,-4.24,-0.71,-0.03,-0.05,0.411,-0.231,2.366,1.455,0.00,0.00,0
17398,1,-5.10,0.10,0.00,0.00,0.00,0.0000,0.0000,-4.24,-0.71,-0.03,0.01,0.411,-0.231,2.369,1.457,0.00,0.00,0
17418,1,-5.10,0.08,0.00,0.00,0.00,0.0000,0.0000,-4.24,-0.71,-0.02,0.01,0.411,-0.231,2.372,1.460,0.00,0.00,0
17438,1,-5.10,0.10,0.00,0.00,0.00,0.0000,0.0000,-4.24,-0.71,0.03,-0.01,0.411,-0.231,2.375,1.462,0.00,0.00,0
17458,1,-5.10,0.11,0.00,0.00,0.00,0.0000,0.0000,-4.24,-0.71,0.03,-0.01,0.411,-0.231,2.378,1.465,0.00,0.00,0
17478,1,-5.10,0.11,0.00,0.00,0.00,0.0000,0.0000,-4.24,-0.71,0.03,-0.01,0.411,-0.231,2.381,1.467,0.00,0.00,0
17498,1,-5.10,0.12,0.00,0.00,0.00,0.0000,0.0000,-4.24,-0.71,0.03,-0.01,0.411,-0.231,2.385,1.470,0.00,0.00,0
17518,1,-5.10,0.11,0.00,0.00,0.00,0.0000,0.0000,-4.24,-0.71,0.03,-0.01,0.411,-0.231,2.388,1.472,0.00,0.00,0
17537,1,-5.10,0.10,0.00,0.00,0.00,0.0000,0.0000,-4.24,-0.71,0.03,-0.01,0.411,-0.231,2.391,1.475,0.00,0.00,0
17557,1,-5.10,0.07,0.00,0.00,0.00,0.0000,0.0000,-4.24,-0.71,0.03,0.00,0.411,-0.231,2.394,1.477,0.00,0.00,0
17578,1,-5.10,0.07,0.00,0.00,0.00,0.0000,0.0000,-4.24,-0.71,0.02,0.00,0.411,-0.231,2.396,1.479,0.00,0.00,0
17598,1,-5.10,0.08,0.00,0.00,0.00,0.0000,0.0000,-4.24,-0.71,0.02,0.00,0.411,-0.231,2.399,1.482,0.00,0.00,0
17617,1,-5.10,0.06,0.00,0.00,0.00,0.0000,0.0000,-4.24,-0.71,0.02,0.00,0.411,-0.231,2.402,1.484,0.00,0.00,0
17638,1,-5.10,0.07,0.00,0.00,0.00,0.0000,0.0000,-4.24,-0.71,0.02,0.00,0.411,-0.231,2.405,1.486,0.00,0.00,0
17658,1,-5.10,0.09,0.00,0.00,0.00,0.0000,0.0000,-4.24,-0.71,0.02,0.00,0.411,-0.231,2.408,1.489,0.00,0.00,0
17677,1,-5.10,0.10,0.00,0.00,0.00,0.0000,0.0000,-4.24,-0.71,0.02,0.00,0.411,-0.231,2.411,1.491,0.00,0.00,0
17698,1,-5.10,0.07,0.00,0.00,0.00,0.0000,0.0000,-4.24,-0.71,0.03,0.01,0.411,-0.231,2.414,1.493,0.00,0.00,0
17718,1,-5.10,0.08,0.00,0.00,0.00,0.0000,0.0000,-4.24,-0.71,0.03,0.03,0.411,-0.231,2.416,1.495,0.00,0.00,0
17738,1,-5.10,0.08,0.00,0.00,0.00,0.0000,0.0000,-4.24,-0.71,-0.00,0.03,0.411,-0.231,2.419,1.497,0.00,0.00,0
17758,1,-5.10,0.10,0.00,0.00,0.00,0.0000,0.0000,-4.24,-0.71,-0.00,0.03,0.411,-0.231,2.422,1.500,0.00,0.00,0
17778,1,-5.10,0.09,0.00,0.00,0.00,0.0000,0.0000,-4.24,-0.71,-0.00,0.03,0.411,-0.231,2.425,1.502,0.00,0.00,0
17797,1,-5.10,0.11,0.00,0.00,0.00,0.0000,0.0000,-4.24,-0.71,-0.00,0.03,0.411,-0.231,2.427,1.504,0.00,0.00,0
17818,1,-5.10,0.12,0.00,0.00,0.00,0.0000,0.0000,-4.24,-0.71,-0.00,0.03,0.411,-0.231,2.430,1.506,0.00,0.00,0
17837,1,-5.10,0.09,0.00,0.00,0.00,0.0000,0.0000,-4.24,-0.71,-0.00,0.03,0.411,-0.231,2.432,1.508,0.00,0.00,0
17858,1,-5.09,0.11,0.00,0.00,0.00,0.0000,0.0000,-4.24,-0.71,-0.00,0.03,0.411,-0.231,2.435,1.510,0.00,0.00,0
17878,1,-5.09,0.11,0.00,0.00,0.00,0.0000,0.0000,-4.24,-0.71,-0.00,-0.05,0.411,-0.231,2.438,1.512,0.00,0.00,0
17898,1,-5.09,0.13,0.00,0.00,0.00,0.0000,0.0000,-4.24,-0.71,-0.00,-0.05,0.411,-0.231,2.440,1.514,0.00,0.00,0
17918,1,-5.09,0.12,0.00,0.00,0.00,0.0000,0.0000,-4.24,-0.71,-0.00,-0.05,0.411,-0.231,2.443,1.516,0.00,0.00,0
17938,1,-5.09,0.11,0.00,0.00,0.00,0.0000,0.0000,-4.24,-0.71,-0.00,-0.05,0.411,-0.231,2.445,1.518,0.00,0.00,0
17958,1,-5.09,0.10,0.00,0.00,0.00,0.0000,0.0000,-4.24,-0.71,-0.03,-0.05,0.411,-0.231,2.448,1.520,0.00,0.00,0
17978,1,-5.09,0.08,0.00,0.00,0.00,0.0000,0.0000,-4.24,-0.71,-0.03,-0.05,0.411,-0.231,2.450,1.522,0.00,0.00,0
17998,1,-5.09,0.07,0.00,0.00,0.00,0.0000,0.0000,-4.24,-0.71,-0.03,-0.05,0.411,-0.231,2.453,1.524,0.00,0.00,0
18018,1,-5.09,0.08,0.00,0.00,0.00,0.0000,0.0000,-4.24,-0.71,-0.03,-0.05,0.411,-0.231,2.455,1.526,0.00,0.00,0
18039,1,-5.09,0.09,0.00,0.00,0.00,0.0000,0.0000,-4.24,-0.71,-0.03,-0.02,0.411,-0.231,2.457,1.528,0.00,0.00,0
18057,1,-5.09,0.08,0.00,0.00,0.00,0.0000,0.0000,-4.24,-0.71,0.03,-0.02,0.411,-0.231,2.460,1.530,0.00,0.00,0
18078,1,-5.09,0.08,0.00,0.00,0.00,0.0000,0.0000,-4.24,-0.71,0.03,-0.02,0.411,-0.231,2.462,1.532,0.00,0.00,0
18098,1,-5.10,0.07,0.00,0.00,0.00,0.0000,0.0000,-4.24,-0.71,0.03,-0.02,0.411,-0.231,2.464,1.533,0.00,0.00,0
18118,1,-5.09,0.07,0.00,0.00,0.00,0.0000,0.0000,-4.24,-0.71,0.03,-0.02,0.411,-0.231,2.467,1.535,0.00,0.00,0
18139,1,-5.09,0.07,0.00,0.00,0.00,0.0000,0.0000,-4.24,-0.71,0.03,-0.02,0.411,-0.231,2.469,1.537,0.00,0.00,0
18157,1,-5.09,0.09,0.00,0.00,0.00,0.0000,0.0000,-4.24,-0.71,0.03,-0.02,0.411,-0.231,2.471,1.539,0.00,0.00,0
18177,1,-5.09,0.07,0.00,0.00,0.00,0.0000,0.0000,-4.24,-0.71,0.03,-0.02,0.411,-0.231,2.473,1.541,0.00,0.00,0
18198,1,-5.10,0.08,0.00,0.00,0.00,0.0000,0.0000,-4.24,-0.71,0.03,-0.00,0.411,-0.231,2.476,1.542,0.00,0.00,0
18218,1,-5.10,0.09,0.00,0.00,0.00,0.0000,0.0000,-4.24,-0.71,-0.04,-0.00,0.411,-0.231,2.478,1.544,0.00,0.00,0
18239,1,-5.09,0.08,0.00,0.00,0.00,0.0000,0.0000,-4.24,-0.71,-0.04,-0.00,0.411,-0.231,2.480,1.546,0.00,0.00,0
18257,1,-5.10,0.07,0.00,0.00,0.00,0.0000,0.0000,-4.24,-0.71,-0.04,-0.00,0.411,-0.231,2.482,1.548,0.00,0.00,0
18278,1,-5.10,0.07,0.00,0.00,0.00,0.0000,0.0000,-4.24,-0.71,-0.04,-0.00,0.411,-0.231,2.484,1.549,0.00,0.00,0
18298,1,-5.10,0.06,0.00,0.00,0.00,0.0000,0.0000,-4.24,-0.71,-0.04,-0.00,0.411,-0.231,2.486,1.551,0.00,0.00,0
18317,1,-5.10,0.07,0.00,0.00,0.00,0.0000,0.0000,-4.24,-0.71,-0.04,-0.00,0.411,-0.231,2.488,1.553,0.00,0.00,0
18339,1,-5.10,0.10,0.00,0.00,0.00,0.0000,0.0000,-4.24,-0.71,-0.04,-0.00,0.411,-0.231,2.490,1.554,0.00,0.00,0
18357,1,-5.09,0.10,0.00,0.00,0.00,0.0000,0.0000,-4.24,-0.71,-0.04,-0.02,0.411,-0.231,2.493,1.556,0.00,0.00,0
18378,1,-5.10,0.06,0.00,0.00,0.00,0.0000,0.0000,-4.24,-0.71,-0.01,-0.02,0.411,-0.231,2.495,1.558,0.00,0.00,0
18398,1,-5.10,0.08,0.00,0.00,0.00,0.0000,0.0000,-4.24,-0.71,-0.01,-0.02,0.411,-0.231,2.497,1.559,0.00,0.00,0
18418,1,-5.09,0.10,0.00,0.00,0.00,0.0000,0.0000,-4.24,-0.71,-0.01,-0.02,0.411,-0.231,2.499,1.561,0.00,0.00,0
18438,1,-5.09,0.10,0.00,0.00,0.00,0.0000,0.0000,-4.24,-0.71,-0.01,-0.02,0.411,-0.231,2.501,1.562,0.00,0.00,0
18458,1,-5.09,0.11,0.00,0.00,0.00,0.0000,0.0000,-4.24,-0.71,-0.01,-0.02,0.411,-0.231,2.502,1.564,0.00,0.00,0
18478,1,-5.09,0.10,0.00,0.00,0.00,0.0000,0.0000,-4.24,-0.71,0.04,0.01,0.411,-0.231,2.504,1.565,0.00,0.00,0
18498,1,-5.09,0.11,0.00,0.00,0.00,0.0000,0.0000,-4.24,-0.71,0.04,0.01,0.411,-0.231,2.506,1.567,0.00,0.00,0
18518,1,-5.09,0.12,0.00,0.00,0.00,0.0000,0.0000,-4.24,-0.71,0.04,0.06,0.411,-0.231,2.508,1.568,0.00,0.00,0
18539,1,-5.09,0.11,0.00,0.00,0.00,0.0000,0.0000,-4.24,-0.71,0.04,0.06,0.411,-0.231,2.510,1.570,0.00,0.00,0
18557,1,-5.09,0.12,0.00,0.00,0.00,0.0000,0.0000,-4.24,-0.71,0.04,0.06,0.411,-0.231,2.512,1.571,0.00,0.00,0
18577,1,-5.09,0.10,0.00,0.00,0.00,0.0000,0.0000,-4.24,-0.71,0.04,0.06,0.411,-0.231,2.514,1.573,0.00,0.00,0
18598,1,-5.09,0.08,0.00,0.00,0.00,0.0000,0.0000,-4.24,-0.71,0.04,0.06,0.411,-0.231,2.516,1.574,0.00,0.00,0
18618,1,-5.09,0.07,0.00,0.00,0.00,0.0000,0.0000,-4.24,-0.71,0.04,0.06,0.411,-0.231,2.517,1.576,0.00,0.00,0
18639,1,-5.09,0.08,0.00,0.00,0.00,0.0000,0.0000,-4.24,-0.71,0.04,0.06,0.411,-0.231,2.519,1.577,0.00,0.00,0
18657,1,-5.09,0.08,0.00,0.00,0.00,0.0000,0.0000,-4.24,-0.71,0.04,0.06,0.411,-0.231,2.521,1.579,0.00,0.00,0
18678,1,-5.09,0.05,0.00,0.00,0.00,0.0000,0.0000,-4.24,-0.71,0.04,0.03,0.411,-0.231,2.523,1.580,0.00,0.00,0
18697,1,-5.09,0.08,0.00,0.00,0.00,0.0000,0.0000,-4.24,-0.71,-0.02,0.03,0.411,-0.231,2.525,1.581,0.00,0.00,0
18718,1,-5.09,0.09,0.00,0.00,0.00,0.0000,0.0000,-4.24,-0.71,-0.02,0.03,0.411,-0.231,2.526,1.583,0.00,0.00,0
18739,1,-5.09,0.08,0.00,0.00,0.00,0.0000,0.0000,-4.24,-0.71,-0.06,0.01,0.411,-0.231,2.528,1.584,0.00,0.00,0
18757,1,-5.09,0.07,0.00,0.00,0.00,0.0000,0.0000,-4.24,-0.71,-0.06,0.01,0.411,-0.231,2.530,1.586,0.00,0.00,0
18778,1,-5.09,0.06,0.00,0.00,0.00,0.0000,0.0000,-4.24,-0.71,-0.06,0.01,0.411,-0.231,2.531,1.587,0.00,0.00,0
18798,1,-5.10,0.05,0.00,0.00,0.00,0.0000,0.0000,-4.24,-0.71,-0.06,0.01,0.411,-0.231,2.533,1.588,0.00,0.00,0
18817,1,-5.09,0.09,0.00,0.00,0.00,0.0000,0.0000,-4.24,-0.71,-0.06,0.01,0.411,-0.231,2.535,1.590,0.00,0.00,0
18838,1,-5.09,0.10,0.00,0.00,0.00,0.0000,0.0000,-4.24,-0.71,-0.06,-0.00,0.411,-0.231,2.536,1.591,0.00,0.00,0
18858,1,-5.10,0.09,0.00,0.00,0.00,0.0000,0.0000,-4.24,-0.71,-0.02,-0.00,0.411,-0.231,2.538,1.592,0.00,0.00,0
18878,1,-5.09,0.11,0.00,0.00,0.00,0.0000,0.0000,-4.24,-0.71,-0.02,-0.00,0.411,-0.231,2.540,1.593,0.00,0.00,0
18898,1,-5.09,0.12,0.00,0.00,0.00,0.0000,0.0000,-4.24,-0.71,-0.02,-0.00,0.411,-0.231,2.541,1.595,0.00,0.00,0
18918,1,-5.09,0.13,0.00,0.00,0.00,0.0000,0.0000,-4.24,-0.71,-0.02,-0.00,0.411,-0.231,2.543,1.596,0.00,0.00,0
18938,1,-5.09,0.11,0.00,0.00,0.00,0.0000,0.0000,-4.24,-0.71,-0.02,-0.00,0.411,-0.231,2.544,1.597,0.00,0.00,0
18956,1,-5.09,0.07,0.00,0.00,0.00,0.0000,0.0000,-4.24,-0.71,-0.02,-0.00,0.411,-0.231,2.546,1.598,0.00,0.00,0
18979,1,-5.09,0.06,0.00,0.00,0.00,0.0000,0.0000,-4.24,-0.71,-0.02,-0.00,0.411,-0.231,2.547,1.600,0.00,0.00,0
18997,1,-5.09,0.08,0.00,0.00,0.00,0.0000,0.0000,-4.24,-0.71,0.03,0.02,0.411,-0.231,2.549,1.601,0.00,0.00,0
19018,1,-5.09,0.09,0.00,0.00,0.00,0.0000,0.0000,-4.24,-0.71,0.01,0.02,0.411,-0.231,2.550,1.602,0.00,0.00,0
19038,1,-5.09,0.11,0.00,0.00,0.00,0.0000,0.0000,-4.24,-0.71,0.01,0.02,0.411,-0.231,2.552,1.603,0.00,0.00,0
19058,1,-5.09,0.10,0.00,0.00,0.00,0.0000,0.0000,-4.24,-0.71,0.01,0.02,0.411,-0.231,2.553,1.604,0.00,0.00,0
19077,1,-5.09,0.10,0.00,0.00,0.00,0.0000,0.0000,-4.24,-0.71,0.01,0.02,0.411,-0.231,2.555,1.606,0.00,0.00,0
19098,1,-5.09,0.09,0.00,0.00,0.00,0.0000,0.0000,-4.24,-0.71,0.01,0.02,0.411,-0.231,2.556,1.607,0.00,0.00,0
19118,1,-5.09,0.09,0.00,0.00,0.00,0.0000,0.0000,-4.24,-0.71,0.01,0.02,0.411,-0.231,2.558,1.608,0.00,0.00,0
19138,1,-5.09,0.09,0.00,0.00,0.00,0.0000,0.0000,-4.24,-0.71,0.01,0.02,0.411,-0.231,2.559,1.609,0.00,0.00,0
19158,1,-5.09,0.08,0.00,0.00,0.00,0.0000,0.0000,-4.24,-0.71,0.01,-0.03,0.411,-0.231,2.561,1.610,0.00,0.00,0
19178,1,-5.09,0.12,0.00,0.00,0.00,0.0000,0.0000,-4.24,-0.71,0.00,-0.03,0.411,-0.231,2.562,1.611,0.00,0.00,0
19198,1,-5.09,0.11,0.00,0.00,0.00,0.0000,0.0000,-4.24,-0.71,0.00,-0.03,0.411,-0.231,2.563,1.612,0.00,0.00,0
19217,1,-5.09,0.12,0.00,0.00,0.00,0.0000,0.0000,-4.24,-0.71,0.00,-0.03,0.411,-0.231,2.565,1.613,0.00,0.00,0
19238,1,-5.09,0.11,0.00,0.00,0.00,0.0000,0.0000,-4.24,-0.71,0.00,-0.03,0.411,-0.231,2.566,1.615,0.00,0.00,0
19258,1,-5.09,0.09,0.00,0.00,0.00,0.0000,0.0000,-4.24,-0.71,-0.04,-0.01,0.411,-0.231,2.567,1.616,0.00,0.00,0
19278,1,-5.09,0.12,0.00,0.00,0.00,0.0000,0.0000,-4.24,-0.71,-0.04,-0.01,0.411,-0.231,2.569,1.617,0.00,0.00,0
19298,1,-5.09,0.12,0.00,0.00,0.00,0.0000,0.0000,-4.24,-0.71,-0.04,-0.01,0.411,-0.231,2.570,1.618,0.00,0.00,0
19318,1,-5.09,0.12,0.00,0.00,0.00,0.0000,0.0000,-4.24,-0.71,-0.04,0.00,0.411,-0.231,2.571,1.619,0.00,0.00,0
19337,1,-5.09,0.12,0.00,0.00,0.00,0.0000,0.0000,-4.24,-0.71,0.03,0.00,0.411,-0.231,2.573,1.620,0.00,0.00,0
19358,1,-5.09,0.12,0.00,0.00,0.00,0.0000,0.0000,-4.24,-0.71,0.03,0.00,0.411,-0.231,2.574,1.621,0.00,0.00,0
19378,1,-5.09,0.11,0.00,0.00,0.00,0.0000,0.0000,-4.24,-0.71,0.03,0.00,0.411,-0.231,2.575,1.622,0.00,0.00,0
19398,1,-5.09,0.09,0.00,0.00,0.00,0.0000,0.0000,-4.24,-0.71,0.03,0.00,0.411,-0.231,2.576,1.623,0.00,0.00,0
19418,1,-5.09,0.09,0.00,0.00,0.00,0.0000,0.0000,-4.24,-0.71,0.03,0.00,0.411,-0.231,2.578,1.624,0.00,0.00,0
19438,1,-5.09,0.09,0.00,0.00,0.00,0.0000,0.0000,-4.24,-0.71,0.03,0.00,0.411,-0.231,2.579,1.625,0.00,0.00,0
19457,1,-5.09,0.10,0.00,0.00,0.00,0.0000,0.0000,-4.24,-0.71,0.03,0.00,0.411,-0.231,2.580,1.626,0.00,0.00,0
19478,1,-5.09,0.11,0.00,0.00,0.00,0.0000,0.0000,-4.24,-0.71,0.03,0.02,0.411,-0.231,2.581,1.627,0.00,0.00,0
19498,1,-5.09,0.10,0.00,0.00,0.00,0.0000,0.0000,-4.24,-0.71,0.02,0.02,0.411,-0.231,2.583,1.628,0.00,0.00,0
19518,1,-5.09,0.13,0.00,0.00,0.00,0.0000,0.0000,-4.24,-0.71,-0.06,0.05,0.411,-0.231,2.584,1.629,0.00,0.00,0
19538,1,-5.09,0.11,0.00,0.00,0.00,0.0000,0.0000,-4.24,-0.71,-0.06,0.05,0.411,-0.231,2.585,1.630,0.00,0.00,0
19559,1,-5.09,0.11,0.00,0.00,0.00,0.0000,0.0000,-4.24,-0.71,-0.06,0.05,0.411,-0.231,2.586,1.631,0.00,0.00,0
19577,1,-5.09,0.12,0.00,0.00,0.00,0.0000,0.0000,-4.24,-0.71,-0.06,0.05,0.411,-0.231,2.587,1.631,0.00,0.00,0
19597,1,-5.09,0.11,0.00,0.00,0.00,0.0000,0.0000,-4.24,-0.71,-0.06,0.05,0.411,-0.231,2.588,1.632,0.00,0.00,0
19618,1,-5.09,0.09,0.00,0.00,0.00,0.0000,0.0000,-4.24,-0.71,-0.06,0.05,0.411,-0.231,2.590,1.633,0.00,0.00,0
19638,1,-5.09,0.10,0.00,0.00,0.00,0.0000,0.0000,-4.24,-0.71,-0.06,-0.02,0.411,-0.231,2.591,1.634,0.00,0.00,0
19658,1,-5.09,0.09,0.00,0.00,0.00,0.0000,0.0000,-4.24,-0.71,0.10,-0.02,0.411,-0.231,2.592,1.635,0.00,0.00,0
19678,1,-5.09,0.10,0.00,0.00,0.00,0.0000,0.0000,-4.24,-0.71,0.10,-0.02,0.411,-0.231,2.593,1.636,0.00,0.00,0
19698,1,-5.09,0.10,0.00,0.00,0.00,0.0000,0.0000,-4.24,-0.71,0.10,-0.02,0.411,-0.231,2.594,1.637,0.00,0.00,0
19717,1,-5.09,0.11,0.00,0.00,0.00,0.0000,0.0000,-4.24,-0.71,0.10,-0.02,0.411,-0.231,2.595,1.638,0.00,0.00,0
19738,1,-5.09,0.11,0.00,0.00,0.00,0.0000,0.0000,-4.24,-0.71,0.10,-0.02,0.411,-0.231,2.596,1.638,0.00,0.00,0
19758,1,-5.09,0.10,0.00,0.00,0.00,0.0000,0.0000,-4.24,-0.71,0.10,-0.02,0.411,-0.231,2.597,1.639,0.00,0.00,0
19777,1,-5.09,0.09,0.00,0.00,0.00,0.0000,0.0000,-4.24,-0.71,-0.04,0.03,0.411,-0.231,2.598,1.640,0.00,0.00,0
19798,1,-5.09,0.08,0.00,0.00,0.00,0.0000,0.0000,-4.24,-0.71,-0.04,0.06,0.411,-0.231,2.599,1.641,0.00,0.00,0
19818,1,-5.09,0.08,0.00,0.00,0.00,0.0000,0.0000,-4.24,-0.71,-0.02,0.06,0.411,-0.231,2.600,1.642,0.00,0.00,0
19838,1,-5.09,0.09,0.00,0.00,0.00,0.0000,0.0000,-4.24,-0.71,-0.02,0.06,0.411,-0.231,2.601,1.643,0.00,0.00,0
19857,1,-5.09,0.09,0.00,0.00,0.00,0.0000,0.0000,-4.24,-0.71,-0.02,0.06,0.411,-0.231,2.602,1.643,0.00,0.00,0
19878,1,-5.08,0.10,0.00,0.00,0.00,0.0000,0.0000,-4.24,-0.71,-0.02,0.06,0.411,-0.231,2.603,1.644,0.00,0.00,0
19898,1,-5.08,0.12,0.00,0.00,0.00,0.0000,0.0000,-4.24,-0.71,-0.02,0.06,0.411,-0.231,2.604,1.645,0.00,0.00,0
19918,1,-5.08,0.11,0.00,0.00,0.00,0.0000,0.0000,-4.24,-0.71,-0.02,0.06,0.411,-0.231,2.605,1.646,0.00,0.00,0
19938,1,-5.08,0.11,0.00,0.00,0.00,0.0000,0.0000,-4.24,-0.71,-0.02,0.06,0.411,-0.231,2.606,1.647,0.00,0.00,0
19958,1,-5.08,0.09,0.00,0.00,0.00,0.0000,0.0000,-4.24,-0.71,-0.02,-0.02,0.411,-0.231,2.607,1.647,0.00,0.00,0
19977,1,-5.08,0.08,0.00,0.00,0.00,0.0000,0.0000,-4.24,-0.71,0.04,-0.02,0.411,-0.231,2.608,1.648,0.00,0.00,0
19998,1,-5.08,0.09,0.00,0.00,0.00,0.0000,0.0000,-4.24,-0.71,0.04,-0.02,0.411,-0.231,2.609,1.649,0.00,0.00,0
20018,1,-5.08,0.11,0.00,0.00,0.00,0.0000,0.0000,-4.24,-0.71,0.04,-0.02,0.411,-0.231,2.610,1.650,0.00,0.00,0
20038,1,-5.08,0.11,0.00,0.00,0.00,0.0000,0.0000,-4.24,-0.71,-0.01,0.03,0.411,-0.231,2.611,1.650,0.00,0.00,0
20058,1,-5.09,0.08,0.00,0.00,0.00,0.0000,0.0000,-4.24,-0.71,-0.01,0.03,0.411,-0.231,2.612,1.651,0.00,0.00,0
20078,1,-5.09,0.10,0.00,0.00,0.00,0.0000,0.0000,-4.24,-0.71,-0.01,0.03,0.411,-0.231,2.613,1.652,0.00,0.00,0
20097,1,-5.09,0.07,0.00,0.00,0.00,0.0000,0.0000,-4.24,-0.71,-0.01,0.03,0.411,-0.231,2.614,1.653,0.00,0.00,0
20118,1,-5.09,0.10,0.00,0.00,0.00,0.0000,0.0000,-4.24,-0.71,-0.01,-0.00,0.411,-0.231,2.615,1.653,0.00,0.00,0
20138,1,-5.09,0.09,0.00,0.00,0.00,0.0000,0.0000,-4.24,-0.71,-0.07,-0.00,0.411,-0.231,2.616,1.654,0.00,0.00,0
20159,1,-5.09,0.10,0.00,0.00,0.00,0.0000,0.0000,-4.24,-0.71,-0.07,-0.00,0.411,-0.231,2.616,1.655,0.00,0.00,0
20176,1,-5.09,0.09,0.00,0.00,0.00,0.0000,0.0000,-4.24,-0.71,-0.07,-0.00,0.411,-0.231,2.617,1.655,0.00,0.00,0
20199,1,-5.09,0.07,0.00,0.00,0.00,0.0000,0.0000,-4.24,-0.71,-0.07,-0.00,0.411,-0.231,2.618,1.656,0.00,0.00,0
20217,1,-5.09,0.08,0.00,0.00,0.00,0.0000,0.0000,-4.24,-0.71,-0.07,-0.00,0.411,-0.231,2.619,1.657,0.00,0.00,0
20237,1,-5.09,0.12,0.00,0.00,0.00,0.0000,0.0000,-4.24,-0.71,-0.07,-0.00,0.411,-0.231,2.620,1.658,0.00,0.00,0
20258,1,-5.09,0.11,0.00,0.00,0.00,0.0000,0.0000,-4.24,-0.71,-0.07,-0.00,0.411,-0.231,2.621,1.658,0.00,0.00,0
20278,1,-5.09,0.11,0.00,0.00,0.00,0.0000,0.0000,-4.24,-0.71,-0.07,-0.04,0.411,-0.231,2.622,1.659,0.00,0.00,0
20298,1,-5.09,0.11,0.00,0.00,0.00,0.0000,0.0000,-4.24,-0.71,-0.04,-0.02,0.411,-0.231,2.622,1.660,0.00,0.00,0
20318,1,-5.09,0.10,0.00,0.00,0.00,0.0000,0.0000,-4.24,-0.71,-0.04,-0.02,0.411,-0.231,2.623,1.660,0.00,0.00,0
20338,1,-5.09,0.08,0.00,0.00,0.00,0.0000,0.0000,-4.24,-0.71,-0.04,-0.02,0.411,-0.231,2.624,1.661,0.00,0.00,0
20357,1,-5.09,0.08,0.00,0.00,0.00,0.0000,0.0000,-4.24,-0.71,-0.04,-0.02,0.411,-0.231,2.625,1.662,0.00,0.00,0
20376,1,-5.09,0.08,0.00,0.00,0.00,0.0000,0.0000,-4.24,-0.71,-0.04,-0.02,0.411,-0.231,2.626,1.662,0.00,0.00,0
20398,1,-5.09,0.09,0.00,0.00,0.00,0.0000,0.0000,-4.24,-0.71,-0.04,-0.02,0.411,-0.231,2.626,1.663,0.00,0.00,0
20418,1,-5.09,0.09,0.00,0.00,0.00,0.0000,0.0000,-4.24,-0.71,-0.04,-0.02,0.411,-0.231,2.627,1.664,0.00,0.00,0
20438,1,-5.09,0.08,0.00,0.00,0.00,0.0000,0.0000,-4.24,-0.71,-0.04,0.01,0.411,-0.231,2.628,1.665,0.00,0.00,0
20458,1,-5.09,0.11,0.00,0.00,0.00,0.0000,0.0000,-4.24,-0.71,0.01,0.01,0.411,-0.231,2.629,1.665,0.00,0.00,0
20478,1,-5.09,0.10,0.00,0.00,0.00,0.0000,0.0000,-4.24,-0.71,0.01,0.01,0.411,-0.231,2.630,1.666,0.00,0.00,0
20497,1,-5.09,0.11,0.00,0.00,0.00,0.0000,0.0000,-4.24,-0.71,0.01,0.01,0.411,-0.231,2.630,1.667,0.00,0.00,0
20518,1,-5.08,0.14,0.00,0.00,0.00,0.0000,0.0000,-4.24,-0.71,0.01,0.01,0.411,-0.231,2.631,1.667,0.00,0.00,0
20538,1,-5.08,0.14,0.00,0.00,0.00,0.0000,0.0000,-4.24,-0.71,0.01,0.01,0.411,-0.231,2.632,1.668,0.00,0.00,0
20558,1,-5.08,0.12,0.00,0.00,0.00,0.0000,0.0000,-4.24,-0.71,-0.00,-0.01,0.411,-0.231,2.632,1.669,0.00,0.00,0
20578,1,-5.08,0.11,0.00,0.00,0.00,0.0000,0.0000,-4.24,-0.71,-0.00,-0.01,0.411,-0.231,2.633,1.669,0.00,0.00,0
20598,1,-5.08,0.12,0.00,0.00,0.00,0.0000,0.0000,-4.24,-0.71,-0.00,-0.03,0.411,-0.231,2.634,1.670,0.00,0.00,0
20617,1,-5.08,0.10,0.00,0.00,0.00,0.0000,0.0000,-4.24,-0.71,0.06,-0.03,0.411,-0.231,2.635,1.671,0.00,0.00,0
20638,1,-5.08,0.07,0.00,0.00,0.00,0.0000,0.0000,-4.24,-0.71,0.06,-0.03,0.411,-0.231,2.635,1.672,0.00,0.00,0
20658,1,-5.08,0.08,0.00,0.00,0.00,0.0000,0.0000,-4.24,-0.71,0.06,-0.03,0.411,-0.231,2.636,1.672,0.00,0.00,0
20678,1,-5.08,0.07,0.00,0.00,0.00,0.0000,0.0000,-4.24,-0.71,0.06,-0.03,0.411,-0.231,2.637,1.673,0.00,0.00,0
20698,1,-5.09,0.07,0.00,0.00,0.00,0.0000,0.0000,-4.24,-0.71,0.06,-0.03,0.411,-0.231,2.637,1.674,0.00,0.00,0
20718,1,-5.08,0.09,0.00,0.00,0.00,0.0000,0.0000,-4.24,-0.71,0.06,-0.03,0.411,-0.231,2.638,1.674,0.00,0.00,0
20737,1,-5.08,0.09,0.00,0.00,0.00,0.0000,0.0000,-4.24,-0.71,0.06,-0.03,0.411,-0.231,2.639,1.675,0.00,0.00,0
20758,1,-5.08,0.10,0.00,0.00,0.00,0.0000,0.0000,-4.24,-0.71,0.06,-0.00,0.411,-0.231,2.640,1.676,0.00,0.00,0
20778,1,-5.09,0.06,0.00,0.00,0.00,0.0000,0.0000,-4.24,-0.71,-0.00,-0.00,0.411,-0.231,2.640,1.676,0.00,0.00,0
20798,1,-5.09,0.07,0.00,0.00,0.00,0.0000,0.0000,-4.24,-0.71,-0.00,-0.00,0.411,-0.231,2.641,1.677,0.00,0.00,0
20818,1,-5.09,0.08,0.00,0.00,0.00,0.0000,0.0000,-4.24,-0.71,0.04,0.00,0.411,-0.231,2.642,1.678,0.00,0.00,0
20838,1,-5.08,0.11,0.00,0.00,0.00,0.0000,0.0000,-4.24,-0.71,0.04,0.00,0.411,-0.231,2.642,1.679,0.00,0.00,0
20858,1,-5.08,0.12,0.00,0.00,0.00,0.0000,0.0000,-4.24,-0.71,0.04,0.00,0.411,-0.231,2.643,1.679,0.00,0.00,0
20877,1,-5.08,0.11,0.00,0.00,0.00,0.0000,0.0000,-4.24,-0.71,0.04,0.00,0.411,-0.231,2.644,1.680,0.00,0.00,0
20898,1,-5.08,0.11,0.00,0.00,0.00,0.0000,0.0000,-4.24,-0.71,0.04,0.00,0.411,-0.231,2.644,1.681,0.00,0.00,0
20918,1,-5.08,0.11,0.00,0.00,0.00,0.0000,0.0000,-4.24,-0.71,0.04,-0.02,0.411,-0.231,2.645,1.681,0.00,0.00,0
20938,1,-5.08,0.13,0.00,0.00,0.00,0.0000,0.0000,-4.24,-0.71,0.01,-0.02,0.411,-0.231,2.646,1.682,0.00,0.00,0
20958,1,-5.08,0.09,0.00,0.00,0.00,0.0000,0.0000,-4.24,-0.71,0.01,-0.02,0.411,-0.231,2.647,1.683,0.00,0.00,0
20978,1,-5.08,0.10,0.00,0.00,0.00,0.0000,0.0000,-4.24,-0.71,0.01,-0.02,0.411,-0.231,2.647,1.683,0.00,0.00,0
20997,1,-5.08,0.12,0.00,0.00,0.00,0.0000,0.0000,-4.24,-0.71,0.01,-0.02,0.411,-0.231,2.648,1.684,0.00,0.00,0
21018,1,-5.08,0.10,0.00,0.00,0.00,0.0000,0.0000,-4.24,-0.71,0.01,-0.02,0.411,-0.231,2.649,1.685,0.00,0.00,0
21038,1,-5.08,0.09,0.00,0.00,0.00,0.0000,0.0000,-4.24,-0.71,0.01,-0.02,0.411,-0.231,2.649,1.686,0.00,0.00,0
21058,1,-5.08,0.10,0.00,0.00,0.00,0.0000,0.0000,-4.24,-0.71,0.01,-0.02,0.411,-0.231,2.650,1.686,0.00,0.00,0
21078,1,-5.08,0.11,0.00,0.00,0.00,0.0000,0.0000,-4.24,-0.71,-0.07,-0.01,0.411,-0.231,2.651,1.687,0.00,0.00,0
21098,1,-5.08,0.10,0.00,0.00,0.00,0.0000,0.0000,-4.24,-0.71,-0.00,-0.01,0.411,-0.231,2.651,1.688,0.00,0.00,0
21118,1,-5.08,0.10,0.00,0.00,0.00,0.0000,0.0000,-4.24,-0.71,-0.00,-0.01,0.411,-0.231,2.652,1.688,0.00,0.00,0
21137,1,-5.08,0.11,0.00,0.00,0.00,0.0000,0.0000,-4.24,-0.71,-0.00,-0.01,0.411,-0.231,2.653,1.689,0.00,0.00,0
21159,1,-5.08,0.09,0.00,0.00,0.00,0.0000,0.0000,-4.24,-0.71,-0.00,-0.01,0.411,-0.231,2.654,1.690,0.00,0.00,0
21177,1,-5.08,0.10,0.00,0.00,0.00,0.0000,0.0000,-4.24,-0.71,-0.00,-0.01,0.411,-0.231,2.654,1.690,0.00,0.00,0
21198,1,-5.08,0.09,0.00,0.00,0.00,0.0000,0.0000,-4.24,-0.71,-0.00,-0.01,0.411,-0.231,2.655,1.691,0.00,0.00,0
21218,1,-5.08,0.08,0.00,0.00,0.00,0.0000,0.0000,-4.24,-0.71,-0.00,-0.01,0.411,-0.231,2.656,1.692,0.00,0.00,0
21238,1,-5.08,0.09,0.00,0.00,0.00,0.0000,0.0000,-4.24,-0.71,-0.00,-0.02,0.411,-0.231,2.656,1.693,0.00,0.00,0
21257,1,-5.08,0.08,0.00,0.00,0.00,0.0000,0.0000,-4.24,-0.71,-0.03,-0.02,0.411,-0.231,2.657,1.693,0.00,0.00,0
21278,1,-5.08,0.09,0.00,0.00,0.00,0.0000,0.0000,-4.24,-0.71,-0.03,-0.02,0.411,-0.231,2.658,1.694,0.00,0.00,0
21298,1,-5.08,0.10,0.00,0.00,0.00,0.0000,0.0000,-4.24,-0.71,-0.03,-0.02,0.411,-0.231,2.658,1.695,0.00,0.00,0
21318,1,-5.08,0.11,0.00,0.00,0.00,0.0000,0.0000,-4.24,-0.71,-0.03,-0.02,0.411,-0.231,2.659,1.695,0.00,0.00,0
21338,1,-5.08,0.10,0.00,0.00,0.00,0.0000,0.0000,-4.24,-0.71,0.01,-0.01,0.411,-0.231,2.660,1.696,0.00,0.00,0
21358,1,-5.08,0.11,0.00,0.00,0.00,0.0000,0.0000,-4.24,-0.71,0.01,-0.01,0.411,-0.231,2.661,1.697,0.00,0.00,0
21377,1,-5.08,0.10,0.00,0.00,0.00,0.0000,0.0000,-4.24,-0.71,0.01,-0.01,0.411,-0.231,2.661,1.697,0.00,0.00,0
21398,1,-5.09,0.07,0.00,0.00,0.00,0.0000,0.0000,-4.24,-0.71,0.01,-0.02,0.411,-0.231,2.662,1.698,0.00,0.00,0
21418,1,-5.09,0.07,0.00,0.00,0.00,0.0000,0.0000,-4.24,-0.71,0.05,-0.02,0.411,-0.231,2.663,1.699,0.00,0.00,0
21438,1,-5.09,0.06,0.00,0.00,0.00,0.0000,0.0000,-4.24,-0.71,0.05,-0.02,0.411,-0.231,2.663,1.700,0.00,0.00,0
21458,1,-5.09,0.08,0.00,0.00,0.00,0.0000,0.0000,-4.24,-0.71,0.05,-0.02,0.411,-0.231,2.664,1.700,0.00,0.00,0
21478,1,-5.08,0.10,0.00,0.00,0.00,0.0000,0.0000,-4.24,-0.71,0.05,-0.02,0.411,-0.231,2.665,1.701,0.00,0.00,0
21498,1,-5.08,0.12,0.00,0.00,0.00,0.0000,0.0000,-4.24,-0.71,0.05,-0.02,0.411,-0.231,2.665,1.702,0.00,0.00,0
21517,1,-5.08,0.13,0.00,0.00,0.00,0.0000,0.0000,-4.24,-0.71,0.05,-0.02,0.411,-0.231,2.666,1.702,0.00,0.00,0
21538,1,-5.08,0.13,0.00,0.00,0.00,0.0000,0.0000,-4.24,-0.71,0.05,-0.02,0.411,-0.231,2.667,1.703,0.00,0.00,0
21558,1,-5.08,0.14,0.00,0.00,0.00,0.0000,0.0000,-4.24,-0.71,0.05,-0.06,0.411,-0.231,2.668,1.704,0.00,0.00,0
21578,1,-5.08,0.13,0.00,0.00,0.00,0.0000,0.0000,-4.24,-0.71,-0.01,-0.06,0.411,-0.231,2.668,1.704,0.00,0.00,0
21598,1,-5.08,0.13,0.00,0.00,0.00,0.0000,0.0000,-4.24,-0.71,-0.01,0.03,0.411,-0.231,2.669,1.705,0.00,0.00,0
21618,1,-5.08,0.13,0.00,0.00,0.00,0.0000,0.0000,-4.24,-0.71,-0.01,0.03,0.411,-0.231,2.670,1.706,0.00,0.00,0
21637,1,-5.07,0.13,0.00,0.00,0.00,0.0000,0.0000,-4.24,-0.71,-0.01,0.03,0.411,-0.231,2.670,1.707,0.00,0.00,0
21658,1,-5.07,0.13,0.00,0.00,0.00,0.0000,0.0000,-4.24,-0.71,-0.01,0.03,0.411,-0.231,2.671,1.707,0.00,0.00,0
21678,1,-5.08,0.11,0.00,0.00,0.00,0.0000,0.0000,-4.24,-0.71,-0.01,0.03,0.411,-0.231,2.672,1.708,0.00,0.00,0
21698,1,-5.08,0.09,0.00,0.00,0.00,0.0000,0.0000,-4.24,-0.71,-0.01,0.03,0.411,-0.231,2.672,1.709,0.00,0.00,0
21718,1,-5.08,0.08,0.00,0.00,0.00,0.0000,0.0000,-4.24,-0.71,-0.01,-0.02,0.411,-0.231,2.673,1.709,0.00,0.00,0
21738,1,-5.08,0.11,0.00,0.00,0.00,0.0000,0.0000,-4.24,-0.71,0.00,-0.02,0.411,-0.231,2.674,1.710,0.00,0.00,0
21758,1,-5.08,0.10,0.00,0.00,0.00,0.0000,0.0000,-4.24,-0.71,0.00,-0.02,0.411,-0.231,2.675,1.711,0.00,0.00,0
21777,1,-5.08,0.08,0.00,0.00,0.00,0.0000,0.0000,-4.24,-0.71,0.00,-0.02,0.411,-0.231,2.675,1.711,0.00,0.00,0
21798,1,-5.08,0.09,0.00,0.00,0.00,0.0000,0.0000,-4.24,-0.71,0.00,-0.02,0.411,-0.231,2.676,1.712,0.00,0.00,0
21818,1,-5.08,0.08,0.00,0.00,0.00,0.0000,0.0000,-4.24,-0.71,0.00,-0.02,0.411,-0.231,2.677,1.713,0.00,0.00,0
21838,1,-5.08,0.08,0.00,0.00,0.00,0.0000,0.0000,-4.24,-0.71,0.00,-0.02,0.411,-0.231,2.677,1.714,0.00,0.00,0
21858,1,-5.08,0.07,0.00,0.00,0.00,0.0000,0.0000,-4.24,-0.71,0.04,0.01,0.411,-0.231,2.678,1.714,0.00,0.00,0
21878,1,-5.08,0.07,0.00,0.00,0.00,0.0000,0.0000,-4.24,-0.71,0.04,-0.03,0.411,-0.231,2.679,1.715,0.00,0.00,0
21897,1,-5.08,0.08,0.00,0.00,0.00,0.0000,0.0000,-4.24,-0.71,-0.02,-0.03,0.411,-0.231,2.679,1.716,0.00,0.00,0
21918,1,-5.08,0.10,0.00,0.00,0.00,0.0000,0.0000,-4.24,-0.71,-0.02,-0.03,0.411,-0.231,2.680,1.716,0.00,0.00,0
21938,1,-5.08,0.08,0.00,0.00,0.00,0.0000,0.0000,-4.24,-0.71,-0.02,-0.03,0.411,-0.231,2.681,1.717,0.00,0.00,0
21958,1,-5.08,0.09,0.00,0.00,0.00,0.0000,0.0000,-4.24,-0.71,-0.02,-0.03,0.411,-0.231,2.682,1.718,0.00,0.00,0
21978,1,-5.08,0.09,0.00,0.00,0.00,0.0000,0.0000,-4.24,-0.71,-0.02,-0.03,0.411,-0.231,2.682,1.718,0.00,0.00,0
21998,1,-5.08,0.13,0.00,0.00,0.00,0.0000,0.0000,-4.24,-0.71,-0.02,-0.03,0.411,-0.231,2.683,1.719,0.00,0.00,0
22017,1,-5.08,0.14,0.00,0.00,0.00,0.0000,0.0000,-4.24,-0.71,-0.02,-0.03,0.411,-0.231,2.684,1.720,0.00,0.00,0
22038,1,-5.08,0.13,0.00,0.00,0.00,0.0000,0.0000,-4.24,-0.71,-0.02,-0.02,0.411,-0.231,2.684,1.721,0.00,0.00,0
22058,1,-5.08,0.11,0.00,0.00,0.00,0.0000,0.0000,-4.24,-0.71,0.00,-0.02,0.411,-0.231,2.685,1.721,0.00,0.00,0
22078,1,-5.08,0.11,0.00,0.00,0.00,0.0000,0.0000,-4.24,-0.71,0.00,-0.02,0.411,-0.231,2.686,1.722,0.00,0.00,0
22098,1,-5.08,0.10,0.00,0.00,0.00,0.0000,0.0000,-4.24,-0.71,0.00,-0.02,0.411,-0.231,2.686,1.723,0.00,0.00,0
22118,1,-5.08,0.11,0.00,0.00,0.00,0.0000,0.0000,-4.24,-0.71,0.06,0.00,0.411,-0.231,2.687,1.723,0.00,0.00,0
22138,1,-5.08,0.11,0.00,0.00,0.00,0.0000,0.0000,-4.24,-0.71,0.06,0.00,0.411,-0.231,2.688,1.724,0.00,0.00,0
22157,1,-5.08,0.09,0.00,0.00,0.00,0.0000,0.0000,-4.24,-0.71,0.06,0.00,0.411,-0.231,2.689,1.725,0.00,0.00,0
22178,1,-5.08,0.08,0.00,0.00,0.00,0.0000,0.0000,-4.24,-0.71,0.06,0.00,0.411,-0.231,2.689,1.725,0.00,0.00,0
22198,1,-5.09,0.06,0.00,0.00,0.00,0.0000,0.0000,-4.24,-0.71,0.06,0.04,0.411,-0.231,2.690,1.726,0.00,0.00,0
22218,1,-5.09,0.07,0.00,0.00,0.00,0.0000,0.0000,-4.24,-0.71,0.02,0.04,0.411,-0.231,2.691,1.727,0.00,0.00,0
22238,1,-5.09,0.07,0.00,0.00,0.00,0.0000,0.0000,-4.24,-0.71,0.02,0.04,0.411,-0.231,2.691,1.728,0.00,0.00,0
22258,1,-5.09,0.07,0.00,0.00,0.00,0.0000,0.0000,-4.24,-0.71,0.02,0.04,0.411,-0.231,2.692,1.728,0.00,0.00,0
22277,1,-5.09,0.06,0.00,0.00,0.00,0.0000,0.0000,-4.24,-0.71,0.02,0.04,0.411,-0.231,2.693,1.729,0.00,0.00,0
22298,1,-5.09,0.07,0.00,0.00,0.00,0.0000,0.0000,-4.24,-0.71,0.02,0.04,0.411,-0.231,2.693,1.729,0.00,0.00,0
22318,1,-5.09,0.08,0.00,0.00,0.00,0.0000,0.0000,-4.24,-0.71,0.02,0.04,0.411,-0.231,2.694,1.729,0.00,0.00,0
22338,1,-5.09,0.10,0.00,0.00,0.00,0.0000,0.0000,-4.24,-0.71,0.02,0.04,0.411,-0.231,2.695,1.729,0.00,0.00,0
22358,1,-5.09,0.11,0.00,0.00,0.00,0.0000,0.0000,-4.24,-0.71,0.02,-0.00,0.411,-0.231,2.696,1.729,0.00,0.00,0
22378,1,-5.09,0.10,0.00,0.00,0.00,0.0000,0.0000,-4.24,-0.71,0.01,0.01,0.411,-0.231,2.696,1.729,0.00,0.00,0
22398,1,-5.09,0.11,0.00,0.00,0.00,0.0000,0.0000,-4.24,-0.71,0.01,0.01,0.411,-0.231,2.697,1.729,0.00,0.00,0
22417,1,-5.09,0.09,0.00,0.00,0.00,0.0000,0.0000,-4.24,-0.71,0.01,0.01,0.411,-0.231,2.698,1.729,0.00,0.00,0
22438,1,-5.09,0.06,0.00,0.00,0.00,0.0000,0.0000,-4.24,-0.71,0.01,0.01,0.411,-0.231,2.698,1.729,0.00,0.00,0
22458,1,-5.09,0.08,0.00,0.00,0.00,0.0000,0.0000,-4.24,-0.71,0.01,0.01,0.411,-0.231,2.699,1.729,0.00,0.00,0
22478,1,-5.09,0.10,0.00,0.00,0.00,0.0000,0.0000,-4.24,-0.71,0.01,0.01,0.411,-0.231,2.700,1.729,0.00,0.00,0
22498,1,-5.09,0.10,0.00,0.00,0.00,0.0000,0.0000,-4.24,-0.71,0.01,0.01,0.411,-0.231,2.700,1.729,0.00,0.00,0
22518,1,-5.09,0.10,0.00,0.00,0.00,0.0000,0.0000,-4.24,-0.71,0.01,-0.02,0.411,-0.231,2.701,1.729,0.00,0.00,0
22537,1,-5.09,0.12,0.00,0.00,0.00,0.0000,0.0000,-4.24,-0.71,0.03,-0.02,0.411,-0.231,2.702,1.729,0.00,0.00,0
22558,1,-5.09,0.10,0.00,0.00,0.00,0.0000,0.0000,-4.24,-0.71,0.03,-0.02,0.411,-0.231,2.703,1.729,0.00,0.00,0
22578,1,-5.09,0.07,0.00,0.00,0.00,0.0000,0.0000,-4.24,-0.71,0.03,-0.02,0.411,-0.231,2.703,1.729,0.00,0.00,0
22598,1,-5.09,0.06,0.00,0.00,0.00,0.0000,0.0000,-4.24,-0.71,0.03,-0.02,0.411,-0.231,2.704,1.729,0.00,0.00,0
22618,1,-5.09,0.10,0.00,0.00,0.00,0.0000,0.0000,-4.24,-0.71,0.03,-0.02,0.411,-0.231,2.705,1.729,0.00,0.00,0
22638,1,-5.09,0.12,0.00,0.00,0.00,0.0000,0.0000,-4.24,-0.71,0.00,0.00,0.411,-0.231,2.705,1.729,0.00,0.00,0
22657,1,-5.09,0.12,0.00,0.00,0.00,0.0000,0.0000,-4.24,-0.71,0.00,0.00,0.411,-0.231,2.706,1.729,0.00,0.00,0
22678,1,-5.09,0.12,0.00,0.00,0.00,0.0000,0.0000,-4.24,-0.71,0.00,-0.04,0.411,-0.231,2.707,1.729,0.00,0.00,0
22698,1,-5.09,0.09,0.00,0.00,0.00,0.0000,0.0000,-4.24,-0.71,-0.04,-0.04,0.411,-0.231,2.707,1.729,0.00,0.00,0
22718,1,-5.09,0.08,0.00,0.00,0.00,0.0000,0.0000,-4.24,-0.71,-0.04,-0.04,0.411,-0.231,2.708,1.729,0.00,0.00,0
22738,1,-5.09,0.10,0.00,0.00,0.00,0.0000,0.0000,-4.24,-0.71,-0.04,-0.04,0.411,-0.231,2.709,1.729,0.00,0.00,0
22758,1,-5.09,0.08,0.00,0.00,0.00,0.0000,0.0000,-4.24,-0.71,-0.04,-0.04,0.411,-0.231,2.710,1.729,0.00,0.00,0
22778,1,-5.09,0.09,0.00,0.00,0.00,0.0000,0.0000,-4.24,-0.71,-0.04,-0.04,0.411,-0.231,2.710,1.729,0.00,0.00,0
22797,1,-5.09,0.09,0.00,0.00,0.00,0.0000,0.0000,-4.24,-0.71,-0.04,-0.04,0.411,-0.231,2.710,1.729,0.00,0.00,0
22818,1,-5.09,0.09,0.00,0.00,0.00,0.0000,0.0000,-4.24,-0.71,-0.04,-0.04,0.411,-0.231,2.710,1.729,0.00,0.00,0
22838,1,-5.09,0.09,0.00,0.00,0.00,0.0000,0.0000,-4.24,-0.71,-0.04,0.06,0.411,-0.231,2.710,1.729,0.00,0.00,0
22858,1,-5.09,0.10,0.00,0.00,0.00,0.0000,0.0000,-4.24,-0.71,-0.00,0.06,0.411,-0.231,2.710,1.729,0.00,0.00,0
22878,1,-5.09,0.08,0.00,0.00,0.00,0.0000,0.0000,-4.24,-0.71,-0.00,0.06,0.411,-0.231,2.710,1.729,0.00,0.00,0
22898,1,-5.09,0.09,0.00,0.00,0.00,0.0000,0.0000,-4.24,-0.71,0.08,0.01,0.411,-0.231,2.710,1.729,0.00,0.00,0
22917,1,-5.09,0.08,0.00,0.00,0.00,0.0000,0.0000,-4.24,-0.71,0.08,0.01,0.411,-0.231,2.710,1.729,0.00,0.00,0
22938,1,-5.09,0.09,0.00,0.00,0.00,0.0000,0.0000,-4.24,-0.71,0.08,0.01,0.411,-0.231,2.710,1.729,0.00,0.00,0
22958,1,-5.09,0.10,0.00,0.00,0.00,0.0000,0.0000,-4.24,-0.71,0.08,0.01,0.411,-0.231,2.710,1.729,0.00,0.00,0
22978,1,-5.09,0.09,0.00,0.00,0.00,0.0000,0.0000,-4.24,-0.71,0.08,0.01,0.411,-0.231,2.710,1.729,0.00,0.00,0
22998,1,-5.09,0.07,0.00,0.00,0.00,0.0000,0.0000,-4.24,-0.71,0.08,0.03,0.411,-0.231,2.710,1.729,0.00,0.00,0
23018,1,-5.09,0.08,0.00,0.00,0.00,0.0000,0.0000,-4.24,-0.71,0.03,0.03,0.411,-0.231,2.710,1.729,0.00,0.00,0
23038,1,-5.09,0.07,0.00,0.00,0.00,0.0000,0.0000,-4.24,-0.71,0.03,0.03,0.411,-0.231,2.710,1.729,0.00,0.00,0
23057,1,-5.09,0.08,0.00,0.00,0.00,0.0000,0.0000,-4.24,-0.71,0.03,0.03,0.411,-0.231,2.710,1.729,0.00,0.00,0
23078,1,-5.09,0.08,0.00,0.00,0.00,0.0000,0.0000,-4.24,-0.71,0.03,0.03,0.411,-0.231,2.710,1.729,0.00,0.00,0
23098,1,-5.09,0.08,0.00,0.00,0.00,0.0000,0.0000,-4.24,-0.71,0.03,0.03,0.411,-0.231,2.710,1.729,0.00,0.00,0
23118,1,-5.09,0.08,0.00,0.00,0.00,0.0000,0.0000,-4.24,-0.71,0.03,0.03,0.411,-0.231,2.710,1.729,0.00,0.00,0
23138,1,-5.09,0.09,0.00,0.00,0.00,0.0000,0.0000,-4.24,-0.71,0.03,0.03,0.411,-0.231,2.710,1.729,0.00,0.00,0
23158,1,-5.09,0.11,0.00,0.00,0.00,0.0000,0.0000,-4.24,-0.71,-0.01,-0.00,0.411,-0.231,2.710,1.729,0.00,0.00,0
23178,1,-5.09,0.10,0.00,0.00,0.00,0.0000,0.0000,-4.24,-0.71,-0.06,-0.00,0.411,-0.231,2.710,1.729,0.00,0.00,0
23198,1,-5.09,0.08,0.00,0.00,0.00,0.0000,0.0000,-4.24,-0.71,-0.06,-0.00,0.411,-0.231,2.710,1.729,0.00,0.00,0
23218,1,-5.09,0.08,0.00,0.00,0.00,0.0000,0.0000,-4.24,-0.71,-0.06,-0.00,0.411,-0.231,2.710,1.729,0.00,0.00,0
23238,1,-5.09,0.07,0.00,0.00,0.00,0.0000,0.0000,-4.24,-0.71,-0.06,-0.00,0.411,-0.231,2.710,1.729,0.00,0.00,0
23258,1,-5.09,0.08,0.00,0.00,0.00,0.0000,0.0000,-4.24,-0.71,-0.06,-0.00,0.411,-0.231,2.710,1.729,0.00,0.00,0
23278,1,-5.09,0.10,0.00,0.00,0.00,0.0000,0.0000,-4.24,-0.71,-0.06,-0.00,0.411,-0.231,2.710,1.729,0.00,0.00,0
23297,1,-5.09,0.10,0.00,0.00,0.00,0.0000,0.0000,-4.24,-0.71,-0.06,-0.00,0.411,-0.231,2.710,1.729,0.00,0.00,0
23318,1,-5.09,0.10,0.00,0.00,0.00,0.0000,0.0000,-4.24,-0.71,-0.06,0.03,0.411,-0.231,2.710,1.729,0.00,0.00,0
23338,1,-5.09,0.10,0.00,0.00,0.00,0.0000,0.0000,-4.24,-0.71,0.03,0.03,0.411,-0.231,2.710,1.729,0.00,0.00,0
23358,1,-5.10,0.09,0.00,0.00,0.00,0.0000,0.0000,-4.24,-0.71,0.03,0.03,0.411,-0.231,2.710,1.729,0.00,0.00,0
23378,1,-5.09,0.12,0.00,0.00,0.00,0.0000,0.0000,-4.24,-0.71,0.03,0.03,0.411,-0.231,2.710,1.729,0.00,0.00,0
23398,1,-5.09,0.11,0.00,0.00,0.00,0.0000,0.0000,-4.24,-0.71,0.03,0.03,0.411,-0.231,2.710,1.729,0.00,0.00,0
23418,1,-5.10,0.07,0.00,0.00,0.00,0.0000,0.0000,-4.24,-0.71,0.02,-0.02,0.411,-0.231,2.710,1.729,0.00,0.00,0
23437,1,-5.09,0.09,0.00,0.00,0.00,0.0000,0.0000,-4.24,-0.71,0.02,-0.02,0.411,-0.231,2.710,1.729,0.00,0.00,0
23458,1,-5.09,0.09,0.00,0.00,0.00,0.0000,0.0000,-4.24,-0.71,0.02,-0.02,0.411,-0.231,2.710,1.729,0.00,0.00,0
23478,1,-5.09,0.09,0.00,0.00,0.00,0.0000,0.0000,-4.24,-0.71,0.02,0.01,0.411,-0.231,2.710,1.729,0.00,0.00,0
23498,1,-5.10,0.07,0.00,0.00,0.00,0.0000,0.0000,-4.24,-0.71,-0.01,0.01,0.411,-0.231,2.710,1.729,0.00,0.00,0
23518,1,-5.10,0.09,0.00,0.00,0.00,0.0000,0.0000,-4.24,-0.71,-0.01,0.01,0.411,-0.231,2.710,1.729,0.00,0.00,0
23538,1,-5.10,0.09,0.00,0.00,0.00,0.0000,0.0000,-4.24,-0.71,-0.01,0.01,0.411,-0.231,2.710,1.729,0.00,0.00,0
23557,1,-5.10,0.08,0.00,0.00,0.00,0.0000,0.0000,-4.24,-0.71,-0.01,0.01,0.411,-0.231,2.710,1.729,0.00,0.00,0
23578,1,-5.10,0.07,0.00,0.00,0.00,0.0000,0.0000,-4.24,-0.71,-0.01,0.01,0.411,-0.231,2.710,1.729,0.00,0.00,0
23598,1,-5.10,0.09,0.00,0.00,0.00,0.0000,0.0000,-4.24,-0.71,-0.01,0.01,0.411,-0.231,2.710,1.729,0.00,0.00,0
23618,1,-5.10,0.10,0.00,0.00,0.00,0.0000,0.0000,-4.24,-0.71,-0.01,0.01,0.411,-0.231,2.710,1.729,0.00,0.00,0
23638,1,-5.09,0.13,0.00,0.00,0.00,0.0000,0.0000,-4.24,-0.71,-0.01,0.01,0.411,-0.231,2.710,1.729,0.00,0.00,0
23658,1,-5.09,0.13,0.00,0.00,0.00,0.0000,0.0000,-4.24,-0.71,-0.00,0.01,0.411,-0.231,2.710,1.729,0.00,0.00,0
23678,1,-5.09,0.14,0.00,0.00,0.00,0.0000,0.0000,-4.24,-0.71,-0.03,0.01,0.411,-0.231,2.710,1.729,0.00,0.00,0
23697,1,-5.09,0.12,0.00,0.00,0.00,0.0000,0.0000,-4.24,-0.71,-0.03,0.01,0.411,-0.231,2.710,1.729,0.00,0.00,0
23718,1,-5.09,0.10,0.00,0.00,0.00,0.0000,0.0000,-4.24,-0.71,-0.03,0.01,0.411,-0.231,2.710,1.729,0.00,0.00,0
23738,1,-5.09,0.10,0.00,0.00,0.00,0.0000,0.0000,-4.24,-0.71,-0.03,0.01,0.411,-0.231,2.710,1.729,0.00,0.00,0
23758,1,-5.10,0.09,0.00,0.00,0.00,0.0000,0.0000,-4.24,-0.71,-0.03,0.01,0.411,-0.231,2.710,1.729,0.00,0.00,0
23778,1,-5.10,0.08,0.00,0.00,0.00,0.0000,0.0000,-4.24,-0.71,-0.03,0.01,0.411,-0.231,2.710,1.729,0.00,0.00,0
23798,1,-5.10,0.08,0.00,0.00,0.00,0.0000,0.0000,-4.24,-0.71,-0.03,-0.00,0.411,-0.231,2.710,1.729,0.00,0.00,0
23817,1,-5.09,0.10,0.00,0.00,0.00,0.0000,0.0000,-4.24,-0.71,0.03,-0.00,0.411,-0.231,2.710,1.729,0.00,0.00,0
23838,1,-5.09,0.13,0.00,0.00,0.00,0.0000,0.0000,-4.24,-0.71,0.03,-0.00,0.411,-0.231,2.710,1.729,0.00,0.00,0
23858,1,-5.09,0.10,0.00,0.00,0.00,0.0000,0.0000,-4.24,-0.71,0.03,-0.00,0.411,-0.231,2.710,1.729,0.00,0.00,0
23878,1,-5.09,0.09,0.00,0.00,0.00,0.0000,0.0000,-4.24,-0.71,0.03,-0.00,0.411,-0.231,2.710,1.729,0.00,0.00,0
23898,1,-5.09,0.09,0.00,0.00,0.00,0.0000,0.0000,-4.24,-0.71,0.03,-0.00,0.411,-0.231,2.710,1.729,0.00,0.00,0
23918,1,-5.09,0.09,0.00,0.00,0.00,0.0000,0.0000,-4.24,-0.71,0.03,-0.00,0.411,-0.231,2.710,1.729,0.00,0.00,0
23937,1,-5.09,0.09,0.00,0.00,0.00,0.0000,0.0000,-4.24,-0.71,-0.02,-0.05,0.411,-0.231,2.710,1.729,0.00,0.00,0
23958,1,-5.09,0.08,0.00,0.00,0.00,0.0000,0.0000,-4.24,-0.71,-0.02,0.02,0.411,-0.231,2.710,1.729,0.00,0.00,0
23977,1,-5.09,0.10,0.00,0.00,0.00,0.0000,0.0000,-4.24,-0.71,0.02,0.02,0.411,-0.231,2.710,1.729,0.00,0.00,0
23998,1,-5.09,0.10,0.00,0.00,0.00,0.0000,0.0000,-4.24,-0.71,0.02,0.02,0.411,-0.231,2.710,1.729,0.00,0.00,0
24018,1,-5.09,0.09,0.00,0.00,0.00,0.0000,0.0000,-4.24,-0.71,0.02,0.02,0.411,-0.231,2.710,1.729,0.00,0.00,0
24038,1,-5.09,0.07,0.00,0.00,0.00,0.0000,0.0000,-4.24,-0.71,0.02,0.02,0.411,-0.231,2.710,1.729,0.00,0.00,0
24058,1,-5.09,0.07,0.00,0.00,0.00,0.0000,0.0000,-4.24,-0.71,0.02,0.02,0.411,-0.231,2.710,1.729,0.00,0.00,0
24077,1,-5.09,0.07,0.00,0.00,0.00,0.0000,0.0000,-4.24,-0.71,0.02,0.02,0.411,-0.231,2.710,1.729,0.00,0.00,0
24098,1,-5.09,0.08,0.00,0.00,0.00,0.0000,0.0000,-4.24,-0.71,0.02,0.02,0.411,-0.231,2.710,1.729,0.00,0.00,0
24118,1,-5.09,0.09,0.00,0.00,0.00,0.0000,0.0000,-4.24,-0.71,0.02,-0.01,0.411,-0.231,2.710,1.729,0.00,0.00,0
24138,1,-5.09,0.11,0.00,0.00,0.00,0.0000,0.0000,-4.24,-0.71,0.02,-0.01,0.411,-0.231,2.710,1.729,0.00,0.00,0
24158,1,-5.09,0.08,0.00,0.00,0.00,0.0000,0.0000,-4.24,-0.71,0.02,-0.01,0.411,-0.231,2.710,1.729,0.00,0.00,0
24177,1,-5.10,0.05,0.00,0.00,0.00,0.0000,0.0000,-4.24,-0.71,0.02,-0.01,0.411,-0.231,2.710,1.729,0.00,0.00,0
24198,1,-5.10,0.07,0.00,0.00,0.00,0.0000,0.0000,-4.24,-0.71,-0.01,0.03,0.411,-0.231,2.710,1.729,0.00,0.00,0
24218,1,-5.09,0.08,0.00,0.00,0.00,0.0000,0.0000,-4.24,-0.71,-0.01,0.03,0.411,-0.231,2.710,1.729,0.00,0.00,0
24238,1,-5.09,0.09,0.00,0.00,0.00,0.0000,0.0000,-4.24,-0.71,-0.01,0.03,0.411,-0.231,2.710,1.729,0.00,0.00,0
24258,1,-5.09,0.08,0.00,0.00,0.00,0.0000,0.0000,-4.24,-0.71,-0.01,0.03,0.411,-0.231,2.710,1.729,0.00,0.00,0
24278,1,-5.09,0.08,0.00,0.00,0.00,0.0000,0.0000,-4.24,-0.71,-0.01,-0.02,0.411,-0.231,2.710,1.729,0.00,0.00,0
24298,1,-5.09,0.07,0.00,0.00,0.00,0.0000,0.0000,-4.24,-0.71,-0.01,-0.02,0.411,-0.231,2.710,1.729,0.00,0.00,0
24318,1,-5.09,0.08,0.00,0.00,0.00,0.0000,0.0000,-4.24,-0.71,-0.01,-0.02,0.411,-0.231,2.710,1.729,0.00,0.00,0
24337,1,-5.09,0.07,0.00,0.00,0.00,0.0000,0.0000,-4.24,-0.71,-0.01,-0.02,0.411,-0.231,2.710,1.729,0.00,0.00,0
24358,1,-5.09,0.08,0.00,0.00,0.00,0.0000,0.0000,-4.24,-0.71,-0.01,-0.02,0.411,-0.231,2.710,1.729,0.00,0.00,0
24378,1,-5.09,0.08,0.00,0.00,0.00,0.0000,0.0000,-4.24,-0.71,-0.01,-0.02,0.411,-0.231,2.710,1.729,0.00,0.00,0
24398,1,-5.09,0.09,0.00,0.00,0.00,0.0000,0.0000,-4.24,-0.71,-0.01,-0.02,0.411,-0.231,2.710,1.729,0.00,0.00,0
24418,1,-5.09,0.10,0.00,0.00,0.00,0.0000,0.0000,-4.24,-0.71,-0.01,-0.02,0.411,-0.231,2.710,1.729,0.00,0.00,0
24438,1,-5.09,0.08,0.00,0.00,0.00,0.0000,0.0000,-4.24,-0.71,-0.01,-0.01,0.411,-0.231,2.710,1.729,0.00,0.00,0
24457,1,-5.09,0.10,0.00,0.00,0.00,0.0000,0.0000,-4.24,-0.71,0.02,0.00,0.411,-0.231,2.710,1.729,0.00,0.00,0
24478,1,-5.09,0.09,0.00,0.00,0.00,0.0000,0.0000,-4.24,-0.71,0.02,0.00,0.411,-0.231,2.710,1.729,0.00,0.00,0
24498,1,-5.09,0.10,0.00,0.00,0.00,0.0000,0.0000,-4.24,-0.71,0.02,0.00,0.411,-0.231,2.710,1.729,0.00,0.00,0
24518,1,-5.09,0.09,0.00,0.00,0.00,0.0000,0.0000,-4.24,-0.71,0.02,0.00,0.411,-0.231,2.710,1.729,0.00,0.00,0
24538,1,-5.09,0.09,0.00,0.00,0.00,0.0000,0.0000,-4.24,-0.71,0.02,0.00,0.411,-0.231,2.710,1.729,0.00,0.00,0
24558,1,-5.09,0.07,0.00,0.00,0.00,0.0000,0.0000,-4.24,-0.71,0.02,0.00,0.411,-0.231,2.710,1.729,0.00,0.00,0
24577,1,-5.09,0.08,0.00,0.00,0.00,0.0000,0.0000,-4.24,-0.71,0.02,0.00,0.411,-0.231,2.710,1.729,0.00,0.00,0
24598,1,-5.09,0.06,0.00,0.00,0.00,0.0000,0.0000,-4.24,-0.71,0.02,0.00,0.411,-0.231,2.710,1.729,0.00,0.00,0
24618,1,-5.09,0.06,0.00,0.00,0.00,0.0000,0.0000,-4.24,-0.71,0.05,0.00,0.411,-0.231,2.710,1.729,0.00,0.00,0
24638,1,-5.09,0.08,0.00,0.00,0.00,0.0000,0.0000,-4.24,-0.71,0.05,0.00,0.411,-0.231,2.710,1.729,0.00,0.00,0
24658,1,-5.09,0.09,0.00,0.00,0.00,0.0000,0.0000,-4.24,-0.71,0.05,0.00,0.411,-0.231,2.710,1.729,0.00,0.00,0
24678,1,-5.09,0.08,0.00,0.00,0.00,0.0000,0.0000,-4.24,-0.71,0.05,0.00,0.411,-0.231,2.710,1.729,0.00,0.00,0
24698,1,-5.09,0.09,0.00,0.00,0.00,0.0000,0.0000,-4.24,-0.71,0.05,0.00,0.411,-0.231,2.710,1.729,0.00,0.00,0
24717,1,-5.09,0.12,0.00,0.00,0.00,0.0000,0.0000,-4.24,-0.71,0.06,-0.00,0.411,-0.231,2.710,1.729,0.00,0.00,0
24738,1,-5.09,0.11,0.00,0.00,0.00,0.0000,0.0000,-4.24,-0.71,0.06,-0.00,0.411,-0.231,2.710,1.729,0.00,0.00,0
24758,1,-5.09,0.10,0.00,0.00,0.00,0.0000,0.0000,-4.24,-0.71,0.06,-0.02,0.411,-0.231,2.710,1.729,0.00,0.00,0
24778,1,-5.09,0.11,0.00,0.00,0.00,0.0000,0.0000,-4.24,-0.71,-0.00,-0.02,0.411,-0.231,2.710,1.729,0.00,0.00,0
24798,1,-5.09,0.11,0.00,0.00,0.00,0.0000,0.0000,-4.24,-0.71,-0.00,-0.02,0.411,-0.231,2.710,1.729,0.00,0.00,0
24818,1,-5.08,0.12,0.00,0.00,0.00,0.0000,0.0000,-4.24,-0.71,-0.00,-0.02,0.411,-0.231,2.710,1.729,0.00,0.00,0
24837,1,-5.08,0.13,0.00,0.00,0.00,0.0000,0.0000,-4.24,-0.71,-0.00,-0.02,0.411,-0.231,2.710,1.729,0.00,0.00,0
24858,1,-5.08,0.12,0.00,0.00,0.00,0.0000,0.0000,-4.24,-0.71,-0.00,-0.02,0.411,-0.231,2.710,1.729,0.00,0.00,0
24878,1,-5.08,0.12,0.00,0.00,0.00,0.0000,0.0000,-4.24,-0.71,-0.00,-0.02,0.411,-0.231,2.710,1.729,0.00,0.00,0
24898,1,-5.08,0.12,0.00,0.00,0.00,0.0000,0.0000,-4.24,-0.71,-0.00,-0.02,0.411,-0.231,2.710,1.729,0.00,0.00,0
24918,1,-5.08,0.13,0.00,0.00,0.00,0.0000,0.0000,-4.24,-0.71,-0.00,-0.04,0.411,-0.231,2.710,1.729,0.00,0.00,0
24938,1,-5.08,0.11,0.00,0.00,0.00,0.0000,0.0000,-4.24,-0.71,-0.02,-0.04,0.411,-0.231,2.710,1.729,0.00,0.00,0
24958,1,-5.08,0.12,0.00,0.00,0.00,0.0000,0.0000,-4.24,-0.71,-0.02,-0.04,0.411,-0.231,2.710,1.729,0.00,0.00,0
24977,1,-5.08,0.10,0.00,0.00,0.00,0.0000,0.0000,-4.24,-0.71,0.03,-0.00,0.411,-0.231,2.710,1.729,0.00,0.00,0
24998,1,-5.08,0.10,0.00,0.00,0.00,0.0000,0.0000,-4.24,-0.71,0.03,-0.00,0.411,-0.231,2.710,1.729,0.00,0.00,0
25018,1,-5.08,0.12,0.00,0.00,0.00,0.0000,0.0000,-4.24,-0.71,0.03,-0.00,0.411,-0.231,2.710,1.729,0.00,0.00,0
25038,1,-5.08,0.09,0.00,0.00,0.00,0.0000,0.0000,-4.24,-0.71,0.03,-0.00,0.411,-0.231,2.710,1.729,0.00,0.00,0
25058,1,-5.08,0.09,0.00,0.00,0.00,0.0000,0.0000,-4.24,-0.71,0.03,-0.00,0.411,-0.231,2.710,1.729,0.00,0.00,0
25078,1,-5.08,0.09,0.00,0.00,0.00,0.0000,0.0000,-4.24,-0.71,0.03,-0.02,0.411,-0.231,2.710,1.729,0.00,0.00,0
25098,1,-5.08,0.10,0.00,0.00,0.00,0.0000,0.0000,-4.24,-0.71,-0.02,-0.02,0.411,-0.231,2.710,1.729,0.00,0.00,0
25118,1,-5.08,0.10,0.00,0.00,0.00,0.0000,0.0000,-4.24,-0.71,-0.02,-0.02,0.411,-0.231,2.710,1.729,0.00,0.00,0
25138,1,-5.08,0.11,0.00,0.00,0.00,0.0000,0.0000,-4.24,-0.71,-0.02,-0.02,0.411,-0.231,2.710,1.729,0.00,0.00,0
25158,1,-5.08,0.12,0.00,0.00,0.00,0.0000,0.0000,-4.24,-0.71,-0.02,-0.02,0.411,-0.231,2.710,1.729,0.00,0.00,0
25178,1,-5.08,0.11,0.00,0.00,0.00,0.0000,0.0000,-4.24,-0.71,-0.02,-0.02,0.411,-0.231,2.710,1.729,0.00,0.00,0
25199,1,-5.08,0.10,0.00,0.00,0.00,0.0000,0.0000,-4.24,-0.71,-0.02,-0.02,0.411,-0.231,2.710,1.729,0.00,0.00,0
25216,1,-5.08,0.11,0.00,0.00,0.00,0.0000,0.0000,-4.24,-0.71,-0.02,-0.02,0.411,-0.231,2.710,1.729,0.00,0.00,0
25239,1,-5.08,0.10,0.00,0.00,0.00,0.0000,0.0000,-4.24,-0.71,-0.02,-0.02,0.411,-0.231,2.710,1.729,0.00,0.00,0
25257,1,-5.08,0.11,0.00,0.00,0.00,0.0000,0.0000,-4.24,-0.71,-0.03,-0.02,0.411,-0.231,2.710,1.729,0.00,0.00,0
25278,1,-5.08,0.11,0.00,0.00,0.00,0.0000,0.0000,-4.24,-0.71,-0.03,-0.02,0.411,-0.231,2.710,1.729,0.00,0.00,0
25298,1,-5.08,0.11,0.00,0.00,0.00,0.0000,0.0000,-4.24,-0.71,-0.03,-0.02,0.411,-0.231,2.710,1.729,0.00,0.00,0
25318,1,-5.08,0.10,0.00,0.00,0.00,0.0000,0.0000,-4.24,-0.71,-0.03,-0.02,0.411,-0.231,2.710,1.729,0.00,0.00,0
25338,1,-5.08,0.09,0.00,0.00,0.00,0.0000,0.0000,-4.24,-0.71,-0.03,-0.02,0.411,-0.231,2.710,1.729,0.00,0.00,0
25357,1,-5.08,0.08,0.00,0.00,0.00,0.0000,0.0000,-4.24,-0.71,-0.03,-0.02,0.411,-0.231,2.710,1.729,0.00,0.00,0
25378,1,-5.08,0.08,0.00,0.00,0.00,0.0000,0.0000,-4.24,-0.71,-0.03,-0.02,0.411,-0.231,2.710,1.729,0.00,0.00,0
25399,1,-5.08,0.07,0.00,0.00,0.00,0.0000,0.0000,-4.24,-0.71,-0.03,-0.01,0.411,-0.231,2.710,1.729,0.00,0.00,0
25417,1,-5.08,0.07,0.00,0.00,0.00,0.0000,0.0000,-4.24,-0.71,0.02,-0.01,0.411,-0.231,2.710,1.729,0.00,0.00,0
25438,1,-5.08,0.07,0.00,0.00,0.00,0.0000,0.0000,-4.24,-0.71,0.02,-0.01,0.411,-0.231,2.710,1.729,0.00,0.00,0
25458,1,-5.08,0.07,0.00,0.00,0.00,0.0000,0.0000,-4.24,-0.71,0.02,-0.01,0.411,-0.231,2.710,1.729,0.00,0.00,0
25477,1,-5.08,0.06,0.00,0.00,0.00,0.0000,0.0000,-4.24,-0.71,0.02,-0.01,0.411,-0.231,2.710,1.729,0.00,0.00,0
25499,1,-5.09,0.05,0.00,0.00,0.00,0.0000,0.0000,-4.24,-0.71,0.03,-0.03,0.411,-0.231,2.710,1.729,0.00,0.00,0
25517,1,-5.08,0.07,0.00,0.00,0.00,0.0000,0.0000,-4.24,-0.71,0.03,-0.03,0.411,-0.231,2.710,1.729,0.00,0.00,0
25538,1,-5.08,0.08,0.00,0.00,0.00,0.0000,0.0000,-4.24,-0.71,0.03,-0.03,0.411,-0.231,2.710,1.729,0.00,0.00,0
25558,1,-5.08,0.10,0.00,0.00,0.00,0.0000,0.0000,-4.24,-0.71,0.03,-0.04,0.411,-0.231,2.710,1.729,0.00,0.00,0
25578,1,-5.08,0.11,0.00,0.00,0.00,0.0000,0.0000,-4.24,-0.71,0.01,-0.04,0.411,-0.231,2.710,1.729,0.00,0.00,0
25598,1,-5.08,0.08,0.00,0.00,0.00,0.0000,0.0000,-4.24,-0.71,0.01,-0.04,0.411,-0.231,2.710,1.729,0.00,0.00,0
25617,1,-5.08,0.08,0.00,0.00,0.00,0.0000,0.0000,-4.24,-0.71,0.01,-0.04,0.411,-0.231,2.710,1.729,0.00,0.00,0
25638,1,-5.08,0.07,0.00,0.00,0.00,0.0000,0.0000,-4.24,-0.71,0.01,-0.04,0.411,-0.231,2.710,1.729,0.00,0.00,0
25658,1,-5.08,0.10,0.00,0.00,0.00,0.0000,0.0000,-4.24,-0.71,0.01,-0.04,0.411,-0.231,2.710,1.729,0.00,0.00,0
25678,1,-5.08,0.10,0.00,0.00,0.00,0.0000,0.0000,-4.24,-0.71,0.01,-0.04,0.411,-0.231,2.710,1.729,0.00,0.00,0
25698,1,-5.09,0.09,0.00,0.00,0.00,0.0000,0.0000,-4.24,-0.71,0.01,-0.04,0.411,-0.231,2.710,1.729,0.00,0.00,0
25718,1,-5.09,0.11,0.00,0.00,0.00,0.0000,0.0000,-4.24,-0.71,0.01,0.05,0.411,-0.231,2.710,1.729,0.00,0.00,0
25737,1,-5.09,0.10,0.00,0.00,0.00,0.0000,0.0000,-4.24,-0.71,-0.02,0.05,0.411,-0.231,2.710,1.729,0.00,0.00,0
25758,1,-5.09,0.10,0.00,0.00,0.00,0.0000,0.0000,-4.24,-0.71,0.01,-0.03,0.411,-0.231,2.710,1.729,0.00,0.00,0
25778,1,-5.09,0.10,0.00,0.00,0.00,0.0000,0.0000,-4.24,-0.71,0.01,-0.03,0.411,-0.231,2.710,1.729,0.00,0.00,0
25798,1,-5.09,0.11,0.00,0.00,0.00,0.0000,0.0000,-4.24,-0.71,0.01,-0.03,0.411,-0.231,2.710,1.729,0.00,0.00,0
25819,1,-5.08,0.11,0.00,0.00,0.00,0.0000,0.0000,-4.24,-0.71,0.01,-0.03,0.411,-0.231,2.710,1.729,0.00,0.00,0
25837,1,-5.09,0.10,0.00,0.00,0.00,0.0000,0.0000,-4.24,-0.71,0.01,-0.03,0.411,-0.231,2.710,1.729,0.00,0.00,0
25857,1,-5.09,0.12,0.00,0.00,0.00,0.0000,0.0000,-4.24,-0.71,0.01,-0.03,0.411,-0.231,2.710,1.729,0.00,0.00,0
25878,1,-5.08,0.12,0.00,0.00,0.00,0.0000,0.0000,-4.24,-0.71,0.01,-0.02,0.411,-0.231,2.710,1.729,0.00,0.00,0
25898,1,-5.08,0.11,0.00,0.00,0.00,0.0000,0.0000,-4.24,-0.71,0.03,-0.02,0.411,-0.231,2.710,1.729,0.00,0.00,0
25919,1,-5.08,0.12,0.00,0.00,0.00,0.0000,0.0000,-4.24,-0.71,0.03,-0.02,0.411,-0.231,2.710,1.729,0.00,0.00,0
25937,1,-5.08,0.12,0.00,0.00,0.00,0.0000,0.0000,-4.24,-0.71,0.03,-0.02,0.411,-0.231,2.710,1.729,0.00,0.00,0
25958,1,-5.08,0.11,0.00,0.00,0.00,0.0000,0.0000,-4.24,-0.71,0.03,-0.02,0.411,-0.231,2.710,1.729,0.00,0.00,0
25978,1,-5.08,0.10,0.00,0.00,0.00,0.0000,0.0000,-4.24,-0.71,0.03,-0.02,0.411,-0.231,2.710,1.729,0.00,0.00,0
25997,1,-5.08,0.07,0.00,0.00,0.00,0.0000,0.0000,-4.24,-0.71,0.03,-0.02,0.411,-0.231,2.710,1.729,0.00,0.00,0
26019,1,-5.08,0.08,0.00,0.00,0.00,0.0000,0.0000,-4.24,-0.71,-0.01,-0.01,0.411,-0.231,2.710,1.729,0.00,0.00,0
26037,1,-5.08,0.09,0.00,0.00,0.00,0.0000,0.0000,-4.24,-0.71,-0.01,-0.01,0.411,-0.231,2.710,1.729,0.00,0.00,0
26058,1,-5.08,0.08,0.00,0.00,0.00,0.0000,0.0000,-4.24,-0.71,-0.01,-0.01,0.411,-0.231,2.710,1.729,0.00,0.00,0
26078,1,-5.08,0.11,0.00,0.00,0.00,0.0000,0.0000,-4.24,-0.71,-0.01,-0.01,0.411,-0.231,2.710,1.729,0.00,0.00,0
26098,1,-5.08,0.11,0.00,0.00,0.00,0.0000,0.0000,-4.24,-0.71,-0.01,-0.01,0.411,-0.231,2.710,1.729,0.00,0.00,0
26118,1,-5.08,0.10,0.00,0.00,0.00,0.0000,0.0000,-4.24,-0.71,-0.01,-0.01,0.411,-0.231,2.710,1.729,0.00,0.00,0
26138,1,-5.08,0.11,0.00,0.00,0.00,0.0000,0.0000,-4.24,-0.71,-0.01,-0.01,0.411,-0.231,2.710,1.729,0.00,0.00,0
26158,1,-5.08,0.11,0.00,0.00,0.00,0.0000,0.0000,-4.24,-0.71,-0.01,-0.01,0.411,-0.231,2.710,1.729,0.00,0.00,0
26178,1,-5.08,0.08,0.00,0.00,0.00,0.0000,0.0000,-4.24,-0.71,-0.01,-0.01,0.411,-0.231,2.710,1.729,0.00,0.00,0
26198,1,-5.08,0.10,0.00,0.00,0.00,0.0000,0.0000,-4.24,-0.71,-0.01,0.02,0.411,-0.231,2.710,1.729,0.00,0.00,0
26219,1,-5.08,0.12,0.00,0.00,0.00,0.0000,0.0000,-4.24,-0.71,-0.02,0.02,0.411,-0.231,2.710,1.729,0.00,0.00,0
26237,1,-5.08,0.14,0.00,0.00,0.00,0.0000,0.0000,-4.24,-0.71,-0.02,0.02,0.411,-0.231,2.710,1.729,0.00,0.00,0
26257,1,-5.08,0.13,0.00,0.00,0.00,0.0000,0.0000,-4.24,-0.71,-0.02,0.02,0.411,-0.231,2.710,1.729,0.00,0.00,0
26278,1,-5.08,0.15,0.00,0.00,0.00,0.0000,0.0000,-4.24,-0.71,-0.02,0.03,0.411,-0.231,2.710,1.729,0.00,0.00,0
26298,1,-5.08,0.12,0.00,0.00,0.00,0.0000,0.0000,-4.24,-0.71,-0.02,0.03,0.411,-0.231,2.710,1.729,0.00,0.00,0
26319,1,-5.08,0.09,0.00,0.00,0.00,0.0000,0.0000,-4.24,-0.71,-0.02,0.03,0.411,-0.231,2.710,1.729,0.00,0.00,0
26337,1,-5.08,0.09,0.00,0.00,0.00,0.0000,0.0000,-4.24,-0.71,-0.02,0.03,0.411,-0.231,2.710,1.729,0.00,0.00,0
26358,1,-5.08,0.10,0.00,0.00,0.00,0.0000,0.0000,-4.24,-0.71,-0.02,0.03,0.411,-0.231,2.710,1.729,0.00,0.00,0
26377,1,-5.08,0.08,0.00,0.00,0.00,0.0000,0.0000,-4.24,-0.71,0.01,0.03,0.411,-0.231,2.710,1.729,0.00,0.00,0
26398,1,-5.08,0.06,0.00,0.00,0.00,0.0000,0.0000,-4.24,-0.71,0.01,0.03,0.411,-0.231,2.710,1.729,0.00,0.00,0
26418,1,-5.08,0.07,0.00,0.00,0.00,0.0000,0.0000,-4.24,-0.71,0.01,0.03,0.411,-0.231,2.710,1.729,0.00,0.00,0
26437,1,-5.08,0.08,0.00,0.00,0.00,0.0000,0.0000,-4.24,-0.71,0.01,0.03,0.411,-0.231,2.710,1.729,0.00,0.00,0
26458,1,-5.08,0.07,0.00,0.00,0.00,0.0000,0.0000,-4.24,-0.71,0.01,0.03,0.411,-0.231,2.710,1.729,0.00,0.00,0
26478,1,-5.08,0.08,0.00,0.00,0.00,0.0000,0.0000,-4.24,-0.71,0.01,0.03,0.411,-0.231,2.710,1.729,0.00,0.00,0
26497,1,-5.08,0.09,0.00,0.00,0.00,0.0000,0.0000,-4.24,-0.71,0.01,0.03,0.411,-0.231,2.710,1.729,0.00,0.00,0
26518,1,-5.08,0.09,0.00,0.00,0.00,0.0000,0.0000,-4.24,-0.71,0.01,0.00,0.411,-0.231,2.710,1.729,0.00,0.00,0
26538,1,-5.08,0.11,0.00,0.00,0.00,0.0000,0.0000,-4.24,-0.71,0.03,-0.00,0.411,-0.231,2.710,1.729,0.00,0.00,0
26558,1,-5.08,0.11,0.00,0.00,0.00,0.0000,0.0000,-4.24,-0.71,0.03,-0.00,0.411,-0.231,2.710,1.729,0.00,0.00,0
